arxiv_id,url,textwal_pymupdf,latex,html,xml,vlm_qwen,markdown
0711.3001,http://arxiv.org/abs/0711.3001v1,1,0,0,0,0,0
0711.3001,http://arxiv.org/abs/0711.4065v3,0,0,0,0,0,0
0711.3001,http://www.naic.edu/∼pfreire/GCpsr.html,1,0,0,0,0,0
0711.4065,www.esf.org/euryi.,0,0,0,0,0,0
0806.0851,http://arxiv.org/abs/0806.0851v2,1,0,0,0,0,0
0806.0851,http://brucegary.net/AXA/GJ436/gj436.htm,1,1,0,0,1,1
0806.0851,http://cdsweb.u-strasbg.fr/cgi-bin/qcat?J/A+A/,0,0,0,1,1,1
0806.0851,mailto:bean@astro.physik.uni-goettingen.de,0,0,0,0,0,0
0806.2409,http://arxiv.org/abs/0806.2409v2,1,0,0,0,0,0
0806.2409,http://link.aip.org/link/?APL/22/493/1,1,1,0,1,1,1
0806.2409,http://link.aip.org/link/?APL/60/2204/1,1,1,0,1,0,1
0806.2409,http://link.aps.org/abstract/PRE/v74/e021711,1,1,0,1,1,1
0806.2409,http://link.aps.org/abstract/PRE/v77/e041705,1,1,0,1,1,1
0806.2409,http://link.aps.org/abstract/PRL/v101/e037802,1,1,0,1,1,1
0806.2409,http://link.aps.org/abstract/PRL/v101/e147801,1,1,0,1,1,1
0806.2409,http://link.aps.org/abstract/RMP/v80/p61,1,1,0,1,1,1
0806.2409,http://webusers.physics.uiuc.edu/m-stone5/,0,0,0,1,0,1
0806.2409,https://www.sciencemag.org/cgi/content/abstract/299/5613/1716,0,0,0,0,0,0
0806.2409,mailto:xxing@physics.syr.edu,0,0,1,0,0,0
0806.3260,http://hdl.handle.net/1903/1168,1,1,0,1,1,1
0806.3260,mailto:julien.langou@ucdenver.edu,0,0,0,0,0,0
0806.3260,mailto:yaugen.vecharynski@ucdenver.edu,0,0,0,0,0,0
0904.1205,http://arxiv.org/abs/0904.1205v2,1,0,0,0,0,0
0904.1205,http://blastexperiment.info/,0,1,0,0,1,1
0904.1205,http://www.noao.edu/staff/pope/DATA/SCUBA.html,1,1,0,0,1,1
0904.1388,http://arxiv.org/abs/0904.1388v1,1,0,0,0,0,0
0904.1388,mailto:lnittler@ciw.edu,0,0,0,0,0,0
0904.1388,www.publish.csiro.au/journals/pasa,1,0,0,0,1,0
1010.1154,http://arxiv.org/abs/1008.1993,1,0,0,0,0,0
1010.1154,http://arxiv.org/abs/1010.1154v1,1,0,0,0,0,0
1010.1154,http://arxiv.org/abs/astro-ph/0611014,1,0,0,0,0,1
1010.1154,http://cdsweb.u-strasbg.fr/topbase/op.html,1,1,0,0,1,1
1010.1154,mailto:bmm32@cam.ac.uk,0,0,0,0,0,0
1010.1154,mailto:wynnho@slac.stanford.edu,0,0,0,0,0,0
1010.1422,mailto:bmm32@cam.ac.uk,0,0,0,0,0,0
1010.1422,www.ub.tuwien.ac.at/diss/AC05035480.pdf,0,0,0,1,0,0
1010.2693,http://arxiv.org/abs/1010.2693v1,1,0,0,0,0,0
1010.2693,http://www.slac.stanford.edu/xorg/hfag,1,0,0,0,1,1
1010.2911,http://arxiv.org/abs/1010.2911v2,1,0,0,0,0,0
1010.2911,http://dx.doi.org/10.1007/BF01023476,1,1,1,1,0,1
1010.2911,http://www.papercore.org/Ahrens2010,1,1,1,1,0,1
1010.2911,http://www.thp.uni-duisburg.de/fsscale/,0,1,1,1,0,1
1010.2911,mailto:a.hartmann@uni-oldenburg.de,0,0,1,0,0,0
1010.2911,mailto:bjoern.ahrens@uni-oldenburg.de,0,0,1,0,0,0
1010.4069,http://arxiv.org/abs/1010.4069v1,1,0,0,0,0,0
1010.4069,http://www.detectors.saint-gobain.com/,0,0,0,1,1,1
1010.4069,http://www.ortec-online.com/,0,0,0,1,1,1
1010.4423,http://nbp-www.upb.de,1,1,0,0,1,1
1010.4423,http://www.cs.uni-paderborn.de/fileadmin/Informatik/AG-Wehrheim/Personen/Dominik_Steenken/ShapeAnalysis2010TR.pdf,0,0,0,0,1,0
1010.4795,http://pubs.acs.org/doi/pdf/10.1021/cm062384j,1,0,0,1,0,1
1010.4795,http://pubs.acs.org/doi/pdf/10.1021/ja044980p,1,0,0,1,1,1
1010.4795,http://pubs.acs.org/doi/pdf/10.1021/ja1035122,1,0,0,1,1,1
1010.4795,mailto:avdw@caltech.edu,0,0,1,0,0,0
1010.4795,mailto:jsnyder@caltech.edu,0,0,1,0,0,0
1112.0193,http://arxiv.org/abs/1112.0193v1,1,0,0,0,0,0
1112.0193,http://arxiv.org/abs/astro-ph/0402514,1,0,0,0,0,1
1112.0193,http://arxiv.org/abs/astro-ph/9912301,1,0,0,0,0,1
1112.0193,http://arxiv.org/abs/astro-ph/9912358,1,0,0,0,0,1
1112.0193,http://arxiv.org/abs/cond-mat/0606766,1,0,0,0,0,1
1112.0193,http://arxiv.org/abs/cond-mat/0612363,1,0,0,0,0,1
1112.0193,http://arxiv.org/abs/hep-lat/0311023,1,0,0,0,0,1
1112.0193,http://arxiv.org/abs/hep-lat/0603001,1,0,0,0,0,1
1112.0193,http://arxiv.org/abs/hep-lat/0610105,1,0,0,0,0,1
1112.0193,http://arxiv.org/abs/hep-ph/0101264,1,0,0,0,0,1
1112.0193,http://arxiv.org/abs/hep-ph/0103263,1,0,0,0,0,1
1112.0193,http://arxiv.org/abs/hep-ph/0210398,1,0,0,0,0,1
1112.0193,http://arxiv.org/abs/hep-ph/0507056,1,0,0,0,0,1
1112.0193,http://arxiv.org/abs/hep-ph/0703274,1,0,0,0,0,1
1112.0193,http://arxiv.org/abs/hep-ph/0703297,1,0,0,0,0,1
1112.0193,http://arxiv.org/abs/hep-ph/9311274,1,0,0,0,0,1
1112.0193,http://arxiv.org/abs/hep-ph/9406283,1,0,0,0,0,1
1112.0193,http://arxiv.org/abs/hep-ph/9409402,1,0,0,0,0,1
1112.0193,http://arxiv.org/abs/hep-ph/9501357,1,0,0,0,0,1
1112.0193,http://arxiv.org/abs/hep-ph/9501384,1,0,0,0,0,1
1112.0193,http://arxiv.org/abs/hep-ph/9805500,1,0,0,0,0,1
1112.0193,http://arxiv.org/abs/hep-ph/9902437,1,0,0,0,0,1
1112.0193,http://www.kph.uni-mainz.de/T/80.php,1,1,0,1,1,1
1112.4070,http://arxiv.org/abs/1112.4070v2,1,0,0,0,0,0
1112.4070,mailto:klassm@mcmaster.ca,0,0,0,0,0,0
1112.4070,www.sharcnet.ca,1,1,0,0,0,1
1112.4578,ftp://ftp.kernel.org/pub/linux/kernel,0,1,1,0,0,1
1112.4578,ftp://ftp.ncbi.nih.gov/genomes/INFLUENZA/influenza.fna.gz,0,1,1,0,0,1
1112.4578,ftp://mirrors.kernel.org/gnu/coreutils,0,1,1,0,0,1
1112.4578,http://code.google.com/p/libcds,1,1,1,1,1,1
1112.4578,http://code.google.com/p/libdivsufsort,1,0,0,1,1,1
1112.4578,http://corpus.canterbury.ac.nz,1,1,1,1,1,1
1112.4578,http://dblp.uni-trier.de,1,1,1,1,0,1
1112.4578,http://pizzachili.dcc.uchile.cl,1,1,1,1,1,1
1112.4578,http://pizzachili.dcc.uchile.cl/indexes/LZ77-index,1,1,1,1,1,1
1112.4578,http://pizzachili.dcc.uchile.cl/repcorpus.html,1,1,1,1,1,1
1112.4578,http://pizzachili.dcc.uchile.cl/utils/ppmdi.tar.gz,1,1,1,0,1,1
1112.4578,http://www.7-zip.org,1,1,1,0,1,1
1112.4578,http://www.bzip.org,1,1,1,0,1,1
1112.4578,http://www.cbrc.jp/~rwan/en/restore.html,1,1,1,0,1,1
1112.4578,http://www.gzip.org,1,1,1,0,1,1
1112.4578,http://www.ncbi.nlm.nih.gov,1,1,1,0,1,1
1112.4578,http://www.sanger.ac.uk/Teams/Team71/durbin/sgrp,1,1,1,0,1,1
1112.4578,https://www.cia.gov/library/publications/world-leaders-1,1,1,1,0,1,1
1112.4578,mailto:darroyue@dcc.uchile.cl,0,0,0,0,0,0
1112.4578,mailto:sladra@udc.es,0,0,0,0,0,0
1112.5418,http://arxiv.org/abs/1112.5418v3,1,0,0,0,0,0
1112.5418,http://sloppycell.sourceforge.net,1,1,0,1,1,1
1112.5418,mailto:sethna@lassp.cornell.edu,0,0,1,0,0,0
1112.5650,http://albione.oa-teramo.inaf.it/,0,0,0,1,1,1
1112.5650,http://arxiv.org/abs/1112.5650v1,1,0,0,0,0,0
1112.5650,http://stellar.dartmouth.edu/~models/isolf.html,1,0,0,0,1,1
1112.5650,http://stev.oapd.inaf.it/cmd,1,1,0,1,1,1
1112.5650,http://webast.ast.obs-mip.fr/equipe/stellar,1,1,0,1,1,1
1112.5650,http://www.ari.uni-heidelberg.de/datenbanken/aricns/,0,0,0,1,1,1
1112.5650,http://www.astro.ulb.ac.be/~siess/WWWTools/Isochrone,1,0,0,0,0,1
1112.5650,http://www.astro.yale.edu/demarque/yyiso.html,1,1,0,1,1,1
1208.0195,http://arxiv.org/abs/1208.0195v1,1,0,0,0,0,0
1208.0195,http://arxiv.org/abs/astro-ph/0405087,1,0,0,0,0,1
1208.0195,http://wwwuser.oat.ts.astro.it/castelli/linelists.html,1,1,0,0,1,1
1208.0647,http://arxiv.org/abs/1208.0647v2,1,0,0,0,0,0
1208.0647,http://dynalab.poi.dvo.ru/data/GRL12/2002,1,1,0,1,1,1
1208.0647,http://dynalab.poi.dvo.ru/data/GRL12/2004,1,1,0,1,1,1
1208.0647,http://gmplib.org,1,1,0,1,1,1
1208.0647,http://oceancolor.gsfc.nasa.gov,1,1,0,1,1,1
1208.0647,http://www.aviso.oceanobs.com,1,1,0,1,0,1
1208.0647,mailto:prants@poi.dvo.ru,0,0,0,0,0,0
1208.1491,http://arxiv.org/abs/1110.3193,1,0,0,0,0,1
1208.1491,http://arxiv.org/abs/1202.6057,1,0,0,0,0,1
1208.1491,http://arxiv.org/abs/1203.6499,1,0,0,0,0,1
1208.1491,http://arxiv.org/abs/1203.6565,1,0,0,0,0,1
1208.1491,http://arxiv.org/abs/1203.6594,1,0,0,0,0,1
1208.1491,http://arxiv.org/abs/1203.6609,1,0,0,0,0,1
1208.1491,http://arxiv.org/abs/1203.6616,1,0,0,0,0,1
1208.1491,http://arxiv.org/abs/1203.6641,1,0,0,0,0,1
1208.1491,http://arxiv.org/abs/1204.3609,1,0,0,0,0,1
1208.1491,http://arxiv.org/abs/1206.0732,1,0,0,0,0,1
1208.1491,http://arxiv.org/abs/1207.7137,1,0,0,0,0,1
1208.1491,http://arxiv.org/abs/1207.7326,1,0,0,0,0,1
1208.1491,http://arxiv.org/abs/1208.0022,1,0,0,0,0,1
1208.1491,http://arxiv.org/abs/astro-ph/0604069,1,0,0,0,0,1
1208.1491,http://www.sdss3.org/,0,0,0,1,1,1
1208.1491,mailto:Ashley.Ross@port.ac.uk,0,0,0,0,0,0
1208.3850,http://dx.doi.org/10.1007/978-1-4419-7210-1_1,0,0,0,0,0,1
1208.3850,http://dx.doi.org/10.1039/C0MB00107D,0,0,0,0,0,1
1208.3850,http://dx.doi.org/10.1093/bioinformatics/btl485,0,0,0,0,0,1
1208.3850,http://dx.doi.org/10.1093/bioinformatics/btm607,0,0,0,0,0,1
1208.3850,http://dx.doi.org/10.1093/bioinformatics/btq694,0,0,0,0,0,1
1208.3850,http://dx.doi.org/10.1109/QEST.2011.10,0,0,0,0,0,1
1208.3850,http://dx.doi.org/10.1126/science.220.4598.671,0,0,0,0,0,1
1208.3850,http://dx.doi.org/10.1186/1752-0509-6-39,0,0,0,0,0,1
1208.3850,http://dx.doi.org/10.1371/journal.pcbi.0030189,0,0,0,0,0,1
1208.3850,http://dx.doi.org/10.4204/EPTCS.92.3,0,0,0,0,0,0
1208.3850,http://www.the-dream-project.org/challenges/dream6-estimation-model-parameters-challenge,0,0,1,1,1,1
1208.3850,mailto:A.D.Clark@ed.ac.uk,0,0,0,0,0,0
1208.3850,mailto:A.Ocone@ed.ac.uk,0,0,0,0,0,0
1208.3850,mailto:Anastasis.Georgoulas@ed.ac.uk,0,0,0,0,0,0
1208.3850,mailto:G.Sanguinetti@ed.ac.uk,0,0,0,0,0,0
1208.3850,mailto:Stephen.Gilmore@ed.ac.uk,0,0,0,0,0,0
1301.1685,http://arxiv.org/abs/1301.1685v1,1,0,0,0,0,0
1301.1685,http://califa.caha.es/,0,0,0,1,1,1
1301.2673,http://cdsweb.cern.ch/record/1278160?ln=en,0,0,0,1,0,0
1301.2673,http://cdsweb.cern.ch/record/1279341?ln=en.,0,0,0,0,0,0
1301.2673,mailto:bhawna.gomber@cern.ch,0,0,0,0,0,0
1301.3030,http://dx.doi.org/10.1023/B:INMA.0000027591.50936.18,1,1,0,0,1,1
1301.3030,http://link.aps.org/doi/10.1103/PhysRevB.76.045302,1,1,0,1,1,1
1301.3030,http://link.aps.org/doi/10.1103/PhysRevB.84.235206,1,1,0,1,1,1
1301.3030,http://link.aps.org/doi/10.1103/PhysRevLett.103.246601,1,1,0,1,1,1
1301.3030,http://www.sciencedirect.com/science/article/pii/0038109889902718,1,0,0,1,1,1
1301.3030,http://www.sciencedirect.com/science/article/pii/S0022369799004230,1,0,0,1,1,1
1301.3030,http://www.sciencedirect.com/science/article/pii/S0925838803008612,1,0,0,1,1,1
1301.3030,mailto:vonrohr@physik.uzh.ch,0,0,1,0,0,0
1301.3147,http://albione.oa-teramo.inaf.it/,0,0,0,0,1,1
1301.3147,mailto:bono@roma2.infn.it,0,0,0,0,0,0
1301.3699,http://mathoverflow.net/questions/21720/,0,0,0,1,0,1
1301.3699,http://www.bilkent.edu.tr/~sertoz,1,0,0,0,1,1
1301.3699,http://www.matematikvakfi.org.tr/tr/arf-lectures,1,0,0,1,1,1
1301.3699,http://www.rzuser.uni-heidelberg.de/~ci3/chair.pdf,1,0,0,0,1,1
1301.3699,http://www.rzuser.uni-heidelberg.de/∼ci3/arf3-withpicture.pdf,1,0,0,1,0,0
1301.3699,http://www.rzuser.uni-heidelberg.de/∼ci3/lfunktio.pdf,1,0,0,1,0,0
1301.3699,http://www.sunsite.ubc.ca/DigitalMathArchive/Langlands/miscellaneous.html#arf,0,0,0,1,1,0
1301.3699,http://www3.iam.metu.edu.tr/matematikvakfi/cahitarf-onder.pdf,1,0,0,0,0,1
1301.3699,mailto:sertoz@bilkent.edu.tr,0,0,1,0,0,0
1301.5021,http://arxiv.org/abs/1301.5021v1,1,0,0,0,0,0
1301.5021,http://www.aavso.org,1,0,0,0,1,1
1301.5021,mailto:eric.broens@skynet.be,0,0,0,0,0,0
1301.5074,http://dx.doi.org/10.1007/978-3-540-39724-3_29,1,0,0,0,0,1
1301.5074,http://dx.doi.org/10.1007/978-3-540-69061-0,1,0,0,0,0,1
1301.5074,http://dx.doi.org/10.1007/978-3-642-03359-9_6,1,0,0,0,0,1
1301.5074,http://dx.doi.org/10.1007/978-3-642-34407-7_9,1,0,0,0,0,1
1301.5074,http://dx.doi.org/10.1007/BFb0030541,1,0,0,0,0,1
1301.5074,http://dx.doi.org/10.1016/j.entcs.2006.09.018,1,0,0,0,0,1
1301.5074,http://dx.doi.org/10.1017/S0956796801004208,1,0,0,0,0,1
1301.5074,http://dx.doi.org/10.1017/S095679680700634X,1,0,0,0,0,1
1301.5074,http://dx.doi.org/10.1093/comjnl/bxh141,1,0,0,0,0,1
1301.5074,http://dx.doi.org/10.1111/j.1467-8535.2011.01241.x,1,0,0,0,0,1
1301.5074,http://dx.doi.org/10.1145/1217975.1217999,1,0,0,0,0,1
1301.5074,http://dx.doi.org/10.1145/1327452.1327492,1,0,0,0,0,1
1301.5074,http://dx.doi.org/10.1145/1411260.1411264,1,0,0,0,0,1
1301.5074,http://dx.doi.org/10.1145/1773912.1773922,1,0,0,0,0,1
1301.5074,http://dx.doi.org/10.1145/351240.351266,1,0,0,0,0,1
1301.5074,http://dx.doi.org/10.1145/367177.367199,1,0,0,0,0,1
1301.5074,http://dx.doi.org/10.1145/609769.609771,1,0,0,0,0,1
1301.5074,http://dx.doi.org/10.1145/944746.944713,1,0,0,0,0,1
1301.5074,http://dx.doi.org/10.4204/EPTCS.106.1,1,0,0,0,0,0
1301.5074,http://hadoop.apache.org,1,1,1,1,1,1
1301.5074,http://proofpad.org/,0,1,1,1,0,1
1301.5074,http://racket-lang.org/,0,1,1,1,1,1
1301.5074,http://www.collegeboard.com/prod_downloads/computerscience/ComputationalThinkingCS_Principles.pdf,1,1,1,1,1,1
1301.5074,http://www.cs.cmu.edu/afs/cs/user/me/www/courses/212/,0,1,1,1,1,1
1301.5074,http://www.cs.cmu.edu/~CompThink/resources/education.html,1,1,1,1,1,1
1301.5074,http://www.cs.cmu.edu/~fp/courses/15122/,0,1,1,1,1,1
1301.5074,http://www.cs.ou.edu/~rlpage/hcw/StudEvalHCW.pdf,1,1,1,1,1,1
1301.5074,http://www.cs.uiowa.edu/~tinelli/classes/181/Spring08/,0,1,1,1,1,1
1301.5074,http://www.csprinciples.org/home/pilot-sites,1,1,1,1,0,1
1301.5074,http://www.sciencedirect.com/science/journal/15710661,1,1,1,1,0,1
1301.5077,http://cdsmith.wordpress.com/category/haskell-for-kids/,0,1,1,1,1,1
1301.5077,http://dx.doi.org/10.1109/C5.2004.1314376,0,0,0,0,0,1
1301.5077,http://dx.doi.org/10.1145/1596638.1596650,0,0,0,0,0,1
1301.5077,http://dx.doi.org/10.4204/EPTCS.106.4,0,0,0,0,0,0
1301.5077,http://gloss.ouroborus.net/,0,1,1,1,1,1
1301.5077,http://learnyouahaskell.com,1,1,1,1,0,1
1301.5077,http://snapframework.com,1,1,1,1,1,1
1301.5077,http://www.bootstrapworld.org/,0,1,1,1,1,1
1301.5077,http://www.cs.uu.nl/wiki/UHC,1,1,1,1,1,1
1301.5077,http://www.khanacademy.org/#computer-science,1,1,0,1,1,1
1301.5201,www.cﬁnder.org,1,0,0,0,0,0
1301.5201,www.imdb.com,1,1,0,0,1,1
1301.5201,www.luminis-research.com,1,1,0,0,1,1
1301.5201,www.salon24.pl,1,1,0,0,0,1
1301.5201,www.youtube.com,1,1,0,0,1,1
1301.5932,http://arxiv.org/abs/1301.5932v2,1,0,0,0,0,0
1301.5932,http://feynrules.irmp.ucl.ac.be/wiki/ASperGe,1,1,0,0,1,1
1301.7656,http://arxiv.org/abs/1301.7656v1,1,0,0,0,0,0
1301.7656,http://www.aip.org/history/ohilist/5000.html,1,1,0,1,1,1
1301.7656,http://www.aip.org/history/ohilist/5022.html,1,1,0,1,1,1
1407.1513,http://arxiv.org/abs/1405.2852,1,1,0,1,1,1
1407.1513,http://arxiv.org/abs/1407.1513v1,1,0,0,0,0,0
1407.1513,mailto:cdlh@univ-nantes.fr,0,0,0,0,0,0
1407.1513,mailto:james.scicluna@univ-nantes.fr,0,0,0,0,0,0
1407.1524,http://dreal.cs.cmu.edu/dreach.html,1,0,0,1,1,1
1407.1524,http://www.cs.cmu.edu/~liubing/cmsb14/,0,0,0,1,1,1
1407.1645,http://apps.jcns.fz-juelich.de/libcerf,1,1,0,1,1,1
1407.1645,http://www.fftw.org,1,1,0,1,1,1
1407.1645,http://www.gnu.org/software/gsl/,0,1,0,1,0,1
1407.1645,mailto:ludwig@theo-physik.uni-kiel.de,0,0,1,0,0,0
1407.7367,http://arxiv.org/abs/1407.7367v4,1,0,0,0,0,0
1407.7367,http://arxiv.org/abs/gr-qc/0405041,1,0,0,0,0,0
1407.7367,http://arxiv.org/abs/gr-qc/9811036,1,0,0,0,0,0
1407.7367,http://www.livingreviews.org/lrr-2006-3,0,0,0,0,1,0
1407.7367,mailto:hghafarnejad@profs.semnan.ac.ir,0,0,0,0,0,0
1407.7367,mailto:hghafarnejad@yahoo.com,0,0,0,0,0,0
1407.8067,http://hapmap.ncbi.nlm.nih.gov/,0,0,0,0,1,1
1407.8067,mailto:caroline.uhler@ist.ac.at,0,0,0,0,0,0
1407.8067,mailto:feiy@stat.cmu.edu,0,0,0,0,0,0
1407.8067,mailto:fienberg@stat.cmu.edu,0,0,0,0,0,0
1407.8067,mailto:michal.rybar@ist.ac.at,0,0,0,0,0,0
1510.00741,http://www.ifa.hawaii.edu/~reipurth/newsletter/newsletter245.pdf,1,0,0,0,1,1
1510.00741,mailto:jhk@cis.rit.edu,0,0,0,0,0,0
1510.02080,http://arxiv.org/abs/0905.0237,1,0,0,0,0,0
1510.02080,http://arxiv.org/abs/1101.2599,1,0,0,0,0,0
1510.02080,http://arxiv.org/abs/1203.3100,1,0,0,0,0,0
1510.02080,http://arxiv.org/abs/1210.7588,1,0,0,0,0,0
1510.02080,http://arxiv.org/abs/1310.1627,1,0,0,0,0,0
1510.02080,http://arxiv.org/abs/1412.6259,1,0,0,0,0,0
1510.02080,http://arxiv.org/abs/1501.01524,1,0,0,0,0,0
1510.02080,http://arxiv.org/abs/1505.01681,1,0,0,0,0,0
1510.02080,http://arxiv.org/abs/1510.02080v1,1,0,0,0,0,0
1510.02080,http://dx.doi.org/10.1016/j.physrep.2015.09.003,1,1,0,1,0,1
1510.02080,mailto:Igor.Altsybeev@cern.ch,0,0,0,0,0,0
1510.02542,http://cdsarc.u-strasbg.fr/viz-bin/vizExec/.getpuz?7239&N%202363,0,0,0,0,0,1
1510.03815,http://arxiv.org/abs/1510.03815v6,1,0,0,0,0,0
1510.03815,http://hdl.handle.net/10044/1/14365,1,1,1,1,1,1
1510.03815,math.ethz.ch/~salamon/publications.html,0,1,1,0,0,0
1510.03815,msp.warwick.ac.uk/gtm/2008/15/,0,1,1,0,0,0
1510.03815,perso.univ-rennes1.fr/michel.coste/Lojasiewicz.pdf,1,1,1,0,0,1
1510.03815,www-math.mit.edu/~rbm/Lecture_notes.html,0,1,1,1,0,0
1510.03867,http://amdpp.phys.strath.ac.uk/tamoc/DATA/,0,0,0,0,1,1
1510.03867,http://arxiv.org/abs/1502.01589,1,0,0,0,0,0
1510.03867,http://arxiv.org/abs/1503.08146,1,0,0,0,0,0
1510.03867,http://arxiv.org/abs/1505.01076,1,0,0,0,0,0
1510.03867,http://arxiv.org/abs/1505.04997,1,0,0,0,0,0
1510.03867,http://arxiv.org/abs/1509.07809,1,0,0,0,0,0
1510.03867,http://physics.nist.gov/PhysRefData/ASD/ionEnergy.html,1,0,0,0,1,1
1510.03867,http://www-cfadc.phy.ornl.gov/astro/ps/data/,0,0,0,0,1,1
1510.03867,mailto:rcooke@ucolick.org,0,0,0,0,0,0
1510.04483,http://arxiv.org/abs/0803.2534,1,1,1,0,0,0
1510.04483,http://arxiv.org/abs/0810.5576,1,1,1,0,0,0
1510.04483,http://arxiv.org/abs/0910.0969,1,1,1,0,0,0
1510.04483,http://arxiv.org/abs/1002.4224,1,1,1,0,0,0
1510.04483,http://arxiv.org/abs/1003.1316,1,1,1,0,0,0
1510.04483,http://arxiv.org/abs/1006.0910,1,1,1,0,0,0
1510.04483,http://arxiv.org/abs/1101.0538,1,1,1,0,0,0
1510.04483,http://arxiv.org/abs/1101.2599,1,1,1,0,0,0
1510.04483,http://arxiv.org/abs/1107.3026,1,1,1,0,0,0
1510.04483,http://arxiv.org/abs/1107.4277,1,1,1,0,0,0
1510.04483,http://arxiv.org/abs/1112.6426,1,1,1,0,0,0
1510.04483,http://arxiv.org/abs/1203.5015,1,1,1,0,0,0
1510.04483,http://arxiv.org/abs/1205.6497,1,1,1,0,0,1
1510.04483,http://arxiv.org/abs/1207.6758,1,1,1,0,0,0
1510.04483,http://arxiv.org/abs/1207.7214,1,1,1,0,0,1
1510.04483,http://arxiv.org/abs/1207.7235,1,1,1,0,0,1
1510.04483,http://arxiv.org/abs/1209.0772,1,1,1,0,0,0
1510.04483,http://arxiv.org/abs/1209.2319,1,1,1,0,0,0
1510.04483,http://arxiv.org/abs/1209.2393,1,1,1,0,0,0
1510.04483,http://arxiv.org/abs/1211.4462,1,1,1,0,0,0
1510.04483,http://arxiv.org/abs/1303.3758,1,1,1,0,0,0
1510.04483,http://arxiv.org/abs/1303.6254,1,1,1,0,0,1
1510.04483,http://arxiv.org/abs/1303.6415,1,1,1,0,0,0
1510.04483,http://arxiv.org/abs/1304.5783,1,1,1,0,0,0
1510.04483,http://arxiv.org/abs/1305.3339,1,1,1,0,0,0
1510.04483,http://arxiv.org/abs/1306.4945,1,1,1,0,0,0
1510.04483,http://arxiv.org/abs/1307.4617,1,1,1,0,0,0
1510.04483,http://arxiv.org/abs/1307.5749,1,1,1,0,0,0
1510.04483,http://arxiv.org/abs/1307.6511,1,1,1,0,0,0
1510.04483,http://arxiv.org/abs/1310.0799,1,1,1,0,0,1
1510.04483,http://arxiv.org/abs/1311.2028,1,1,1,0,0,0
1510.04483,http://arxiv.org/abs/1312.5595,1,1,1,0,0,0
1510.04483,http://arxiv.org/abs/1312.6659,1,1,1,0,0,0
1510.04483,http://arxiv.org/abs/1312.6873,1,1,1,0,0,0
1510.04483,http://arxiv.org/abs/1402.4016,1,1,1,0,0,0
1510.04483,http://arxiv.org/abs/1403.4427,1,1,1,0,0,0
1510.04483,http://arxiv.org/abs/1405.1756,1,1,1,0,0,0
1510.04483,http://arxiv.org/abs/1405.2395,1,1,1,0,0,0
1510.04483,http://arxiv.org/abs/1405.4781,1,1,1,0,0,1
1510.04483,http://arxiv.org/abs/1406.0076,1,1,1,0,0,0
1510.04483,http://arxiv.org/abs/1406.5375,1,1,1,0,0,0
1510.04483,http://arxiv.org/abs/1407.0891,1,1,1,0,0,0
1510.04483,http://arxiv.org/abs/1407.2682,1,1,1,0,0,0
1510.04483,http://arxiv.org/abs/1407.2763,1,1,1,0,0,1
1510.04483,http://arxiv.org/abs/1407.3792,1,1,1,0,0,1
1510.04483,http://arxiv.org/abs/1409.0832,1,1,1,0,0,0
1510.04483,http://arxiv.org/abs/1409.4906,1,1,1,0,0,0
1510.04483,http://arxiv.org/abs/1410.6319,1,1,1,0,0,0
1510.04483,http://arxiv.org/abs/1410.8849,1,1,1,0,0,0
1510.04483,http://arxiv.org/abs/1411.1923,1,1,1,0,0,1
1510.04483,http://arxiv.org/abs/1412.1828,1,1,1,0,0,0
1510.04483,http://arxiv.org/abs/1412.3649,1,1,1,0,0,1
1510.04483,http://arxiv.org/abs/1501.07912,1,1,1,0,0,0
1510.04483,http://arxiv.org/abs/1503.05427,1,1,1,0,0,0
1510.04483,http://arxiv.org/abs/1503.07589,1,1,1,0,0,1
1510.04483,http://arxiv.org/abs/1505.00500,1,1,1,0,0,0
1510.04483,http://arxiv.org/abs/1505.00630,1,1,1,0,0,1
1510.04483,http://arxiv.org/abs/1506.02800,1,1,1,0,0,1
1510.04483,http://arxiv.org/abs/1507.01769,1,1,1,0,0,0
1510.04483,http://arxiv.org/abs/1508.03322,1,1,1,0,0,0
1510.04483,http://arxiv.org/abs/1508.05332,1,1,1,0,0,0
1510.04483,http://arxiv.org/abs/1509.03325,1,1,1,0,0,1
1510.04483,http://arxiv.org/abs/1509.04044,1,1,1,0,0,0
1510.04483,http://arxiv.org/abs/1510.03072,1,1,1,0,0,0
1510.04483,http://arxiv.org/abs/hep-ex/0011057,1,1,1,0,0,0
1510.04483,http://arxiv.org/abs/hep-ex/0410041,1,1,1,0,0,0
1510.04483,http://arxiv.org/abs/hep-ex/0412071,1,1,1,0,0,0
1510.04483,http://arxiv.org/abs/hep-ex/0501043,1,1,1,0,0,0
1510.04483,http://arxiv.org/abs/hep-ex/0508029,1,1,1,0,0,0
1510.04483,http://arxiv.org/abs/hep-ex/0510047,1,1,1,0,0,0
1510.04483,http://arxiv.org/abs/hep-ex/0510048,1,1,1,0,0,0
1510.04483,http://arxiv.org/abs/hep-ex/0602008,1,1,1,0,0,0
1510.04483,http://arxiv.org/abs/hep-ex/9503002,1,1,1,0,0,1
1510.04483,http://arxiv.org/abs/hep-ex/9503003,1,1,1,0,0,1
1510.04483,http://arxiv.org/abs/hep-ex/9808029,1,1,1,0,0,0
1510.04483,http://arxiv.org/abs/hep-ph/9912320,1,1,1,0,0,0
1510.04483,http://arxiv.org/abs/physics/0507191,1,1,1,0,0,0
1510.04483,http://cds.cern.ch/record/1435194,1,1,1,1,0,1
1510.04483,http://cds.cern.ch/record/1435197,1,1,1,1,0,1
1510.04483,http://cds.cern.ch/record/1563140,1,1,1,1,0,1
1510.04483,http://cds.cern.ch/record/1571040,1,1,1,1,1,1
1510.04483,http://cds.cern.ch/record/1599576,1,1,1,1,0,1
1510.04483,http://cds.cern.ch/record/1647419,1,1,1,1,1,1
1510.04483,http://cds.cern.ch/record/1664335,1,1,1,1,0,1
1510.04483,http://cds.cern.ch/record/1951028,1,1,1,1,1,1
1510.04483,http://cds.cern.ch/record/1951323,1,1,1,1,0,1
1510.04483,http://cds.cern.ch/record/1966416,1,1,1,1,0,1
1510.04483,http://cds.cern.ch/record/2046216,1,1,1,1,1,1
1510.04483,http://cds.cern.ch/record/2048642,1,1,1,1,1,1
1510.04483,http://cds.cern.ch/record/2053086,1,1,1,1,0,1
1510.04483,http://dx.doi.org/10.1007/978-3-319-15001-7_7,1,1,1,0,0,1
1510.04483,http://dx.doi.org/10.1007/JHEP01(2015)020,0,1,1,0,0,0
1510.04483,http://dx.doi.org/10.1007/JHEP04(2015)040,0,1,1,0,0,0
1510.04483,http://dx.doi.org/10.1007/JHEP04(2015)114,0,1,1,0,0,0
1510.04483,http://dx.doi.org/10.1007/JHEP06(2014)158,0,1,1,0,0,0
1510.04483,http://dx.doi.org/10.1007/JHEP08(2010)048,0,1,1,0,0,0
1510.04483,http://dx.doi.org/10.1007/JHEP08(2012)098,0,1,1,0,0,1
1510.04483,http://dx.doi.org/10.1007/JHEP09(2013)076,0,1,1,0,0,0
1510.04483,http://dx.doi.org/10.1007/JHEP09(2014)012,0,1,1,0,0,1
1510.04483,http://dx.doi.org/10.1007/JHEP12(2012)105,0,1,1,0,0,0
1510.04483,http://dx.doi.org/10.1016/0168-9002(88)90018-6,0,1,1,0,0,0
1510.04483,http://dx.doi.org/10.1016/0168-9002(94)91312-9,0,1,1,0,0,0
1510.04483,http://dx.doi.org/10.1016/S0010-4655(00)00243-5,0,1,1,0,0,0
1510.04483,http://dx.doi.org/10.1016/S0168-9002(03)00329-2,0,1,1,0,0,0
1510.04483,http://dx.doi.org/10.1016/S0370-2693(00)00120-9,0,1,1,0,0,0
1510.04483,http://dx.doi.org/10.1016/j.nima.2006.05.248,1,1,1,0,0,0
1510.04483,http://dx.doi.org/10.1016/j.nima.2006.05.269,1,1,1,0,0,0
1510.04483,http://dx.doi.org/10.1016/j.nima.2010.03.118,1,1,1,0,0,0
1510.04483,http://dx.doi.org/10.1016/j.nima.2010.09.024,1,1,1,0,0,0
1510.04483,http://dx.doi.org/10.1016/j.nima.2014.02.029,1,1,1,0,0,0
1510.04483,http://dx.doi.org/10.1016/j.nima.2014.05.044,1,1,1,0,0,0
1510.04483,http://dx.doi.org/10.1016/j.nima.2014.11.063,1,1,1,0,0,0
1510.04483,http://dx.doi.org/10.1016/j.physletb.2012.08.020,1,1,1,0,0,1
1510.04483,http://dx.doi.org/10.1016/j.physletb.2012.08.021,1,1,1,0,0,1
1510.04483,http://dx.doi.org/10.1016/j.physletb.2014.12.044,1,1,1,0,0,0
1510.04483,http://dx.doi.org/10.1016/j.physrep.2011.03.005,1,1,1,0,0,0
1510.04483,http://dx.doi.org/10.1088/0954-3899/34/12/001,1,1,1,0,0,0
1510.04483,http://dx.doi.org/10.1088/1126-6708/2009/03/143,1,1,1,0,0,0
1510.04483,http://dx.doi.org/10.1088/1674-1137/38/9/090001,1,1,1,0,0,1
1510.04483,http://dx.doi.org/10.1088/1748-0221/3/08/S08003,1,1,1,0,0,0
1510.04483,http://dx.doi.org/10.1088/1748-0221/3/08/S08004,1,1,1,0,0,0
1510.04483,http://dx.doi.org/10.1088/1748-0221/6/11/P11002,1,1,1,0,0,0
1510.04483,http://dx.doi.org/10.1088/1748-0221/8/04/P04013,1,1,1,0,0,0
1510.04483,http://dx.doi.org/10.1103/PhysRevD.60.052001,1,1,1,0,0,0
1510.04483,http://dx.doi.org/10.1103/PhysRevD.71.032001,1,1,1,0,0,0
1510.04483,http://dx.doi.org/10.1103/PhysRevD.71.052003,1,1,1,0,0,0
1510.04483,http://dx.doi.org/10.1103/PhysRevD.71.054029,1,1,1,0,0,0
1510.04483,http://dx.doi.org/10.1103/PhysRevD.73.032003,1,1,1,0,0,0
1510.04483,http://dx.doi.org/10.1103/PhysRevD.73.112006,1,1,1,0,0,0
1510.04483,http://dx.doi.org/10.1103/PhysRevD.81.032002,1,1,1,0,0,0
1510.04483,http://dx.doi.org/10.1103/PhysRevD.88.011101,1,1,1,0,0,0
1510.04483,http://dx.doi.org/10.1103/PhysRevD.88.057701,1,1,1,0,0,0
1510.04483,http://dx.doi.org/10.1103/PhysRevD.90.091101,1,1,1,0,0,0
1510.04483,http://dx.doi.org/10.1103/PhysRevD.91.112003,1,1,1,0,0,0
1510.04483,http://dx.doi.org/10.1103/PhysRevD.92.032003,1,1,1,0,0,0
1510.04483,http://dx.doi.org/10.1103/PhysRevLett.109.152003,1,1,1,0,0,0
1510.04483,http://dx.doi.org/10.1103/PhysRevLett.110.252004,1,1,1,0,0,1
1510.04483,http://dx.doi.org/10.1103/PhysRevLett.111.232002,1,1,1,0,0,0
1510.04483,http://dx.doi.org/10.1103/PhysRevLett.113.032002,1,1,1,0,0,0
1510.04483,http://dx.doi.org/10.1103/PhysRevLett.114.191803,1,1,1,0,0,1
1510.04483,http://dx.doi.org/10.1103/PhysRevLett.74.2626,1,1,1,0,0,1
1510.04483,http://dx.doi.org/10.1103/PhysRevLett.74.2632,1,1,1,0,0,1
1510.04483,http://dx.doi.org/10.1134/S1063776115030152,1,1,1,0,0,1
1510.04483,http://dx.doi.org/10.1140/epjc/s10052-008-0585-7,1,1,1,0,0,0
1510.04483,http://dx.doi.org/10.1140/epjc/s10052-012-2043-9,1,1,1,0,0,0
1510.04483,http://dx.doi.org/10.1140/epjc/s10052-012-2202-z,1,1,1,0,0,0
1510.04483,http://dx.doi.org/10.1140/epjc/s10052-013-2304-2,1,1,1,0,0,0
1510.04483,http://dx.doi.org/10.1140/epjc/s10052-013-2438-2,1,1,1,0,0,0
1510.04483,http://dx.doi.org/10.1140/epjc/s10052-013-2494-7,1,1,1,0,0,0
1510.04483,http://dx.doi.org/10.1140/epjc/s10052-013-2530-7,1,1,1,0,0,0
1510.04483,http://dx.doi.org/10.1140/epjc/s10052-013-2676-3,1,1,1,0,0,0
1510.04483,http://dx.doi.org/10.1140/epjc/s10052-014-2758-x,1,1,1,0,0,0
1510.04483,http://dx.doi.org/10.1140/epjc/s10052-014-3004-2,1,1,1,0,0,0
1510.04483,http://dx.doi.org/10.1140/epjc/s10052-014-3046-5,1,1,1,0,0,1
1510.04483,http://dx.doi.org/10.1140/epjc/s10052-014-3109-7,1,1,1,0,0,0
1510.04483,http://dx.doi.org/10.1140/epjc/s10052-014-3119-5,1,1,1,0,0,1
1510.04483,http://dx.doi.org/10.1140/epjc/s10052-014-3190-y,1,1,1,0,0,0
1510.04483,http://dx.doi.org/10.1140/epjc/s10052-015-3373-1,1,1,1,0,0,0
1510.04483,http://dx.doi.org/10.1140/epjc/s10052-015-3544-0,1,1,1,0,0,0
1510.04483,http://tevewwg.fnal.gov,1,1,0,0,1,1
1510.04483,http://twiki.cern.ch/twiki/bin/view/LHCPhysics/LHCTopWG,1,1,0,0,1,1
1510.04483,http://www-d0.fnal.gov/Run2Physics/WWW/results/prelim/TOP/T106/,0,1,1,1,0,1
1510.04483,https://cds.cern.ch/record/1454659,1,1,1,1,1,1
1510.04483,https://cds.cern.ch/record/1478672,1,1,1,1,1,1
1510.04483,https://cds.cern.ch/record/1600599,1,1,1,1,1,1
1510.04483,https://cds.cern.ch/record/1601811,1,1,0,0,0,0
1510.04483,https://cds.cern.ch/record/1603490,1,1,0,1,0,0
1510.04483,https://cds.cern.ch/record/1605627,1,1,1,1,0,1
1510.04483,https://cds.cern.ch/record/1974419,1,1,1,1,1,1
1510.05937,http://arxiv.org/abs/1510.05937v2,1,0,0,0,0,0
1510.05937,http://www.itl.nist.gov/iad/mig/tests/sre/2008/sre08 _evalplan_release4.pdf,0,0,0,0,0,0
1510.05937,mailto:fzheng@tsinghua.edu.cn,0,0,0,0,0,0
1510.05937,mailto:wangdong99@mails.tsinghua.edu.cn,0,0,0,0,0,0
1510.06700,http://arxiv.org/abs/1312.6679,1,0,1,0,1,1
1510.06700,http://arxiv.org/abs/1403.6165,1,0,1,1,1,1
1510.06700,https://github.com/konradws/SatConn,1,0,1,1,1,1
1510.07429,http://cern.ch/luscher/openQCD,1,1,0,1,1,1
1510.07429,http://pos.sissa.it/,0,0,0,0,1,0
1510.07429,mailto:vladimir.braun@ur.de,0,0,0,0,0,0
1510.07579,http://www.qm4d.info,1,1,0,1,1,1
1510.07579,mailto:kieron@uci.edu,0,0,1,0,0,0
1510.07579,mailto:weitao.yang@duke.edu,0,0,1,0,0,0
1510.07579,mailto:yy88@duke.edu,0,0,1,0,0,0
1510.08187,http://arxiv.org/abs/1510.08187v1,1,0,0,0,0,0
1510.08187,http://starlink.eao.hawaii.edu,1,1,0,0,1,1
1510.08187,mailto:rlward@mcmaster.ca,0,0,0,0,0,0
1510.08628,http://ml.cs.tsinghua.edu.cn/~jianfei/warplda.html,1,1,0,0,1,1
1510.08628,http://www.lemurproject.org/clueweb12.php/,0,1,0,0,1,1
1510.08977,http://arxiv.org/abs/1108.1517,1,1,0,1,1,1
1510.08977,http://arxiv.org/abs/1502.06782,1,1,0,1,1,1
1510.08977,http://arxiv.org/abs/1510.08977v2,1,0,0,0,0,0
1510.08977,mailto:h.jeong37@gmail.com,0,0,0,0,0,0
1601.00722,http://decsai.ugr.es/cvg/dbimagenes/,0,0,0,1,0,1
1601.00722,http://yann.lecun.com/exdb/mnist/,0,0,0,1,1,1
1601.00722,https://github.com/rasmusbergpalm/DeepLearnToolbox,1,0,1,1,1,1
1601.02280,http://icerm.brown.edu/html/programs/sp_f11/schedules/slides_workshop_1_tutorial/LectureNumericalVlasov.pdf,1,1,0,1,1,1
1601.02280,http://inria.hal.science/inria-00633934,0,0,0,0,0,0
1602.00266,http://arxiv.org/abs/1207.1909v4,1,1,1,1,1,1
1602.00266,http://arxiv.org/abs/1408.6096v3,1,1,1,1,1,1
1602.00266,http://arxiv.org/abs/1410.8170v1,1,1,1,1,1,1
1602.00266,http://arxiv.org/abs/1501.00135,1,1,1,1,1,1
1602.00266,http://arxiv.org/abs/1509.08380v1,1,1,1,1,1,1
1602.00266,http://arxiv.org/abs/1510.04555v2,1,1,1,1,1,1
1602.00266,http://arxiv.org/abs/1602.00266v2,1,0,0,0,0,0
1602.00266,http://arxiv.org/abs/math/9707228v1,1,1,1,1,0,1
1602.00875,http://arxiv.org/abs/1509.06188,1,0,0,1,0,1
1602.00875,http://arxiv.org/abs/1511.05201,1,0,0,1,0,1
1602.00875,http://arxiv.org/abs/1602.00875v2,1,0,0,0,0,0
1602.00875,http://infoscience.epﬂ.ch/record/204670,1,0,0,0,0,0
1602.00875,http://people.lids.mit.edu/yp/homepage/data/itlectures_v2.pdf,1,0,0,1,0,0
1602.01172,http://creativecommons.org,0,0,0,0,0,0
1602.01172,http://creativecommons.org/licenses/by/3.0/,0,0,0,0,0,0
1602.01172,http://dl.acm.org/citation.cfm?id=2486821,0,1,1,1,1,1
1602.01172,http://doi.acm.org/10.1145/1960275.1960280,0,1,1,1,0,1
1602.01172,http://doi.acm.org/10.1145/2430536.2430543,1,1,1,1,1,1
1602.01172,http://doi.acm.org/10.1145/2562059.2562128,1,1,1,1,1,1
1602.01172,http://doi.acm.org/10.1145/302405.302672,0,1,1,1,1,1
1602.01172,http://doi.acm.org/10.1145/75277.75293,1,1,1,1,1,1
1602.01172,http://dx.doi.org/10.1007/11609773_24,1,1,1,1,1,1
1602.01172,http://dx.doi.org/10.1007/978-3-642-14295-6_18,0,1,1,1,1,1
1602.01172,http://dx.doi.org/10.1007/978-3-642-19583-9_16,0,1,1,1,1,1
1602.01172,http://dx.doi.org/10.1007/978-3-642-33666-9_22,0,1,1,1,1,1
1602.01172,http://dx.doi.org/10.1007/978-3-642-36964-3_2,0,1,1,1,1,1
1602.01172,http://dx.doi.org/10.1007/s10009-011-0207-9,0,1,1,1,1,1
1602.01172,http://dx.doi.org/10.1007/s10009-011-0221-y,1,1,1,1,1,1
1602.01172,http://dx.doi.org/10.1016/j.jcss.2011.08.007,0,1,1,1,1,1
1602.01172,http://dx.doi.org/10.1109/FMCAD.2013.6679387,0,1,1,1,1,1
1602.01172,http://dx.doi.org/10.1109/ICRA.2013.6631152,1,1,1,1,1,1
1602.01172,http://dx.doi.org/10.1109/ROBOT.2007.363946,0,1,1,1,1,1
1602.01172,http://dx.doi.org/10.1109/TRO.2009.2030225,0,1,1,1,1,1
1602.01172,http://dx.doi.org/10.1145/2786805.2786824,1,1,1,0,1,1
1602.01172,http://dx.doi.org/10.4204/EPTCS.157.9,0,1,1,1,1,1
1602.01172,http://dx.doi.org/10.4204/EPTCS.202.5,0,0,0,0,0,0
1602.01172,http://smlab.cs.tau.ac.il/syntech/forklift/,0,1,1,1,1,1
1602.01172,http://smlab.cs.tau.ac.il/syntech/patterns/,0,1,1,1,1,1
1602.01172,http://www.cs.tau.ac.il,1,1,0,0,1,1
1602.01172,http://www.lego.com/en-us/mindstorms,1,1,1,0,1,1
1602.01172,http://www.lejos.org/nxj.php,1,1,1,0,1,1
1602.01172,http://www.nxtprograms.com/NXT2/forklift/steps.html,1,1,1,0,1,1
1602.01388,http://arxiv.org/abs/1602.01388v1,1,0,0,0,0,0
1602.01388,http://www.pardus.at,1,1,0,0,1,1
1602.01388,http://www.statista.com/statistics/276601/number-of-world-of-warcraft-subscribers-by-quarter/,0,1,0,0,0,1
1602.01388,http://www.youtube.com/user/complexsystemsvienna,1,1,0,1,1,1
1602.02336,http://arxiv.org/abs/1602.02336v3,1,0,0,0,0,0
1602.02336,http://arxiv.org/abs/1702.03514,1,1,0,1,1,1
1602.02336,http://front.math.ucdavis.edu/1304.3538,1,1,0,1,1,1
1602.02336,http://front.math.ucdavis.edu/1509.09079,1,1,0,1,1,1
1602.03455,http://arxiv.org/abs/0710.3820,1,0,0,0,0,1
1602.03455,http://arxiv.org/abs/0805.2001,1,0,0,0,0,1
1602.03455,http://arxiv.org/abs/0810.2706,1,0,0,0,0,0
1602.03455,http://arxiv.org/abs/0904.2112,1,0,0,0,0,1
1602.03455,http://arxiv.org/abs/0909.1495,1,0,0,0,0,0
1602.03455,http://arxiv.org/abs/1205.0422,1,0,0,0,0,1
1602.03455,http://arxiv.org/abs/1207.5991,1,0,0,0,0,0
1602.03455,http://arxiv.org/abs/1210.1089,1,0,0,0,0,0
1602.03455,http://arxiv.org/abs/1211.6759,1,0,0,0,0,0
1602.03455,http://arxiv.org/abs/1302.5854,1,0,0,0,0,0
1602.03455,http://arxiv.org/abs/1305.2050,1,0,0,0,0,0
1602.03455,http://arxiv.org/abs/1307.4556,1,0,0,0,0,0
1602.03455,http://arxiv.org/abs/1308.1302,1,0,0,0,0,1
1602.03455,http://arxiv.org/abs/1308.4583,1,0,0,0,0,1
1602.03455,http://arxiv.org/abs/1308.5663,1,0,0,0,0,0
1602.03455,http://arxiv.org/abs/1311.4823,1,0,0,0,0,0
1602.03455,http://arxiv.org/abs/1407.7574,1,0,0,0,0,0
1602.03455,http://arxiv.org/abs/1407.7712,1,0,0,0,0,0
1602.03455,http://arxiv.org/abs/1407.8136,1,0,0,0,0,1
1602.03455,http://arxiv.org/abs/1408.0275,1,0,0,0,0,0
1602.03455,http://arxiv.org/abs/1409.5080,1,0,0,0,0,0
1602.03455,http://arxiv.org/abs/1412.6352,1,0,0,0,0,1
1602.03455,http://arxiv.org/abs/1412.6751,1,0,0,0,0,0
1602.03455,http://arxiv.org/abs/1412.7515,1,0,0,0,0,0
1602.03455,http://arxiv.org/abs/1501.06777,1,0,0,0,0,0
1602.03455,http://arxiv.org/abs/1505.01505,1,0,0,0,0,1
1602.03455,http://arxiv.org/abs/1505.01654,1,0,0,0,0,0
1602.03455,http://arxiv.org/abs/1505.01710,1,0,0,0,0,0
1602.03455,http://arxiv.org/abs/1509.01098,1,0,0,0,0,1
1602.03455,http://arxiv.org/abs/1512.02494,1,0,0,0,0,0
1602.03455,http://arxiv.org/abs/1602.03160,1,0,0,0,0,0
1602.03455,http://arxiv.org/abs/1604.01525,1,0,0,0,0,1
1602.03455,http://arxiv.org/abs/1605.01082,1,0,0,0,0,1
1602.03455,http://arxiv.org/abs/hep-ex/0412072,1,0,0,0,0,0
1602.03455,http://arxiv.org/abs/hep-ex/0611054,1,0,0,0,0,0
1602.03455,http://arxiv.org/abs/hep-ph/0008090,1,0,0,0,0,0
1602.03455,http://arxiv.org/abs/hep-ph/0211282,1,0,0,0,0,1
1602.03455,http://arxiv.org/abs/hep-ph/0406184,1,0,0,0,0,1
1602.03455,http://arxiv.org/abs/hep-ph/0501199,1,0,0,0,0,1
1602.03455,http://arxiv.org/abs/hep-ph/0506026,1,0,0,0,0,1
1602.03455,http://arxiv.org/abs/hep-ph/0603175,1,0,0,0,0,1
1602.03455,http://arxiv.org/abs/hep-ph/9403384,1,0,0,0,0,0
1602.03455,http://arxiv.org/abs/hep-ph/9612433,1,0,0,0,0,0
1602.03455,http://arxiv.org/abs/hep-ph/9901362,1,0,0,0,0,0
1602.03455,http://arxiv.org/abs/physics/0402083,1,0,0,0,0,0
1602.03455,http://cdsweb.cern.ch/search?p=LHCb-CONF-2014-004&f=reportnumber&action_search=Search&c=LHCb+Conference+Contributions,1,0,0,0,0,0
1602.03455,http://cdsweb.cern.ch/search?p=LHCb-CONF-2016-001&f=reportnumber&action_search=Search&c=LHCb+Conference+Contributions,1,0,0,0,0,0
1602.03455,http://cdsweb.cern.ch/search?p=LHCb-PUB-2014-046&f=reportnumber&action_search=Search&c=LHCb+Reports,1,0,0,0,0,1
1602.03455,http://creativecommons.org/licenses/by/4.0/,0,0,0,0,0,1
1602.03455,http://dx.doi.org/10.1007/JHEP01(2014)051,0,0,0,0,0,0
1602.03455,http://dx.doi.org/10.1007/JHEP04(2015)043,0,0,0,0,0,0
1602.03455,http://dx.doi.org/10.1007/JHEP08(2015)005,0,0,0,0,0,0
1602.03455,http://dx.doi.org/10.1007/JHEP09(2013)145,0,0,0,0,0,0
1602.03455,http://dx.doi.org/10.1016/0370-2693(88)90836-2,0,0,0,0,0,1
1602.03455,http://dx.doi.org/10.1016/0370-2693(91)90034-N,0,0,0,0,0,0
1602.03455,http://dx.doi.org/10.1016/0370-2693(91)91542-4,0,0,0,0,0,1
1602.03455,http://dx.doi.org/10.1016/0370-2693(91)91756-L,0,0,0,0,0,0
1602.03455,http://dx.doi.org/10.1016/0550-3213(88)90028-4,0,0,0,0,0,0
1602.03455,http://dx.doi.org/10.1016/S0168-9002(01)00089-4,0,0,0,0,0,1
1602.03455,http://dx.doi.org/10.1016/S0168-9002(03)01368-8,0,0,0,0,0,1
1602.03455,http://dx.doi.org/10.1016/S0370-2693(03)00192-8,0,0,0,0,0,1
1602.03455,http://dx.doi.org/10.1016/j.cpc.2008.01.036,1,0,0,0,0,1
1602.03455,http://dx.doi.org/10.1016/j.nima.2005.08.106,1,0,0,0,0,0
1602.03455,http://dx.doi.org/10.1016/j.nima.2005.11.166,1,0,0,0,0,0
1602.03455,http://dx.doi.org/10.1016/j.physletb.2013.08.020,1,0,0,0,0,0
1602.03455,http://dx.doi.org/10.1016/j.physletb.2013.10.057,1,0,0,0,0,1
1602.03455,http://dx.doi.org/10.1016/j.physletb.2014.10.005,1,0,0,0,0,0
1602.03455,http://dx.doi.org/10.1080/14786441008520365,1,0,0,0,0,0
1602.03455,http://dx.doi.org/10.1088/1126-6708/2005/07/028,1,0,0,0,0,1
1602.03455,http://dx.doi.org/10.1088/1126-6708/2006/05/026,1,0,0,0,0,1
1602.03455,http://dx.doi.org/10.1088/1674-1137/38/9/090001,1,0,0,0,0,0
1602.03455,http://dx.doi.org/10.1088/1742-6596/331/3/032023,1,0,0,0,0,1
1602.03455,http://dx.doi.org/10.1088/1742-6596/331/3/032047,1,0,0,0,0,1
1602.03455,http://dx.doi.org/10.1088/1748-0221/3/08/S08005,1,0,0,0,0,1
1602.03455,http://dx.doi.org/10.1093/ptep/ptw030,1,0,0,0,0,1
1602.03455,http://dx.doi.org/10.1103/PhysRevD.50.3433,1,0,0,0,0,0
1602.03455,http://dx.doi.org/10.1103/PhysRevD.63.036005,1,0,0,0,0,0
1602.03455,http://dx.doi.org/10.1103/PhysRevD.76.012006,1,0,0,0,0,0
1602.03455,http://dx.doi.org/10.1103/PhysRevD.79.051301,1,0,0,0,0,0
1602.03455,http://dx.doi.org/10.1103/PhysRevD.79.072003,1,0,0,0,0,1
1602.03455,http://dx.doi.org/10.1103/PhysRevD.80.031102,1,0,0,0,0,1
1602.03455,http://dx.doi.org/10.1103/PhysRevD.80.092002,1,0,0,0,0,0
1602.03455,http://dx.doi.org/10.1103/PhysRevD.86.011101,1,0,0,0,0,1
1602.03455,http://dx.doi.org/10.1103/PhysRevD.87.092007,1,0,0,0,0,0
1602.03455,http://dx.doi.org/10.1103/PhysRevD.89.032001,1,0,0,0,0,0
1602.03455,http://dx.doi.org/10.1103/PhysRevD.90.072003,1,0,0,0,0,0
1602.03455,http://dx.doi.org/10.1103/PhysRevD.90.112002,1,0,0,0,0,1
1602.03455,http://dx.doi.org/10.1103/PhysRevD.91.052002,1,0,0,0,0,0
1602.03455,http://dx.doi.org/10.1103/PhysRevD.92.012012,1,0,0,0,0,1
1602.03455,http://dx.doi.org/10.1103/PhysRevD.92.032002,1,0,0,0,0,0
1602.03455,http://dx.doi.org/10.1103/PhysRevD.93.051101,1,0,0,0,0,0
1602.03455,http://dx.doi.org/10.1103/PhysRevD.93.119902,1,0,0,0,0,0
1602.03455,http://dx.doi.org/10.1103/PhysRevLett.10.531,1,0,0,0,0,0
1602.03455,http://dx.doi.org/10.1103/PhysRevLett.109.131801,1,0,0,0,0,0
1602.03455,http://dx.doi.org/10.1103/PhysRevLett.113.162001,1,0,0,0,0,0
1602.03455,http://dx.doi.org/10.1103/PhysRevLett.116.191601,1,0,0,0,0,0
1602.03455,http://dx.doi.org/10.1103/PhysRevLett.51.1945,1,0,0,0,0,0
1602.03455,http://dx.doi.org/10.1103/PhysRevLett.55.1039,1,0,0,0,0,0
1602.03455,http://dx.doi.org/10.1103/PhysRevLett.78.3257,1,0,0,0,0,0
1602.03455,http://dx.doi.org/10.1109/TNS.2006.869826,1,0,0,0,0,1
1602.03455,http://dx.doi.org/10.1140/epjc/s10052-013-2431-9,1,0,0,0,0,0
1602.03455,http://dx.doi.org/10.1140/epjc/s10052-013-2655-8,1,0,0,0,0,1
1602.03455,http://dx.doi.org/10.1140/epjc/s2005-02169-1,1,0,0,0,0,1
1602.03455,http://dx.doi.org/10.1140/epjc/s2005-02396-4,1,0,0,0,0,1
1602.03455,http://dx.doi.org/10.1142/S0217751X15300227,1,0,0,0,0,1
1602.03455,http://dx.doi.org/10.1143/PTP.49.652,1,0,0,0,0,0
1602.03455,http://dx.doi.org/10.1146/annurev.nucl.49.1.35,1,0,0,0,0,0
1602.03455,http://gammacombo.hepforge.org/,0,0,0,1,1,1
1602.03455,http://inspirehep.net/record/230779/,0,0,0,0,0,0
1602.03455,http://laura.hepforge.org/,0,0,0,1,1,1
1602.03455,http://pdg.lbl.gov/,0,0,0,0,0,0
1602.03455,http://www.slac.stanford.edu/xorg/hfag/,0,0,0,1,0,1
1602.07564,http://dx.doi.org/10.1016/j.jnucmat.2013.01.025,1,1,0,0,1,1
1602.07564,http://dx.doi.org/10.1063/1.1449463,1,1,0,0,1,1
1602.07564,http://dx.doi.org/10.1063/1.3694657,1,1,0,0,0,1
1602.07564,http://dx.doi.org/10.1063/1.4824820,0,1,0,0,0,0
1602.07564,http://dx.doi.org/10.1088/0029-5515/50/3/034002,1,1,0,0,0,1
1602.07564,http://dx.doi.org/10.1088/0029-5515/52/5/054003,0,1,0,0,1,0
1602.07564,http://iopscience.iop.org/0029-5515/50/3/034002/,0,1,0,1,1,1
1602.07564,http://iopscience.iop.org/0029-5515/52/5/054003/,0,1,0,1,0,1
1602.07564,http://link.aip.org/link/?PHP/15/042508/1,1,1,0,1,0,1
1602.07564,http://link.aps.org/doi/10.1103/PhysRevLett.106.225004,1,1,0,1,1,1
1602.07564,http://link.aps.org/doi/10.1103/PhysRevLett.108.255003,1,1,0,1,0,1
1602.07564,http://link.aps.org/doi/10.1103/PhysRevLett.109.035004,1,1,0,1,1,1
1602.07564,http://link.aps.org/doi/10.1103/PhysRevLett.114.105001,1,1,0,1,0,1
1602.07564,http://link.aps.org/doi/10.1103/PhysRevLett.114.105002,1,1,0,1,1,1
1602.07564,http://link.aps.org/doi/10.1103/PhysRevLett.92.235003,1,1,0,1,1,1
1602.07564,http://meetings.aps.org/link/BAPS.2015.DPP.TP12.109,1,1,0,1,0,1
1602.07564,http://scitation.aip.org/content/aip/journal/pop/19/5/10.1063/1.3694657,1,1,0,1,1,1
1602.07564,http://scitation.aip.org/content/aip/journal/pop/20/10/10.1063/1.4824820,1,1,0,1,1,1
1602.07564,http://scitation.aip.org/content/aip/journal/pop/9/5/10.1063/1.1449463,1,1,0,1,0,1
1602.07564,http://stacks.iop.org/0029-5515/47/i=7/a=016,1,1,0,1,1,1
1602.07564,http://stacks.iop.org/0029-5515/49/i=5/a=055025,1,1,0,1,1,1
1602.07564,http://stacks.iop.org/0029-5515/50/i=3/a=034008,1,1,0,1,1,1
1602.07564,http://stacks.iop.org/0029-5515/50/i=3/a=034012,1,1,0,1,1,1
1602.07564,http://stacks.iop.org/0029-5515/52/i=7/a=074004,1,1,0,1,1,1
1602.07564,http://stacks.iop.org/0029-5515/55/i=10/a=104015,1,1,0,1,1,1
1602.07564,http://stacks.iop.org/0029-5515/55/i=4/a=043011,1,1,0,1,1,1
1602.07564,http://stacks.iop.org/0029-5515/55/i=6/a=063027,1,1,0,1,1,1
1602.07564,http://stacks.iop.org/0741-3335/38/i=10/a=002,1,1,0,1,1,1
1602.07564,http://stacks.iop.org/0741-3335/53/i=12/a=124014,1,1,0,1,1,1
1602.07564,http://stacks.iop.org/0741-3335/53/i=6/a=065011,1,1,0,1,1,1
1602.07564,http://stacks.iop.org/0741-3335/55/i=12/a=124037,1,1,0,1,1,1
1602.07564,http://stacks.iop.org/0741-3335/57/i=1/a=014020,1,1,0,1,1,1
1602.07564,http://stacks.iop.org/0741-3335/57/i=5/a=054006,1,1,0,1,1,1
1602.07564,http://stacks.iop.org/0741-3335/57/i=9/a=095008,1,1,0,1,1,1
1602.07564,http://www-naweb.iaea.org/napc/physics/FEC/FEC2012/papers/577_THP427.pdf,1,0,0,1,1,1
1602.07564,http://www.euro-fusionscipub.org/mst1,1,1,0,0,1,1
1602.07564,http://www.sciencedirect.com/science/article/pii/S0022311513000330,1,1,0,1,0,1
1602.07564,www-pub.iaea.org/iaeameetings/46091/25th-Fusion-Energy-Conference-FEC-2014,0,0,0,0,0,0
1602.08429,http://arxiv.org/pdf/1408.5585.pdf,1,0,0,1,1,1
1602.08429,http://dx.doi.org/10.2139/ssrn.2283486,1,0,0,1,1,1
1602.08429,http://ssrn.com/abstract=1112664,1,0,0,1,0,1
1602.08429,mailto:diane.wilcox@wits.ac.za,0,0,1,0,0,0
1702.05374,http://home.heeere.com/data/cvpr-2015/LSSA.zip,1,1,0,0,1,1
1702.05374,http://ise.thss.tsinghua.edu.cn/~mlong/doc/adaptation-regularization-tkde14.zip,1,1,0,0,1,1
1702.05374,http://ise.thss.tsinghua.edu.cn/~mlong/doc/joint-distribution-adaptation-iccv13.zip,1,1,0,0,1,1
1702.05374,http://ise.thss.tsinghua.edu.cn/~mlong/doc/transfer-joint-matching-cvpr14.zip,1,1,0,0,1,1
1702.05374,http://ise.thss.tsinghua.edu.cn/~mlong/doc/transfer-sparse-coding-cvpr13.zip,1,1,0,0,1,1
1702.05374,http://projects.csail.mit.edu/cmplaces/,0,1,0,0,1,1
1702.05374,http://synthia-dataset.net,1,1,0,0,1,1
1702.05374,http://vision.cs.uml.edu/code/DomainTransformsECCV10_v1.tar.gz,1,1,0,0,1,1
1702.05374,http://www-scf.usc.edu/~boqinggo/domain_adaptation/GFK_v1.zip,1,1,0,0,0,0
1702.05374,http://www-scf.usc.edu/~boqinggo/domain_adaptation/landmark_v1.zip,1,1,0,0,0,1
1702.05374,http://www.codeforge.com/article/248440,1,1,0,0,1,1
1702.05374,http://www.cse.ust.hk/%7Eyinz/htl4ic.zip,1,1,0,0,1,1
1702.05374,http://www.ifp.illinois.edu/%7Eqi4/TTI_release_v1.zip,1,1,0,0,1,1
1702.05374,http://www.tatianatommasi.com/2013/DANBNNdemo.tar.gz,1,1,0,0,1,1
1702.05374,http://www.umiacs.umd.edu/~pvishalm/Codes/DomainAdaptDict.zip,1,1,0,0,1,1
1702.05374,http://www.xrce.xerox.com/Research-Development/Computer-Vision/Proxy-Virtual-Worlds,1,1,0,0,1,1
1702.05374,https://cs.stanford.edu/~jhoffman/code/Hoffman_ICLR13_MMDT_v3.zip,1,1,0,0,1,1
1702.05374,https://cs.stanford.edu/~jhoffman/code/hoffman_latent_domains_release_v2.zip,1,1,0,0,1,0
1702.05374,https://drive.google.com/uc?export=download&id=0B9_PW9TCpxT0SEdMQ1pCNzdZekU,1,1,0,0,1,0
1702.05374,https://drive.google.com/uc?export=download&id=0B9_PW9TCpxT0c292bWlRaWtXRHc,1,1,0,0,0,0
1702.05374,https://github.com/BoChen90/machine-learning-matlab/blob/master/TrAdaBoost.m,1,1,0,0,1,1
1702.05374,https://github.com/UCBAIR/decaf-releas,1,1,0,0,1,1
1702.05374,https://github.com/VisionLearningGroup/CORAL,1,1,0,0,1,1
1702.05374,https://github.com/ddtm/caffe/tree/grl,1,1,0,0,0,1
1702.05374,https://github.com/erictzeng/caffe/tree/confusion,1,1,0,0,1,1
1702.05374,https://github.com/ghif/drcn,1,1,0,0,1,1
1702.05374,https://github.com/ghif/mtae,1,1,0,0,1,1
1702.05374,https://github.com/jhoffman/lsda/zipball/master,1,1,0,0,1,1
1702.05374,https://github.com/sclincha/xrce_msda_da_regularization,1,1,0,0,0,1
1702.05374,https://github.com/thuml/transfer-caffe,1,1,0,0,1,1
1702.05374,https://sites.google.com/site/xyzliwen/publications/HFA_release_0315.rar,1,1,0,0,1,1
1702.05374,www.xrce.xerox.com,1,1,0,0,0,1
1702.06272,http://arxiv.org/abs/1702.06272v1,1,0,0,0,0,0
1702.06272,http://webhome.cs.uvic.ca/~dmaslov/,0,0,0,1,1,1
1702.06272,http://www.informatik.uni-bremen.de/rev_lib/index.php,1,1,0,1,1,0
1702.06272,http://www.research.ibm.com/quantum/,0,0,0,1,1,0
1702.06593,http://arxiv.org/abs/1603.09303,1,0,0,0,0,1
1702.06593,http://root.cern.ch/,0,1,0,1,1,1
1702.06593,http://www.nersc.gov/users/computational-systems/cori/,0,1,0,0,1,1
1702.06593,https://fasterdata.es.net/host-tuning/linux/test-measurement-host-tuning/,0,1,0,1,1,1
1702.06593,https://www.es.net/,0,1,0,0,1,1
1702.07578,http://commoncrawl.org,1,0,1,0,1,1
1702.07578,http://oeis.org/A030109,1,0,1,0,1,1
1702.07578,http://pizzachili.dcc.uchile.cl,1,0,1,1,1,1
1702.07578,http://statmt.org/wmt16/translation-task.html,1,0,1,1,1,1
1702.07578,http://www.internationalgenome.org/data,1,0,1,1,1,1
1702.07578,https://github.com/jfuentess/waveletree,1,0,1,0,1,1
1702.07578,https://github.com/jlabeit/wavelet-suffix-fm-index,1,0,1,0,1,1
1702.07578,https://github.com/kurpicz/pwm,1,0,1,0,1,1
1702.07578,https://people.csail.mit.edu/jshun,1,0,1,0,1,1
1702.07578,mailto:florian.kurpicz@tu-dortmund.de,0,0,1,0,0,0
1702.07578,mailto:johannes.fischer@cs.tu-dortmund.de,0,0,1,0,0,0
1702.07578,mailto:marvin.loebel@tu-dortmund.de,0,0,1,0,0,0
1801.09757,http://apai.space/cloudatlas,1,0,1,1,1,1
1801.09757,http://arxiv.org/abs/1709.06565,1,0,1,0,0,1
1801.09757,http://arxiv.org/abs/1710.07194,1,0,1,0,0,1
1801.09757,http://dx.doi.org/10.1038/nature12955,1,0,1,0,0,1
1801.09757,http://dx.doi.org/10.1051/0004-6361/201322068,1,0,1,0,0,1
1801.09757,http://dx.doi.org/10.1051/0004-6361:200400056,1,0,1,0,0,1
1801.09757,http://dx.doi.org/10.1086/316251,1,0,1,0,0,0
1801.09757,http://dx.doi.org/10.1086/377636,1,0,1,0,0,1
1801.09757,http://dx.doi.org/10.1086/507836,1,0,1,0,0,1
1801.09757,http://dx.doi.org/10.1086/519295,1,0,1,0,0,0
1801.09757,http://dx.doi.org/10.1086/596715,1,0,1,0,0,1
1801.09757,http://dx.doi.org/10.1088/0004-6256/137/1/1,1,0,1,0,0,0
1801.09757,http://dx.doi.org/10.1088/0004-637X/701/2/1534,1,0,1,0,0,0
1801.09757,http://dx.doi.org/10.1088/0004-637X/710/2/1142,1,0,1,0,0,1
1801.09757,http://dx.doi.org/10.1088/0004-637X/732/2/107,1,0,1,0,0,1
1801.09757,http://dx.doi.org/10.1088/0004-637X/747/1/35,1,0,1,0,0,0
1801.09757,http://dx.doi.org/10.1088/0004-637X/750/2/105,1,0,1,0,0,1
1801.09757,http://dx.doi.org/10.1088/0004-637X/768/2/121,1,0,1,0,0,0
1801.09757,http://dx.doi.org/10.1088/0004-637X/772/2/129,1,0,1,0,0,1
1801.09757,http://dx.doi.org/10.1088/0004-637X/772/2/79,1,0,1,0,0,0
1801.09757,http://dx.doi.org/10.1088/0004-637X/774/2/95,1,0,1,0,0,0
1801.09757,http://dx.doi.org/10.1088/0004-637X/798/2/127,1,0,1,0,0,0
1801.09757,http://dx.doi.org/10.1088/0004-637X/799/2/154,1,0,1,0,0,1
1801.09757,http://dx.doi.org/10.1088/0004-637X/814/1/65,1,0,1,0,0,0
1801.09757,http://dx.doi.org/10.1088/2041-8205/798/1/L13,1,0,1,0,0,1
1801.09757,http://dx.doi.org/10.1088/2041-8205/813/2/L23,1,0,1,0,0,0
1801.09757,http://dx.doi.org/10.1109/MCSE.2007.53,1,0,1,0,0,1
1801.09757,http://dx.doi.org/10.1109/MCSE.2007.55,1,0,1,0,0,0
1801.09757,http://dx.doi.org/10.1109/MCSE.2011.37,1,0,1,0,0,1
1801.09757,http://dx.doi.org/10.1117/12.968154,1,0,1,0,0,1
1801.09757,http://dx.doi.org/10.3847/0004-637X/818/2/176,1,0,1,0,0,1
1801.09757,http://dx.doi.org/10.3847/0004-637X/826/1/8,1,0,1,0,0,1
1801.09757,http://dx.doi.org/10.3847/0004-637X/830/2/96,1,0,1,0,0,0
1801.09757,http://dx.doi.org/10.3847/1538-3881/aa6481,1,0,1,0,0,1
1801.09757,http://dx.doi.org/10.3847/1538-3881/aa899b,1,0,1,0,0,0
1801.09757,http://dx.doi.org/10.3847/1538-3881/aa984f,1,0,1,0,0,1
1801.09757,http://dx.doi.org/10.3847/1538-4357/833/1/96,1,0,1,0,0,1
1801.09757,http://dx.doi.org/10.3847/1538-4357/aa8e4f,1,0,1,0,0,0
1801.09757,http://dx.doi.org/10.3847/1538-4357/aa90b8,1,0,1,0,0,1
1801.09757,http://dx.doi.org/10.3847/2041-8205/829/2/L32,1,0,1,0,0,1
1801.09757,http://dx.doi.org/10.7717/peerj.453,1,0,1,0,0,1
1801.09757,http://orcid.org/0000-0003-2969-6040,1,0,0,0,0,0
1801.09757,http://stacks.iop.org/1538-3881/154/i=6/a=262,1,0,1,0,0,1
1801.09757,http://www.stsci.edu/cgi-bin/get-proposal-info?observatory=HST&id=14241,1,0,1,1,1,1
1801.09757,http://www2.keck.hawaii.edu/inst/nirspec/redspec.html,1,0,1,0,0,1
1801.09757,mailto:yzhou@as.arizona.edu,0,0,0,0,0,0
1802.00393,http://dictionary.cambridge.org,0,1,0,0,1,1
1802.00393,http://ow.ly/BqCf30jqffN,1,1,0,1,1,1
1802.00393,http://ow.ly/TnuU30jqf7g,1,1,0,1,1,1
1802.00393,http://snap.stanford.edu/class/cs224w-2014/projects2014/cs224w-81-final.pdf,1,1,0,1,1,1
1802.00393,http://thelawdictionary.org,0,1,0,0,1,1
1802.00393,https://github.com/ENCASEH2020/hatespeech-twitter,1,1,0,1,1,1
1802.00393,https://goo.gl/sX2Apb,1,1,0,1,1,1
1802.00393,https://www.hatebase.org,1,1,0,0,1,1
1802.00393,https://www.noswearing.com/dictionary,1,1,0,0,1,1
1802.00393,mailto:@csd.auth.gr,0,0,0,0,0,0
1802.00393,mailto:blackburn@uab.edu,0,0,0,0,0,0
1802.00393,mailto:g.stringhini@ucl.ac.uk,0,0,0,0,0,0
1802.00393,mailto:ilias.leontiadisg@telefonica.com,0,0,0,0,0,0
1802.00393,mailto:michael.sirivianosg@cut.ac.cy,0,0,0,0,0,0
1802.00393,www.aaai.org,1,0,0,0,0,1
1802.02548,http://weather.unisys.com/hurricane/atlantic/,0,1,0,0,1,1
1802.02548,https://keras.io/layers/recurrent/,0,1,0,0,1,1
1802.02548,https://www.nhc.noaa.gov/modelsummary.shtml,1,1,0,0,1,1
1802.02548,https://www.nhc.noaa.gov/verification/verify8.shtml,1,1,0,0,1,1
1802.02764,http://arxiv.org/abs/gr-qc/0510074,1,0,0,0,0,1
1802.02764,http://neat.obs.ujf-grenoble.fr/NEAT.html,1,1,0,1,1,1
1802.02764,http://ssd.jpl.nasa.gov/,0,0,0,1,1,1
1802.02764,http://www.physics.uoguelph.ca/poisson/research/postN.pdf,1,1,0,1,1,1
1802.03793,http://arxiv.org/abs/1804.05942,1,1,1,1,0,1
1802.03793,http://dx.doi.org/10.1016/S0004-3702(97)00008-8,1,1,1,1,0,0
1802.03793,http://sybrandt.com/2018/validation,1,0,1,0,0,1
1802.03793,http://view.ncbi.nlm.nih.gov/pubmed/15608251,1,1,1,1,1,1
1802.03793,http://www.sciencedirect.com/science/article/pii/S0925231215014502,1,1,1,1,0,1
1802.03793,https://doi.org/10.1186/1471-2105-6-S1-S1,1,1,1,1,1,1
1802.03793,https://www.ncbi.nlm.nih.gov/books/NBK9684/,0,1,1,1,1,1
1802.03793,https://www.ncbi.nlm.nih.gov/pubmed/,0,1,1,1,0,1
1802.03793,www.genenames.org,1,1,1,1,0,1
1802.03804,http://arxiv.org/abs/1802.03804v1,1,0,0,0,0,0
1802.03804,http://simbad.u-strasbg.fr/simbad/sim-ﬁd,1,0,0,0,0,0
1802.03804,http://www.iop.org/journals/raa,1,0,0,0,1,0
1802.03804,http://www.raa-journal.org,1,0,0,0,1,0
1802.03804,http://www.usno.navy.mil/USNO/astrometry/optical-IR-prod/wds/int4,1,1,0,0,1,1
1802.04006,http://arxiv.org/abs/1802.04006v3,1,0,0,0,0,0
1802.04006,http://pari.math.u-bordeaux.fr/,0,1,0,1,1,1
1802.04006,http://pmb.univ-fcomte.fr/1986/Jaulent_these.pdf,1,1,0,0,1,0
1802.04006,http://www.math.u-bordeaux.fr/~jovillan/,0,0,0,0,1,1
1802.04006,mailto:jovillan@math.u-bordeaux.fr,0,0,1,0,0,0
1802.04200,http://www.statmt.org/moses/,0,1,0,0,0,1
1802.04200,https://github.com/eske/seq2seq,1,1,0,0,1,1
1802.04200,https://persyval-platform.univ-grenoble-alpes.fr/DS91/detaildataset,1,1,0,0,1,1
1802.04200,https://www.gutenberg.org/,0,1,0,0,1,1
1802.04915, https://geth.ethereum.org ,0,1,0,0,0,0
1802.04915,http://ethdocs.org/en/latest/contracts-and-transactions/account-types-gas-and-transactions.html#what-is-gas,1,1,0,0,1,1
1802.04915,http://www.oraclize.it/,0,0,1,0,1,1
1802.04915,https://docs.oraclize.it/#security-tlsnotary-proof,1,1,0,0,1,1
1802.04915,https://github.com/VelocityMarket/Options-Contract,1,1,1,1,1,1
1802.04915,https://github.com/VelocityMarket/Options-Contract/commit/f3c8d0ef66b886c9ee8b432e92c83f3a4fb525ba,1,1,1,0,1,1
1802.04915,https://github.com/VelocityMarket/pricegeth,1,1,1,0,1,1
1802.04915,https://github.com/ethereum/EIPs/issues/150,1,1,1,1,1,1
1802.04915,https://github.com/slockit/DAO,1,1,1,0,1,1
1802.04915,https://smartcontract.com/,0,1,1,0,1,1
1802.04915,https://www.bitstamp.net/api/v2/ticker/btcusd,0,0,0,0,0,0
1802.06772,atlas.brainnetome.org,0,0,0,0,0,0
1802.06772,balsa.wustl.edu/study/show/RVVG,1,0,0,0,0,1
1802.06772,balsa.wustl.edu/study/show/WG33,1,0,0,0,0,1
1802.06772,cbica.upenn.edu/sbia/software/grasp/index.html ,0,0,0,0,0,0
1802.06772,db.humanconnectome.org,0,0,0,0,0,0
1802.06772,db.humanconnectome.org/data/projects/HCP_500,1,0,0,0,0,1
1802.06772,http://biomedia.doc.ic.ac.uk/brain-parcellation-survey,1,1,1,1,1,1
1802.06772,http://www.developingconnectome.org/,0,1,1,1,1,1
1802.06772,http://www.humanconnectome.org/documentation/S900/HCP_S900_Release_Reference_Manual.pdf,1,1,1,0,1,1
1802.06772,https://cnx.org/contents/FPtK1zmh@8.25:94lv8wHH@4/The-Central-Nervous-System,1,1,1,0,0,1
1802.06772,https://commons.wikimedia.org/wiki/File:Blausen_0654_MRI_01.png,1,1,1,1,1,1
1802.06772,https://commons.wikimedia.org/wiki/File:Skull_and_brain_normal_human.svg,1,1,1,1,1,1
1802.06772,https://db.humanconnectome.org/,0,1,1,0,0,1
1802.06772,https://en.wikipedia.org/wiki/File:DiffusionMRI_glyphs.png,1,1,1,0,1,1
1802.06772,https://github.com/parisots/SpectralParcellation,1,1,1,1,1,1
1802.06772,https://www.humanconnectome.org/,0,1,1,1,1,0
1802.06772,www.doc.ic.ac.uk/~sa1013/codes.html,1,0,0,0,0,1
1802.06772,www.doc.ic.ac.uk/~sparisot,1,0,0,0,1,1
1802.06772,www.gin.cnrs.fr/AAL2_files/aal2_for_SPM12.tar.gz,1,0,0,0,0,1
1802.06772,www.nil.wustl.edu/labs/petersen/Resources.html,1,0,0,0,0,1
1802.06772,www.nitrc.org/frs/?group_id=51,1,0,0,0,0,1
1802.06772,www.nitrc.org/projects/niak/,0,0,0,0,0,0
1802.06772,www.princeton.edu/~chrisb/code.html,1,0,0,0,0,1
1802.09206,http://adsabs.harvard.edu/abs/1968PhRv..170.1186N,1,1,1,0,0,0
1802.09206,http://adsabs.harvard.edu/abs/1971ApJ...163..595T,1,1,1,0,0,0
1802.09206,http://adsabs.harvard.edu/abs/1991ApJ...367L...9K,1,1,1,0,0,0
1802.09206,http://adsabs.harvard.edu/abs/1998MNRAS.294..429D,1,1,1,0,0,0
1802.09206,http://adsabs.harvard.edu/abs/2004MNRAS.352..440H,1,1,1,0,0,0
1802.09206,http://adsabs.harvard.edu/abs/2008ApJ...679..675V,1,1,1,0,0,0
1802.09206,http://adsabs.harvard.edu/abs/2008ApJ...685L..67D,1,1,1,0,0,0
1802.09206,http://adsabs.harvard.edu/abs/2009CQGra..26g3001K,1,1,1,0,0,0
1802.09206,http://adsabs.harvard.edu/abs/2009IPNPR.178C...1F,1,1,1,0,0,0
1802.09206,http://adsabs.harvard.edu/abs/2009MNRAS.400..805L,1,1,1,0,0,0
1802.09206,http://adsabs.harvard.edu/abs/2010A%26A...522L...5H,1,1,1,0,0,0
1802.09206,http://adsabs.harvard.edu/abs/2011ApJ...743..102G,1,1,1,0,0,0
1802.09206,http://adsabs.harvard.edu/abs/2011IJMPD..20..989N,1,1,1,0,0,0
1802.09206,http://adsabs.harvard.edu/abs/2011LRR....14....2U,1,1,1,0,0,0
1802.09206,http://adsabs.harvard.edu/abs/2012CQGra..29r4004W,1,1,1,0,0,0
1802.09206,http://adsabs.harvard.edu/abs/2012CQGra..29r4006M,1,1,1,0,0,0
1802.09206,http://adsabs.harvard.edu/abs/2012CQGra..29r4007F,1,1,1,0,0,0
1802.09206,http://adsabs.harvard.edu/abs/2012MNRAS.423.3328F,1,1,1,0,0,0
1802.09206,http://adsabs.harvard.edu/abs/2013CQGra..30v4004E,1,1,1,0,0,0
1802.09206,http://adsabs.harvard.edu/abs/2013MNRAS.428.1147V,1,1,1,0,0,0
1802.09206,http://adsabs.harvard.edu/abs/2013PhRvD..87j4021L,1,1,1,0,0,0
1802.09206,http://adsabs.harvard.edu/abs/2014A%26A...571A..27P,1,1,1,0,0,0
1802.09206,http://adsabs.harvard.edu/abs/2014ApJ...783..130R,1,1,1,0,0,0
1802.09206,http://adsabs.harvard.edu/abs/2014ApJ...794...21D,1,1,1,0,0,0
1802.09206,http://adsabs.harvard.edu/abs/2014LRR....17....4W,1,1,1,0,0,0
1802.09206,http://adsabs.harvard.edu/abs/2014MNRAS.437.3004L,1,1,1,0,0,0
1802.09206,http://adsabs.harvard.edu/abs/2014MNRAS.445.3133P,1,1,1,0,0,0
1802.09206,http://adsabs.harvard.edu/abs/2014Natur.505..520R,1,1,1,0,0,0
1802.09206,http://adsabs.harvard.edu/abs/2015ApJ...809...41Z,1,1,1,0,0,0
1802.09206,http://adsabs.harvard.edu/abs/2015ApJ...813...65T,1,1,1,0,0,0
1802.09206,http://adsabs.harvard.edu/abs/2015CeMDA.123..325F,1,1,1,0,0,1
1802.09206,http://adsabs.harvard.edu/abs/2015aska.confE..36K,1,1,1,0,0,0
1802.09206,http://adsabs.harvard.edu/abs/2016A%26A...595A...1G,1,1,1,0,0,0
1802.09206,http://adsabs.harvard.edu/abs/2016IJMPD..2530029K,1,1,1,0,0,0
1802.09206,http://adsabs.harvard.edu/abs/2016MNRAS.455.1751R,1,1,1,0,0,0
1802.09206,http://adsabs.harvard.edu/abs/2016MNRAS.458.3341D,1,1,1,0,0,0
1802.09206,http://adsabs.harvard.edu/abs/2016PhRvD..93h4023S,1,1,1,0,0,0
1802.09206,http://adsabs.harvard.edu/abs/2016RaSc...51.1060L,1,1,1,0,0,0
1802.09206,http://adsabs.harvard.edu/abs/2017MNRAS.465...76M,1,1,1,0,0,0
1802.09206,http://arxiv.org/abs/1402.5594,1,0,1,0,0,0
1802.09206,http://arxiv.org/abs/1509.05446,1,0,1,0,0,0
1802.09206,http://arxiv.org/abs/1801.01837,1,0,1,0,0,0
1802.09206,http://arxiv.org/abs/1801.08999,1,0,1,0,0,0
1802.09206,http://arxiv.org/abs/1802.09206v1,1,0,0,0,0,0
1802.09206,http://dx.doi.org/10.1002/2015RS005877,1,0,1,0,0,0
1802.09206,http://dx.doi.org/10.1007/s10569-015-9639-y,1,0,1,0,0,1
1802.09206,http://dx.doi.org/10.1007/s11433-016-0087-6,1,0,1,0,0,0
1802.09206,http://dx.doi.org/10.1038/nature12917,1,0,1,0,0,0
1802.09206,http://dx.doi.org/10.1046/j.1365-8711.1998.01282.x,1,0,1,0,0,0
1802.09206,http://dx.doi.org/10.1051/0004-6361/201015659,1,0,1,0,0,0
1802.09206,http://dx.doi.org/10.1051/0004-6361/201321556,1,0,1,0,0,0
1802.09206,http://dx.doi.org/10.1051/0004-6361/201629272,1,0,1,0,0,0
1802.09206,http://dx.doi.org/10.1086/150803,1,0,1,0,0,0
1802.09206,http://dx.doi.org/10.1086/185920,1,0,1,0,0,0
1802.09206,http://dx.doi.org/10.1086/497109,1,0,1,0,0,0
1802.09206,http://dx.doi.org/10.1086/529576,1,0,1,0,0,0
1802.09206,http://dx.doi.org/10.1086/587738,1,0,1,0,0,0
1802.09206,http://dx.doi.org/10.1086/592401,1,0,1,0,0,0
1802.09206,http://dx.doi.org/10.1088/0004-637X/743/2/102,1,0,1,0,0,0
1802.09206,http://dx.doi.org/10.1088/0004-637X/783/2/130,1,0,1,0,0,0
1802.09206,http://dx.doi.org/10.1088/0004-637X/794/1/21,1,0,1,0,0,0
1802.09206,http://dx.doi.org/10.1088/0004-637X/809/1/41,1,0,1,0,0,0
1802.09206,http://dx.doi.org/10.1088/0004-637X/813/1/65,1,0,1,0,0,0
1802.09206,http://dx.doi.org/10.1088/0264-9381/26/7/073001,1,0,1,0,0,0
1802.09206,http://dx.doi.org/10.1088/0264-9381/29/18/184004,1,0,1,0,0,0
1802.09206,http://dx.doi.org/10.1088/0264-9381/29/18/184006,1,0,1,0,0,0
1802.09206,http://dx.doi.org/10.1088/0264-9381/29/18/184007,1,0,1,0,0,0
1802.09206,http://dx.doi.org/10.1088/0264-9381/29/21/215018,1,0,1,0,0,0
1802.09206,http://dx.doi.org/10.1088/0264-9381/30/22/224004,1,0,1,0,0,0
1802.09206,http://dx.doi.org/10.1088/1742-6596/716/1/012014,1,0,1,0,0,0
1802.09206,http://dx.doi.org/10.1093/mnras/sts097,1,0,1,0,0,0
1802.09206,http://dx.doi.org/10.1093/mnras/stt2122,1,0,1,0,0,0
1802.09206,http://dx.doi.org/10.1093/mnras/stu1948,1,0,1,0,0,0
1802.09206,http://dx.doi.org/10.1093/mnras/stv2395,1,0,1,0,0,0
1802.09206,http://dx.doi.org/10.1093/mnras/stw2759,1,0,1,0,0,0
1802.09206,http://dx.doi.org/10.1093/mnras/stw483,1,0,1,0,0,0
1802.09206,http://dx.doi.org/10.1103/PhysRev.170.1186,1,0,1,0,0,0
1802.09206,http://dx.doi.org/10.1103/PhysRevD.87.104021,1,0,1,0,0,0
1802.09206,http://dx.doi.org/10.1103/PhysRevD.93.084023,1,0,1,0,0,0
1802.09206,http://dx.doi.org/10.1111/j.1365-2966.2004.07931.x,1,0,1,0,0,0
1802.09206,http://dx.doi.org/10.1111/j.1365-2966.2006.10870.x,1,0,1,0,0,0
1802.09206,http://dx.doi.org/10.1111/j.1365-2966.2009.15481.x,1,0,1,0,0,0
1802.09206,http://dx.doi.org/10.1111/j.1365-2966.2012.21253.x,1,0,1,0,0,0
1802.09206,http://dx.doi.org/10.1142/S0218271811019335,1,0,1,0,0,0
1802.09206,http://dx.doi.org/10.1142/S0218271816300299,1,0,1,0,0,0
1802.09206,http://dx.doi.org/10.12942/lrr-2011-2,1,0,1,0,0,0
1802.09206,http://dx.doi.org/10.12942/lrr-2014-4,1,0,1,0,0,0
1802.09206,http://dx.doi.org/10.5281/zenodo.251456,1,0,1,0,0,0
1802.09206,http://sci.esa.int/gaia/,0,0,0,0,1,1
1802.09206,https://doi.org/10.5281/zenodo.251456,1,1,1,1,1,1
1802.09206,https://github.com/LindleyLentati/TempoNest,1,1,1,0,1,1
1802.09206,https://github.com/jellis18/PAL2,1,1,1,0,1,1
1802.09206,www.epta.eu.org,1,1,1,0,1,1
1802.09206,www.nanograv.org,1,1,1,0,1,1
1901.00005,https://www.cosmos.esa.int/gaia,1,1,1,1,1,1
1901.00005,https://www.cosmos.esa.int/web/gaia/dpac/consortium,1,1,1,1,1,1
1901.02923,http://www.jstor.org/stable/23245561,1,1,0,1,0,1
1901.02923,https://www.eia.gov/electricity/monthly/,0,1,0,1,1,0
1901.02923,https://www.energycentral.com/c/ec/ferc-settlements-illustrate-attempts-game-demand-response-programs,1,1,0,1,1,1
1901.03299,http://cdn.intechweb.org/pdfs/13495.pdf%5Cnhttp://www.intechopen.com/source/pdfs/13495/InTech-P300_based_brain_computer_interface_paradigm_design.pdf,1,1,0,1,1,1
1901.03299,http://iopscience.iop.org/article/10.1088/1741-2560/4/2/R01/pdf,1,1,0,1,1,1
1901.03299,http://linkinghub.elsevier.com/retrieve/pii/0013469488901496,1,1,0,1,1,1
1901.03299,http://web.stanford.edu/~hastie/ElemStatLearn/printings/ESLII_print12.pdf,1,1,0,1,1,1
1901.03299,http://www.ncbi.nlm.nih.gov/pubmed/12048038,1,1,0,1,1,1
1901.03299,http://www.ncbi.nlm.nih.gov/pubmed/20347387http://www.pubmedcentral.nih.gov/articlerender.fcgi?artid=PMC2879474,0,0,0,0,1,0
1901.03299,http://www.tandfonline.com/10.1080/2326263X.2018.1552357,1,1,0,0,1,1
1901.03299,http://www.tandfonline.com/doi/abs/10.1080/00401706.1968.10490530#.VSr0bt93PeQ,1,1,0,1,0,1
1901.03299,https://ac.els-cdn.com/S0301051106001396/1-s2.0-S0301051106001396-main.pdf?_tid=97940708-389c-4f94-97b9-e9afb06c4548&acdnat=1525103613_c14a43c6940d85488ed7ba692b3ea6dd,1,1,0,0,0,1
1901.03299,https://hal.archives-ouvertes.fr/hal-00521054/document,1,1,0,1,1,1
1901.03299,https://www.degruyter.com/view/j/mms.2012.19.issue-3/v10178-012-0037-4/v10178-012-0037-4.xml,1,1,0,1,1,1
1901.04687,http://www.pascal-network.org/challenges/VOC/voc2007/workshop/index.html,0,1,0,1,0,0
1901.04687,https://arxiv.org/abs/1711.05908,0,0,0,1,1,0
1901.10437,http://arxiv.org/abs/1704.06840,1,1,1,1,0,1
1901.10437,http://www.statistics4u.com/fundstat_eng/cc_optim_meth_brutefrc.html,1,0,1,0,0,0
1901.10437,https://doi.org/10.1111/j.1083-6101.2006.00025.x,1,1,1,1,0,1
1901.10437,https://doi.org/10.1145/3038912.3052613,1,1,1,1,0,1
1901.10437,https://investor.fb.com/investor-news/press-release-details/2018/Facebook-Reports-Second-Quarter-2018-Results/default.aspx,0,1,0,0,0,0
1901.10437,https://www.beckershospitalreview.com/human-capital-and-risk/gender-ratio-of-nurses-across-50-states.html,0,1,0,1,1,0
1901.10437,https://www.blog.google/products/ads/ads-and-analytics-innovations-for-a-mobile-first-world/,0,1,1,1,0,1
1901.10437,https://www.faceplusplus.com,1,0,1,0,1,1
1901.10437,https://www.reuters.com/article/us-amazon-com-jobs-automation-insight/amazon-scraps-secret-ai-recruiting-tool-that-showed-bias-against-women-idUSKCN1MK08G,0,1,0,1,0,0
1901.10550,http://proceedings.mlr.press/v104/du19a.html,1,1,1,1,0,1
1901.10550,https://CRAN.R-project.org/doc/Rnews/,0,1,1,1,0,1
1901.10550,https://CRAN.R-project.org/package=grf,1,1,1,0,1,1
1901.10550,https://doi.org/,0,0,0,0,1,1
1901.10550,https://doi.org/10.1007/s10618-014-0383-9,1,1,1,1,1,1
1901.10550,https://doi.org/10.1023/A:1010933404324,1,1,1,1,0,1
1901.10550,https://doi.org/10.18637/jss.v081.i02,1,1,0,1,0,1
1901.10550,https://github.com/tuye0305/prophet,1,1,1,1,1,1
1902.00579,https://evalai.cloudcv.org/web/challenges/challenge-page/103/leaderboard/298,1,1,1,0,1,1
1902.00579,https://evalai.cloudcv.org/web/challenges/challenge-page/161/leaderboard/483,1,1,1,0,1,1
1902.00579,https://evalai.cloudcv.org/web/challenges/challenge-page/161/overview,1,1,1,0,1,0
1902.00579,https://visualdialog.org/challenge/2019,1,1,1,0,1,1
1902.00579,https://visualdialog.org/data,1,1,1,0,0,1
1902.01117,https://msdn.microsoft.com/en-us/library/hh361572(v=oﬃce.14).aspx ,0,0,0,0,0,0
1902.01117,https://www.leapmotion.com/,0,0,0,0,1,1
1902.01117,https://www.microsoft.com/en-us/hololens,1,1,0,0,1,1
1902.02949,http://archive.ics.uci.edu/ml,1,1,1,1,1,1
1902.02949,https://doi.org/10.1109/TEVC.2018.2808689,1,0,0,1,1,1
1902.02949,https://doi.org/10.1109/TNNLS.2018.2881143,1,0,0,1,1,1
1902.04324,http://arxiv.org/abs/1510.06896,1,0,0,0,0,1
1902.04324,http://www.asc.tuwien.ac.at/winfried,0,0,0,0,0,0
1902.04324,http://www.harald-hofstaetter.at,1,0,0,0,1,1
1902.04324,https://doi.org/10.1006/jcph.2001.6956,1,0,1,0,1,1
1902.04324,https://doi.org/10.1016/j.aml.2018.03.001,1,0,1,0,1,1
1902.04324,https://doi.org/10.1016/j.cam.2019.02.011,1,0,1,0,0,1
1902.04324,https://mat.ug.edu.pl/kmalina,0,0,0,0,0,0
1902.04324,https://www.maths.ox.ac.uk/people/pranav.singh,1,0,0,0,1,1
1902.04992,http://opencv.org/,0,0,0,0,1,0
1902.04992,http://www.csie.ntu.edu.tw/cjlin/liblinear/,0,0,0,0,0,0
1902.04992,http://www.phash.org/,0,0,0,0,1,1
1902.04992,https://github.com/BVLC/caﬀe/wiki/Model-Zoo,0,0,0,0,0,0
1902.04992,https://github.com/engharat/SBADAGAN,1,1,0,0,1,1
1902.04992,https://github.com/fchollet/keras,1,1,1,1,1,1
1902.04992,https://github.com/fmcarlucci/de2co,1,1,1,1,1,1
1902.04992,https://images.google.com/,0,0,0,0,1,1
1902.04992,https://people.eecs.berkeley.edu/~jhoffman/domainadapt,1,0,0,0,0,1
1902.04992,https://sites.google.com/site/vandaldepthnet/,0,0,1,1,1,1
1902.04992,https://www.instagram.com/,0,0,0,0,1,1
1902.04992,https://www.pinterest.com/,0,0,0,0,1,1
1902.04992,mailto:fabiom.carlucci@gmail.com,0,0,0,0,0,0
1902.04992,www.blender.org,0,0,0,0,1,1
1902.05009,http://archive.ics.uci.edu/ml,1,1,1,1,0,1
1902.05009,http://www.cs.toronto.edu/~delve/data/ringnorm/desc.html,1,1,1,1,1,1
1902.05009,https://cloud.google.com/automl/,0,1,1,0,0,1
1902.05009,https://doi.org/10.1145/3290605.3300911,1,0,0,0,1,1
1902.05009,https://github.com/HDI-Project/ATMSeer,1,1,1,1,1,1
1902.05009,https://medium.com/@MLJARofficial/automl-comparison-4b01229fae5e,1,1,1,1,1,1
1902.05009,https://mljar.com/,0,1,1,1,1,1
1902.05009,https://sigopt.com/,0,1,1,1,1,1
1902.05009,https://www.openml.org/d/949,1,1,1,1,1,1
1902.06636,http://arxiv.org/abs/1602.08296,1,0,0,0,0,1
1902.06636,http://arxiv.org/abs/1801.02634,1,0,0,0,0,1
1902.06636,http://arxiv.org/abs/1807.06208,1,0,0,0,0,1
1902.06636,http://javiercarron.com/publications,1,0,0,1,1,1
1902.06636,http://www.esa.int/Planck,1,0,0,0,1,1
1902.06636,https://cosmologist.info/notes/CAMB.pdf,1,0,0,1,1,1
1902.06636,https://healpix.jpl.nasa.gov/html/facilitiesnode8.htm,1,0,0,1,1,1
1902.08379,http://dx.doi.org/10.1287/opre.4.5.503,1,1,0,0,0,1
1902.08379,http://gamma.cs.unc.edu/RVO2/,0,0,0,1,1,1
1902.08379,https://doi.org/10.1007/s10846-016-0338-z,1,1,0,1,1,1
1902.08379,https://doi.org/10.1145/967900.967919,1,1,0,1,0,1
1902.10875,http://dx.doi.org/10.1007/s00158-011-0666-3,1,0,0,0,0,1
1902.10875,http://dx.doi.org/10.5281/zenodo.11365,1,0,0,0,0,1
1902.10875,http://research.intusurg.com/dvrkwiki,1,1,1,0,1,1
1902.10875,https://github.com/WPI-AIM/dvrk_dynamics_identification,1,1,1,0,1,0
1902.10875,https://github.com/cvxgrp/scs,1,1,0,1,0,1
1902.10875,https://zenodo.org/record/11365,1,1,0,1,1,1
2001.00228,http://lorenabarba.com,1,0,1,0,1,1
2001.00228,http://openedgroup.org/fellowship,1,0,1,0,0,1
2001.00228,http://openedx.seas.gwu.edu,1,0,1,1,1,1
2001.00228,https://doi.org/10.21105/jose.00021,1,0,1,0,0,1
2001.00228,https://github.com/engineersCode/EngComp,1,0,1,1,0,1
2001.00228,https://github.com/ibleducation/jupyter-edx-grader-xblock,1,0,1,1,1,1
2001.00228,https://github.com/ibleducation/jupyter-viewer-xblock,1,0,1,1,1,1
2001.00228,https://numfocus.org,1,0,1,1,0,1
2001.00228,https://youtu.be/4-P0gptDT40,1,0,1,1,0,1
2001.02746,http://dx.doi.org/0.1145/2556288.2557327,1,1,0,1,0,1
2001.02746,http://dx.doi.org/10.1002/(SICI)1521-4036(200001)42:1<17::AID-BIMJ17>3.0.CO;2-U,0,1,0,0,1,1
2001.02746,http://dx.doi.org/10.1002/j.2162-6057.2001.tb01045.x,1,1,0,1,1,1
2001.02746,http://dx.doi.org/10.1002/sim.3561,1,1,0,1,1,1
2001.02746,http://dx.doi.org/10.1007/978-0-85729-224-7_22,1,1,0,1,1,1
2001.02746,http://dx.doi.org/10.1007/978-3-319-27261-0_50,1,1,0,1,1,1
2001.02746,http://dx.doi.org/10.1007/978-3-642-87617-2_14,1,1,0,0,1,1
2001.02746,http://dx.doi.org/10.1007/s00163-015-0212-1,1,1,0,1,1,1
2001.02746,http://dx.doi.org/10.1016/0142-694X(91)90003-F,1,1,0,1,1,0
2001.02746,http://dx.doi.org/10.1016/S0142-694X(02)00034-0,1,1,0,1,1,0
2001.02746,http://dx.doi.org/10.1016/S0166-4115(08)62386-9,1,1,0,1,1,0
2001.02746,http://dx.doi.org/10.1016/j.csda.2006.05.024,1,1,0,1,1,1
2001.02746,http://dx.doi.org/10.1016/j.destud.2007.09.001,1,1,0,1,1,1
2001.02746,http://dx.doi.org/10.1017/S0890060400000536,1,1,0,1,0,1
2001.02746,http://dx.doi.org/10.1037/h0021659,1,1,0,1,1,1
2001.02746,http://dx.doi.org/10.1037/h0040755,1,1,0,1,1,1
2001.02746,http://dx.doi.org/10.1037/h0046364,1,1,0,1,1,1
2001.02746,http://dx.doi.org/10.1037/h0048850,1,1,0,1,1,1
2001.02746,http://dx.doi.org/10.1037/h0093502,1,1,0,1,1,1
2001.02746,http://dx.doi.org/10.1037/h0093599,1,1,0,1,1,1
2001.02746,http://dx.doi.org/10.1057/palgrave.ivs.9500131,1,1,0,1,1,1
2001.02746,http://dx.doi.org/10.1080/00031305.2017.1305291,1,1,0,1,1,1
2001.02746,http://dx.doi.org/10.1080/21650349.2018.1463178,1,1,0,1,1,1
2001.02746,http://dx.doi.org/10.1111/1467-8721.00202,1,1,0,1,0,1
2001.02746,http://dx.doi.org/10.1115/1.2830844,1,1,0,1,1,1
2001.02746,http://dx.doi.org/10.1115/detc2016-59926,1,1,0,1,0,1
2001.02746,http://dx.doi.org/10.1145/1254960.1254987,1,1,0,1,1,1
2001.02746,http://dx.doi.org/10.1145/1718918.1718938,1,1,0,1,1,1
2001.02746,http://dx.doi.org/10.1145/2076354.2076386,1,1,0,1,0,1
2001.02746,http://dx.doi.org/10.1145/237091.237119,1,1,0,1,0,1
2001.02746,http://dx.doi.org/10.1145/2399016.2399069,1,1,0,1,1,1
2001.02746,http://dx.doi.org/10.1145/2556288.2557394,1,1,0,1,1,1
2001.02746,http://dx.doi.org/10.1145/2675133.2675239,1,1,0,1,1,1
2001.02746,http://dx.doi.org/10.1145/2757226.2757230,1,1,0,1,1,1
2001.02746,http://dx.doi.org/10.1145/2939672.2939754,1,1,0,1,0,1
2001.02746,http://dx.doi.org/10.1145/2998181.2998208,1,1,0,1,1,1
2001.02746,http://dx.doi.org/10.1145/3025453.3025464,1,1,0,1,1,1
2001.02746,http://dx.doi.org/10.1145/3025453.3025825,1,1,0,1,1,1
2001.02746,http://dx.doi.org/10.1145/3059454.3059477,1,1,0,1,0,1
2001.02746,http://dx.doi.org/10.1145/317426.317444,1,1,0,1,1,1
2001.02746,http://dx.doi.org/10.1145/3313831.3376746,1,1,0,0,1,1
2001.02746,http://dx.doi.org/10.1145/3325480.3325497,1,1,0,1,1,1
2001.02746,http://dx.doi.org/10.1287/mnsc.40.11.1514,1,1,0,1,1,1
2001.02746,http://dx.doi.org/10.1515/humor-2012-0015,1,1,0,1,1,1
2001.02746,http://dx.doi.org/10.2466/PR0.4.3.343-350,1,1,0,1,1,1
2001.02746,http://dx.doi.org/10.2514/6.2019-2347,1,1,0,1,0,1
2001.02746,http://dx.doi.org/10.3233/jid-2013-0018,1,1,0,1,1,1
2001.02746,http://dx.doi.org/10.5281/zenodo.2596847,1,1,0,1,1,1
2001.02746,https://mindnode.com/,0,1,1,1,1,1
2001.02746,https://www.mindmeister.com/,0,1,1,1,1,1
2001.02746,https://www.mindomo.com/,0,1,1,1,1,1
2001.05815,http://arxiv.org/abs/2001.05815v1,1,0,0,0,0,0
2001.05815,https://arxiv.org/abs/1705.03585,1,1,0,1,1,1
2001.05815,https://arxiv.org/abs/1707.02226,1,1,0,1,1,1
2001.05815,https://arxiv.org/abs/1905.03797,1,1,0,1,1,1
2001.11605,http://ascl.net/1610.004,1,0,1,1,0,1
2001.11605,http://doi.org/10.1006/icar.1995.1190,1,0,1,0,0,1
2001.11605,http://doi.org/10.1006/icar.2000.6383,1,0,1,0,0,1
2001.11605,http://doi.org/10.1006/icar.2000.6420,1,0,1,0,0,1
2001.11605,http://doi.org/10.1006/icar.2002.6850,1,0,1,0,0,1
2001.11605,http://doi.org/10.1007/BF00896489,1,0,1,0,0,1
2001.11605,http://doi.org/10.1016/j.icarus.2008.12.044,1,0,1,0,0,1
2001.11605,http://doi.org/10.1016/j.icarus.2011.02.007,1,0,1,0,0,1
2001.11605,http://doi.org/10.1016/j.icarus.2011.12.010,1,0,1,0,0,1
2001.11605,http://doi.org/10.1016/j.pss.2003.12.002,1,0,1,0,0,1
2001.11605,http://doi.org/10.1038/nature25020,1,0,1,0,0,1
2001.11605,http://doi.org/10.1038/s41550-019-0816-x,1,0,1,0,0,1
2001.11605,http://doi.org/10.1038/s41550-019-0931-8,1,0,1,0,0,1
2001.11605,http://doi.org/10.1038/s41586-018-0254-4,1,0,1,0,0,1
2001.11605,http://doi.org/10.1051/0004-6361/201527628,1,0,1,0,0,1
2001.11605,http://doi.org/10.1051/0004-6361/201833582,1,0,1,0,0,1
2001.11605,http://doi.org/10.1051/0004-6361/201833960,1,0,1,0,0,1
2001.11605,http://doi.org/10.1051/0004-6361/201936959,1,0,1,0,0,1
2001.11605,http://doi.org/10.1086/169155,1,0,1,0,0,1
2001.11605,http://doi.org/10.1086/173824,1,0,1,0,0,1
2001.11605,http://doi.org/10.1088/0004-6256/136/5/2204,1,0,1,0,0,1
2001.11605,http://doi.org/10.1088/0004-6256/147/1/24,1,0,1,0,0,1
2001.11605,http://doi.org/10.1088/0004-637X/704/1/733,1,0,1,0,0,1
2001.11605,http://doi.org/10.1093/mnras/stz075,1,0,1,0,0,1
2001.11605,http://doi.org/10.1117/12.856027,1,0,1,0,0,1
2001.11605,http://doi.org/10.1126/science.257.5078.1926,1,0,1,0,0,1
2001.11605,http://doi.org/10.3847/0004-637X/825/1/51,1,0,1,0,0,1
2001.11605,http://doi.org/10.3847/0067-0049/226/1/3,1,0,1,0,0,1
2001.11605,http://doi.org/10.3847/1538-3881/aa5c8a,1,0,1,0,0,1
2001.11605,http://doi.org/10.3847/2041-8213/aa9989,1,0,1,0,0,1
2001.11605,http://doi.org/10.3847/2515-5172/ab449c,1,0,1,0,0,1
2001.11605,http://doi.org/10.3847/2515-5172/ab5f69,1,0,1,0,0,1
2001.11605,http://orcid.org/0000-0001-8617-2425,1,0,0,0,0,0
2001.11605,http://orcid.org/0000-0001-8923-488X,1,0,0,0,0,0
2001.11605,http://orcid.org/0000-0001-9784-6886,1,0,0,0,0,0
2001.11605,http://orcid.org/0000-0002-9298-7484,1,0,0,0,0,0
2001.11605,http://orcid.org/0000-0003-0250-9911,1,0,0,0,0,0
2001.11605,http://orcid.org/0000-0003-2354-0766,1,0,0,0,0,0
2001.11605,http://orcid.org/0000-0003-2781-6897,1,0,0,0,0,0
2001.11605,http://orcid.org/0000-0003-3257-4490,1,0,0,0,0,0
2001.11605,http://orcid.org/0000-0003-4365-1455,1,0,0,0,0,0
2001.11605,http://www.cbat.eps.harvard.edu/iau/cbet/004600/CBET004691.txt,1,1,1,1,0,1
2001.11605,http://www.eso.org/sci/software/pipelines/muse/muse-pipe-recipes.html,1,1,1,0,1,1
2001.11605,https://arxiv.org/abs/1909.12144,1,0,1,1,0,1
2001.11605,https://arxiv.org/abs/1910.02547,1,0,1,1,1,1
2001.11605,https://arxiv.org/abs/1910.03222,1,0,1,1,1,1
2001.11605,https://arxiv.org/abs/1910.12785,1,0,1,1,1,1
2001.11605,https://arxiv.org/abs/1910.14004,1,0,1,1,1,1
2001.11605,https://arxiv.org/abs/1911.05902,1,0,1,1,1,1
2001.11605,https://arxiv.org/abs/1912.05318,1,0,1,1,1,1
2001.11605,https://arxiv.org/abs/1912.05422,1,0,1,1,1,1
2001.11605,https://arxiv.org/abs/1912.06161,1,0,1,1,1,1
2001.11605,https://arxiv.org/abs/2001.04865,1,0,1,1,1,1
2001.11605,https://ssd.jpl.nasa.gov/sbdb.cgi?sstr=2I;old=0;orb=0;cov=0;log=0;cad=0\#elem,0,1,0,0,0,0
2001.11605,https://www.minorplanetcenter.net/mpec/K19/K19RA6.html,1,1,1,0,1,1
2001.11605,mailto:michele.t.bannister@gmail.com,0,0,0,0,0,0
2002.07450,https://lirias.kuleuven.be/retrieve/531418,1,1,1,1,1,1
2002.07450,https://www.esat.kuleuven.be/psi/spraak/downloads/,0,1,1,1,1,1
2002.07450,https://www.fluent.ai/research/fluent-speech-commands/,0,1,1,1,1,1
2002.07795,http://images.nvidia.com/content/volta-architecture/pdf/volta-architecture-whitepaper.pdf,0,1,0,1,0,0
2002.07795,http://man7.org/linux/man-pages/man8/ld.so.8.html,0,1,0,1,0,0
2002.07795,https://docs.nvidia.com/cuda/cuda-compiler-driver-nvcc,1,1,0,1,1,1
2002.07795,https://docs.nvidia.com/cuda/cuda-runtime-api,1,1,0,1,1,1
2002.07795,https://docs.nvidia.com/cuda/pdf/CUDABinaryUtilities.pdf,1,0,0,1,1,1
2002.07795,https://docs.nvidia.com/cuda/pdf/ptxisa6.4.pdf,1,0,0,0,1,1
2002.07795,https://docs.nvidia.com/deploy/nvml-api,1,1,0,1,0,1
2002.07795,https://github.com/NMSU-PEARL/GPUs-Energy,0,1,0,0,1,0
2002.07795,https://github.com/NervanaSystems/maxas,1,1,0,1,1,1
2002.07795,https://icl.utk.edu/papi,1,1,0,1,0,1
2002.07795,https://scholarworks.umass.edu/dissertations_2/1164,0,1,0,0,0,0
2002.07795,https://www.techpowerup.com/gpu-specs/geforce-gtx-1080.c2839,0,1,0,1,0,0
2002.07795,https://www.techpowerup.com/gpu-specs/geforce-gtx-titan-x.c2632,0,1,0,1,0,0
2002.07795,https://www.techpowerup.com/gpu-specs/titan-rtx.c3311,1,1,0,1,0,1
2002.07898,https://app.dimensions.ai/details/publication/pub.1061614193,1,1,1,1,1,1
2002.07898,https://doi.org/10.1016/j.patcog.2015.12.005,1,1,1,1,1,1
2002.07898,https://doi.org/10.1109/TIP.2006.881969,1,1,1,1,0,1
2002.07898,https://hal.archives-ouvertes.fr/hal-02461768,0,1,0,1,1,0
2002.08103,http://arxiv.org/abs/2002.08103v2,1,0,0,0,0,0
2002.08103,https://arxiv.org/abs/2002.08103,1,1,0,1,1,1
2002.08103,https://github.com/pmonnin/tcn3r,1,1,0,0,1,1
2002.08103,https://pgxlod.loria.fr,1,1,0,0,1,1
2002.08103,https://pgxo.loria.fr,1,1,0,0,1,1
2002.08140,http://AstroSat-ssc.iucaa.in/?q=laxpcData,1,1,0,0,1,1
2002.08140,http://arxiv.org/abs/2002.08140v1,1,0,0,0,0,0
2002.08140,http://burst.sci.monash.edu/minbar/,0,0,0,0,1,1
2002.08140,http://heasarc.nasa.gov/ftools,1,1,0,0,1,1
2002.08140,http://maxi.riken.jp/star_data/J1326-621/J1326-621.html,0,0,0,0,1,0
2002.08140,http://www.iop.org/journals/raa,1,0,0,0,1,0
2002.08140,http://www.raa-journal.org,1,0,0,0,1,0
2002.08140,https://astrobrowse.issdc.gov.in/astro_archive/archive,0,0,0,0,1,0
2002.08140,https://heasarc.gsfc.nasa.gov/ftools,1,1,0,0,1,1
2002.09880,http://doi.acm.org/10.1145/2489247.2489250,1,1,1,1,0,1
2002.09880,http://doi.acm.org/10.1145/2827872,1,1,1,1,0,1
2002.09880,http://www.sciencedirect.com/science/article/pii/S0166218X12002843,1,1,1,1,0,1
2002.09880,https://doi.org/10.1007/11787181_11,1,0,0,1,1,1
2002.09880,https://doi.org/10.1007/978-1-4614-6170-8_310,1,0,0,1,1,1
2002.09880,https://doi.org/10.1007/978-1-4614-6170-8_316,1,0,0,1,1,1
2002.09880,https://doi.org/10.1007/978-3-319-64167-6_4,1,0,0,1,1,1
2002.09880,https://doi.org/10.1007/978-3-642-21881-1_40,1,0,0,1,1,1
2002.09880,https://doi.org/10.1007/s10589-015-9804-y,1,1,0,1,1,1
2002.09880,https://doi.org/10.1007/s10994-015-5487-y,1,1,1,1,1,1
2002.09880,https://doi.org/10.1016/j.ins.2019.03.001,1,1,1,1,1,1
2002.09880,https://doi.org/10.1109/ICDMW.2012.100,1,1,1,1,1,1
2002.09880,https://www.ibm.com/support/knowledgecenter/SSSA5P_12.8.0/ilog.odms.cplex.help/CPLEX/homepages/usrmancplex.html,0,0,0,0,1,0
2002.10137,https://cg.cs.tsinghua.edu.cn/people/~Yongjin/Yongjin.htm,1,1,0,0,1,1
2002.10137,https://doi.org/10.1007/s11263-019-01251-8,1,1,1,1,1,1
2002.10137,https://github.com/yiranran/Audio-driven-TalkingFace-HeadPose,1,1,0,1,1,1
2002.10937,http://www.cs.jhu.edu/~mdredze/datasets/sentiment/,0,1,0,0,1,1
2002.10937,https://appen.com/,0,1,0,1,0,1
2002.10937,https://code.google.com/archive/p/word2vec/,0,1,0,1,1,1
2002.10937,https://github.com/1146976048qq/IATN,1,1,0,0,1,1
2002.10937,https://github.com/hsqmlzno1/HATN/tree/master/raw_data,1,1,0,1,1,0
2002.10937,https://github.com/jitinkrishnan/Diversity-Based-Generalization,1,1,0,1,1,1
2002.10937,https://www.figure-eight.com,1,1,0,1,0,1
2002.10937,https://www.yelp.com/dataset/challenge,1,1,0,0,1,1
2002.11000,https://doi.org/10.1002/jsc.2148,1,0,0,1,1,1
2002.11000,https://doi.org/10.1007/978-3-030-17277-0_8,1,0,0,1,1,1
2002.11000,https://doi.org/10.1515/iss-2017-0035,1,0,0,1,1,1
2002.11000,https://eugdpr.org,1,1,0,0,1,1
2002.11000,https://github.com/ethereum/wiki/wiki/JSON-RPC,1,1,0,0,1,1
2002.11000,https://hadoop.apache.org,1,1,0,0,1,1
2101.01133,http://dx.doi.org/10.1109/CVPR.2016.438,1,1,1,1,0,1
2101.01133,https://doi.org/10.1117/12.2513117,1,1,1,1,1,1
2101.01133,https://stm.sciencemag.org/content/8/337/337ra64,1,1,1,1,0,1
2101.02930,http://quantum-machine.org/datasets/,0,1,1,1,1,1
2101.02930,http://www.deepmd.org/database/deeppot-se-data/,0,1,1,1,1,1
2101.02930,https://arxiv.org/abs/1312.6203,1,1,0,1,0,1
2101.02930,https://arxiv.org/abs/1412.6980,1,1,0,1,0,1
2101.02930,https://arxiv.org/abs/1609.02907,1,1,0,1,0,1
2101.02930,https://arxiv.org/abs/1707.01478,1,1,0,1,0,1
2101.02930,https://arxiv.org/abs/1709.05584,1,1,0,1,0,1
2101.02930,https://arxiv.org/abs/1806.03536,1,1,0,1,1,1
2101.02930,https://arxiv.org/abs/1810.00826,1,1,0,1,1,1
2101.02930,https://arxiv.org/abs/1812.08434,1,1,0,1,0,1
2101.02930,https://arxiv.org/abs/1912.01398,1,1,0,1,0,1
2101.02930,mailto:ch-wang@outlook.com,0,0,1,0,0,0
2101.02930,mailto:duanw@tsinghua.edu.cn,0,0,1,0,0,0
2101.05661,http://dx.doi.org/10.1109/CVPR.2017.351,1,1,1,1,1,0
2101.05661,https://allegro.ai/enterprise/,0,1,1,0,1,1
2101.05661,https://allegro.ai/trains-open-source/,0,1,1,1,1,1
2101.05661,https://arc.aiaa.org/doi/abs/10.2514/6.2020-1376,1,1,1,1,0,0
2101.05661,https://arc.aiaa.org/doi/abs/10.2514/6.2020-1457,1,1,1,1,0,1
2101.05661,https://aws.amazon.com/,0,1,1,1,1,1
2101.05661,https://aws.amazon.com/ec2/,0,1,1,0,1,1
2101.05661,https://aws.amazon.com/ec2/pricing/on-demand/,0,1,1,1,1,1
2101.05661,https://aws.amazon.com/govcloud-us/,0,1,1,1,1,0
2101.05661,https://aws.amazon.com/sagemaker/,0,1,1,1,1,1
2101.05661,https://aws.amazon.com/sagemaker/pricing/,0,1,1,1,1,1
2101.05661,https://azure.microsoft.com/en-us/services/machine-learning/,0,1,1,1,1,1
2101.05661,https://cloud.google.com/ai-platform,1,1,1,1,1,1
2101.05661,https://docs.paperspace.com/gradient/instances/instance-types,1,1,1,1,1,1
2101.05661,https://github.com/autognc/bran,1,1,1,0,1,1
2101.05661,https://github.com/autognc/ravenML,1,1,1,0,1,1
2101.05661,https://github.com/autognc/ravenML-dataset-plugins,1,1,1,0,1,1
2101.05661,https://github.com/autognc/ravenML-train-plugins,1,1,1,0,1,1
2101.05661,https://github.com/autognc/starfish,1,1,1,0,1,1
2101.05661,https://github.com/autognc/starfish-scripts,1,1,1,0,1,1
2101.05661,https://github.com/brickmack/Blender-Spaceflight-models,1,1,1,1,1,0
2101.05661,https://gradient.paperspace.com/,0,1,1,1,1,1
2101.05661,https://kubernetes.io/,0,1,1,1,1,1
2101.05661,https://mlflow.org/,0,1,1,1,1,1
2101.05661,https://neptune.ai/,0,1,1,1,1,1
2101.05661,https://polyaxon.com/polyaxon-ce/,0,1,1,1,1,1
2101.05661,https://polyaxon.com/polyaxon-ee/,0,1,1,1,1,1
2101.05661,https://www.comet.ml/site/,0,1,1,1,1,1
2101.05661,https://www.kubeflow.org/,0,1,1,1,1,1
2101.09275,http://arxiv.org/abs/arXiv:1011.1669v3,1,1,1,0,0,1
2101.09275,http://dx.doi.org/10.1002/2014GL061109,1,0,1,0,0,1
2101.09275,http://dx.doi.org/10.1002/2015GL063370,1,0,1,0,0,1
2101.09275,http://dx.doi.org/10.1002/jgra.50102,0,0,1,0,0,0
2101.09275,http://dx.doi.org/10.1007/s00585-999-0307-y,0,0,1,0,0,0
2101.09275,http://dx.doi.org/10.1016/j.asr.2007.05.064,1,0,1,0,0,1
2101.09275,http://dx.doi.org/10.1016/j.physrep.2005.10.003,1,0,1,0,0,1
2101.09275,http://dx.doi.org/10.1029/1999GL900435,1,0,1,0,0,1
2101.09275,http://dx.doi.org/10.1029/2000GL012383,1,0,1,0,0,1
2101.09275,http://dx.doi.org/10.1029/2001GL013385,0,0,1,0,0,0
2101.09275,http://dx.doi.org/10.1029/2001JA900056,0,0,1,0,0,0
2101.09275,http://dx.doi.org/10.1029/2001JA900180,0,0,1,0,0,0
2101.09275,http://dx.doi.org/10.1029/2003JA010198,0,0,1,0,0,0
2101.09275,http://dx.doi.org/10.1029/2008JA013693,0,0,1,0,0,0
2101.09275,http://dx.doi.org/10.1029/2010JA015332,1,0,1,0,0,1
2101.09275,http://dx.doi.org/10.1029/2017GL076880,1,0,1,0,0,1
2101.09275,http://dx.doi.org/10.1029/2020JA028066,1,0,1,0,0,1
2101.09275,http://dx.doi.org/10.1029/2020JA028093,0,0,1,0,0,0
2101.09275,http://dx.doi.org/10.1029/94GL01284,1,0,1,0,0,1
2101.09275,http://dx.doi.org/10.1029/97JA00385,0,0,1,0,0,0
2101.09275,http://dx.doi.org/10.1029/98GL02111,1,0,1,0,0,1
2101.09275,http://dx.doi.org/10.1029/98JA00760,1,0,1,0,0,1
2101.09275,http://dx.doi.org/10.1063/1.4976854,0,0,1,0,0,0
2101.09275,http://dx.doi.org/10.1063/1.863734,1,0,1,0,0,1
2101.09275,http://dx.doi.org/10.1088/0031-8949/20/3-4/006,1,0,1,0,0,1
2101.09275,http://dx.doi.org/10.1088/0031-8949/30/1/015,0,0,1,0,0,0
2101.09275,http://dx.doi.org/10.1103/PhysRevE.69.055401,1,0,1,0,0,1
2101.09275,http://dx.doi.org/10.1103/PhysRevLett.102.225004,0,0,1,0,0,0
2101.09275,http://dx.doi.org/10.1103/PhysRevLett.116.145101,0,0,1,0,0,0
2101.09275,http://dx.doi.org/10.1103/PhysRevLett.121.135102,0,0,1,0,0,0
2101.09275,http://dx.doi.org/10.1103/PhysRevLett.81.826,0,0,1,0,0,0
2101.09275,http://dx.doi.org/10.1103/PhysRevLett.83.2344,0,0,1,0,0,0
2101.09275,http://dx.doi.org/10.5194/npg-11-313-2004,1,0,1,0,0,1
2101.09275,http://dx.doi.org/10.5194/npg-9-101-2002,1,0,1,0,0,1
2101.09275,http://dx.doi.org/https://doi.org/10.1029/2018GL080757,1,0,1,0,0,1
2101.09275,http://journals.aps.org/pr/abstract/10.1103/PhysRev.108.546,1,1,1,0,0,1
2101.09275,https://agupubs.onlinelibrary.wiley.com/doi/pdf/10.1029/2018GL080757,1,1,0,1,1,1
2101.09275,https://agupubs.onlinelibrary.wiley.com/doi/pdf/10.1029/2020JA028066,1,1,0,1,1,1
2101.09275,https://agupubs.onlinelibrary.wiley.com/doi/pdf/10.1029/2020JA028093,1,1,0,1,1,1
2101.09275,https://arxiv.org/abs/2011.14941,1,1,1,0,0,1
2101.09275,https://github.com/ihutch/helmhole,1,0,1,1,1,1
2101.09275,mailto:ihutch@mit.edu,0,0,1,0,0,0
2101.09573,http://arxiv.org/abs/2101.09573v2,1,0,0,0,0,0
2101.09573,http://www.math.uiuc.edu/Macaulay2/,0,0,1,1,0,1
2101.09573,http://www2.macaulay2.com/Macaulay2/doc/Macaulay2-1.16/share/doc/Macaulay2/Macaulay2Doc/html/_random__K__Rational__Point.html,1,1,1,0,0,1
2101.09573,https://github.com/Macaulay2/M2/tree/master/M2/Macaulay2/packages,1,1,1,1,1,1
2101.09573,https://github.com/Macaulay2/Workshop-2020-Cleveland/blob/FastLinAlg/FastLinAlg/M2/RandomPoints.m2,1,1,1,1,1,1
2101.09831,http://arxiv.org/abs/2009.06499,1,1,1,1,1,1
2101.09831,http://arxiv.org/abs/2010.07817,1,1,1,1,1,1
2101.09831,http://arxiv.org/abs/2010.09761,1,1,1,1,1,1
2101.09831,http://arxiv.org/abs/2010.15188,1,1,1,1,1,1
2101.09831,http://arxiv.org/abs/2011.08176,1,1,1,1,1,1
2101.09831,http://doi.org/10.1007/s11214-017-0438-5,1,0,1,0,0,1
2101.09831,http://doi.org/10.1016/j.icarus.2010.02.013,1,0,1,0,0,1
2101.09831,http://doi.org/10.1016/j.icarus.2017.05.001,1,0,1,0,0,1
2101.09831,http://doi.org/10.1016/j.pss.2015.01.011,1,0,1,0,0,1
2101.09831,http://doi.org/10.1038/s41550-020-1174-4,1,0,1,0,0,1
2101.09831,http://doi.org/10.1038/s41586-020-2649-2,1,0,1,0,0,1
2101.09831,http://doi.org/10.1051/0004-6361/201833511,1,0,1,0,0,1
2101.09831,http://doi.org/10.1089/ast.2017.1783,1,0,1,0,0,1
2101.09831,http://doi.org/10.1089/ast.2020.2244,1,0,1,0,0,1
2101.09831,http://doi.org/10.1109/MCSE.2007.55,1,0,1,0,0,1
2101.09831,http://doi.org/10.5281/zenodo.4034416,1,0,1,0,0,1
2101.09831,http://orcid.org/0000-0001-8379-1909,1,0,0,0,0,1
2101.09831,http://orcid.org/0000-0002-1386-1710,1,0,0,0,0,1
2101.09831,http://orcid.org/0000-0003-0429-9487,1,0,0,0,0,1
2101.09831,http://orcid.org/0000-0003-3962-8957,1,0,0,0,0,1
2101.09831,mailto:alexander.akins@jpl.nasa.gov,0,0,1,0,0,0
2101.10587,http://arxiv.org/abs/1508.01991,1,1,1,1,0,1
2101.10587,http://arxiv.org/abs/1911.09787,1,1,1,1,0,1
2101.10587,http://bioasq.org,1,1,1,0,1,1
2101.10587,http://papers.nips.cc/paper/7181-attention-is-all-you-need.pdf,1,1,1,1,0,1
2101.10587,http://proceedings.mlr.press/v85/sachan18a.html,1,1,1,1,0,1
2101.10587,http://www.aclweb.org/anthology/N16-1150,1,1,1,1,0,1
2101.10587,http://www.aclweb.org/anthology/P/P14/P14-5010,1,1,1,1,0,1
2101.10587,http://www.akbc.ws/2017/papers/22_paper.pdf,1,1,1,1,0,1
2101.10587,https://academic.oup.com/bioinformatics/article-pdf/35/19/3794/30061745/btz142.pdf,0,1,0,1,0,0
2101.10587,https://academic.oup.com/bioinformatics/article-pdf/36/4/1234/32527770/btz682.pdf,0,1,0,1,0,0
2101.10587,https://arxiv.org/abs/1508.01991,1,0,0,0,1,1
2101.10587,https://arxiv.org/abs/1808.07699,1,1,1,1,1,1
2101.10587,https://doi.org/10.1007/978-3-030-45442-5_29,1,0,0,1,1,1
2101.10587,https://doi.org/10.1093/bioinformatics/btw343,1,1,0,1,1,1
2101.10587,https://doi.org/10.1093/bioinformatics/btz142,1,1,1,0,0,1
2101.10587,https://doi.org/10.1093/bioinformatics/btz682,1,1,1,0,1,1
2101.10587,https://doi.org/10.1093/database/baw068,1,1,0,1,1,1
2101.10587,https://doi.org/10.1109/BIBM.2015.7359761,1,1,1,1,1,1
2101.10587,https://doi.org/10.18653/v1/D19-6219,1,1,0,1,0,1
2101.10587,https://doi.org/10.18653/v1/N16-1030,1,1,0,0,1,1
2101.10587,https://doi.org/10.18653/v1/P18-1010,1,1,0,1,0,1
2101.10587,https://doi.org/10.18653/v1/P19-1335,1,1,0,1,0,1
2101.10587,https://doi.org/10.18653/v1/W19-5034,1,1,0,1,0,1
2101.10587,https://doi.org/10.24432/C5G59C,1,1,0,1,0,1
2101.10587,https://doi.org/10.3115/977035.977059,1,1,1,1,0,1
2101.10587,https://www.aclweb.org/anthology/D17-1284,1,1,1,1,1,1
2101.10587,https://www.clips.uantwerpen.be/conll2000/chunking/,0,1,1,1,0,1
2101.10587,https://www.ncbi.nlm.nih.gov/pmc/articles/PMC4908368/,0,1,1,1,0,1
2101.10587,https://www.ncbi.nlm.nih.gov/research/coronavirus/,0,1,1,1,1,1
2101.10587,https://www.nlm.nih.gov/bsd/medline_cit_counts_yr_pub.html,1,1,1,0,1,1
2101.10777,https://github.com/Lyken17/pytorch-OpCounter,1,1,0,1,1,1
2101.10777,https://github.com/facebookresearch/detectron2,1,1,0,1,1,1
2101.10777,https://www.youtube.com/watch?v=Wgo_5xnvn8M,1,1,0,0,1,1
2102.02393,http://www-oldurls.inf.ethz.ch/personal/fukudak/lect/pclect/notes2016/,0,0,0,1,1,1
2102.02393,http://www-users.york.ac.uk/~rc973/LPAssumptions.html,1,0,0,1,1,1
2102.02393,https://en.wikipedia.org/wiki/Hat_puzzle,1,0,0,0,0,1
2102.02393,https://github.com/rogercolbeck/LPAssumptions,1,0,0,1,1,1
2102.02393,https://wdi.centralesupelec.fr/users/valiron/qplmfps/papers/qs01t3.pdf,1,0,0,0,1,1
2102.02393,https://worthwhile.typepad.com/worthwhile_canadian_initi/2009/01/why-theres-so-little-good-evidence-that-fiscal-or-monetary-policy-works.html,1,0,0,1,1,1
2102.02393,https://www.youtube.com/watch?v=MaRjP5H0vR4,1,0,0,0,0,1
2102.04040,http://arxiv.org/abs/2102.04040v1,1,0,0,0,0,0
2102.04040,https://github.com/Kyubyong/g2p,0,1,0,0,1,1
2102.04040,https://keithito.com/LJ-Speech-Dataset/,0,1,0,1,1,1
2102.04040,https://speechresearch.github.io/lightspeech,1,1,0,1,1,1
2102.07455,http://arxiv.org/abs/1908.07324,1,1,1,1,1,1
2102.07455,http://ceur-ws.org/Vol-2563/aics_29.pdf,1,0,0,1,1,1
2102.07455,https://doi.org/10.1109/WF-IoT48130.2020.9221276,1,1,1,1,1,1
2102.07455,https://doi.org/10.1145/3410992.3411005,1,1,1,1,1,1
2102.07455,https://doi.org/10.1145/3410992.3411014,1,1,1,1,1,1
2102.07455,https://doi.org/10.1145/3423423.3423433,1,1,1,1,1,1
2102.08510,http://arxiv.org/abs/1903.08804,1,1,0,1,0,1
2102.08510,http://arxiv.org/abs/2102.08510v2,1,0,0,0,0,0
2102.08510,https://github.com/michelleblom/primaries,1,1,1,1,1,1
2102.08510,https://github.com/pbstark/SHANGRLA,1,1,1,0,1,1
2102.08510,https://www.usenix.org/jets/issues/0301/stark,1,1,0,1,1,1
2102.08510,www.thegreenpapers.com/P20,1,1,0,0,0,1
2102.11153,http://adsabs.harvard.edu/abs/2003MNRAS.341..369D,1,1,0,0,0,1
2102.11153,http://arxiv.org/abs/1102.1523,1,0,0,0,0,1
2102.11153,http://arxiv.org/abs/1104.2932,1,0,0,0,0,0
2102.11153,http://arxiv.org/abs/1611.00036,1,0,0,0,0,1
2102.11153,http://arxiv.org/abs/1709.06099,1,0,0,0,0,0
2102.11153,http://arxiv.org/abs/2009.06197,1,0,0,0,0,0
2102.11153,http://arxiv.org/abs/2010.02907,1,0,0,0,0,1
2102.11153,http://arxiv.org/abs/2010.09579,1,0,0,0,0,1
2102.11153,http://arxiv.org/abs/2011.10815,1,0,0,0,0,0
2102.11153,http://arxiv.org/abs/2011.13789,1,0,0,0,0,1
2102.11153,http://arxiv.org/abs/2012.11616,1,0,0,0,0,0
2102.11153,http://arxiv.org/abs/2102.04946,1,0,0,0,0,1
2102.11153,http://doi.org/10.5281/zenodo.438045,1,1,1,1,1,1
2102.11153,http://dx.doi.org/10.1007/978-3-540-85122-6,1,0,0,0,0,1
2102.11153,http://dx.doi.org/10.1007/BF02933588,1,0,0,0,0,1
2102.11153,http://dx.doi.org/10.1016/S0370-1573(02)00135-7,0,0,0,0,0,1
2102.11153,http://dx.doi.org/10.1017/pasa.2019.51,1,0,0,0,0,0
2102.11153,http://dx.doi.org/10.1038/nature25792,1,0,0,0,0,1
2102.11153,http://dx.doi.org/10.1046/j.1365-8711.1998.01053.x,1,0,0,0,0,0
2102.11153,http://dx.doi.org/10.1046/j.1365-8711.1998.01937.x,1,0,0,0,0,1
2102.11153,http://dx.doi.org/10.1046/j.1365-8711.1998.02052.x,1,0,0,0,0,1
2102.11153,http://dx.doi.org/10.1046/j.1365-8711.2002.05620.x,1,0,0,0,0,1
2102.11153,http://dx.doi.org/10.1046/j.1365-8711.2003.06439.x,1,0,0,0,0,1
2102.11153,http://dx.doi.org/10.1051/0004-6361/201525830,1,0,0,0,0,0
2102.11153,http://dx.doi.org/10.1051/0004-6361/201833910,1,0,0,0,0,0
2102.11153,http://dx.doi.org/10.1051/0004-6361/202038071,1,0,0,0,0,1
2102.11153,http://dx.doi.org/10.1086/153390,1,0,0,0,0,0
2102.11153,http://dx.doi.org/10.1086/155588,1,0,0,0,0,1
2102.11153,http://dx.doi.org/10.1086/160184,1,0,0,0,0,1
2102.11153,http://dx.doi.org/10.1086/173015,1,0,0,0,0,1
2102.11153,http://dx.doi.org/10.1086/305997,1,0,0,0,0,0
2102.11153,http://dx.doi.org/10.1086/307220,1,0,0,0,0,0
2102.11153,http://dx.doi.org/10.1086/309179,1,0,0,0,0,0
2102.11153,http://dx.doi.org/10.1086/312195,1,0,0,0,0,1
2102.11153,http://dx.doi.org/10.1086/317248,1,0,0,0,0,0
2102.11153,http://dx.doi.org/10.1086/318284,1,0,0,0,0,0
2102.11153,http://dx.doi.org/10.1086/383343,1,0,0,0,0,1
2102.11153,http://dx.doi.org/10.1086/427087,1,0,0,0,0,1
2102.11153,http://dx.doi.org/10.1086/505417,1,0,0,0,0,1
2102.11153,http://dx.doi.org/10.1086/517963,1,0,0,0,0,0
2102.11153,http://dx.doi.org/10.1088/0004-637X/737/2/97,1,0,0,0,0,0
2102.11153,http://dx.doi.org/10.1088/0004-637X/815/1/51,1,0,0,0,0,1
2102.11153,http://dx.doi.org/10.1088/0034-4885/75/8/086901,1,0,0,0,0,0
2102.11153,http://dx.doi.org/10.1088/1475-7516/2011/07/034,1,0,0,0,0,1
2102.11153,http://dx.doi.org/10.1088/1475-7516/2014/12/029,1,0,0,0,0,1
2102.11153,http://dx.doi.org/10.1088/1475-7516/2015/10/039,1,0,0,0,0,1
2102.11153,http://dx.doi.org/10.1088/1475-7516/2019/06/025,1,0,0,0,0,1
2102.11153,http://dx.doi.org/10.1088/1475-7516/2019/09/024,1,0,0,0,0,0
2102.11153,http://dx.doi.org/10.1088/1475-7516/2020/11/052,1,0,0,0,0,0
2102.11153,http://dx.doi.org/10.1088/1475-7516/2020/12/003,1,0,0,0,0,1
2102.11153,http://dx.doi.org/10.1088/2041-8205/763/1/L20,1,0,0,0,0,0
2102.11153,http://dx.doi.org/10.1093/mnras/156.1.1P,1,0,0,0,0,1
2102.11153,http://dx.doi.org/10.1093/mnras/290.4.651,1,0,0,0,0,0
2102.11153,http://dx.doi.org/10.1093/mnras/staa1524,1,0,0,0,0,1
2102.11153,http://dx.doi.org/10.1093/mnras/staa2548,1,0,0,0,0,0
2102.11153,http://dx.doi.org/10.1093/mnras/staa279,1,0,0,0,0,1
2102.11153,http://dx.doi.org/10.1093/mnras/staa2854,1,0,0,0,0,1
2102.11153,http://dx.doi.org/10.1093/mnras/staa2986,1,0,0,0,0,1
2102.11153,http://dx.doi.org/10.1093/mnras/staa3168,1,0,0,0,0,0
2102.11153,http://dx.doi.org/10.1093/mnras/staa3677,1,0,0,0,0,1
2102.11153,http://dx.doi.org/10.1093/mnras/staa3856,1,0,0,0,0,0
2102.11153,http://dx.doi.org/10.1093/mnras/staa604,1,0,0,0,0,1
2102.11153,http://dx.doi.org/10.1093/mnras/stab027,1,0,0,0,0,0
2102.11153,http://dx.doi.org/10.1093/mnras/stt1082,1,0,0,0,0,1
2102.11153,http://dx.doi.org/10.1093/mnras/stt520,1,0,0,0,0,0
2102.11153,http://dx.doi.org/10.1093/mnras/stu1666,1,0,0,0,0,1
2102.11153,http://dx.doi.org/10.1093/mnras/stu2474,1,0,0,0,0,1
2102.11153,http://dx.doi.org/10.1093/mnras/stu792,1,0,0,0,0,1
2102.11153,http://dx.doi.org/10.1093/mnras/stv855,1,0,0,0,0,1
2102.11153,http://dx.doi.org/10.1093/mnras/stv961,1,0,0,0,0,1
2102.11153,http://dx.doi.org/10.1093/mnras/stw1229,1,0,0,0,0,0
2102.11153,http://dx.doi.org/10.1093/mnras/stw248,1,0,0,0,0,0
2102.11153,http://dx.doi.org/10.1093/mnras/stw2556,1,0,0,0,0,1
2102.11153,http://dx.doi.org/10.1093/mnras/stw2679,1,0,0,0,0,1
2102.11153,http://dx.doi.org/10.1093/mnras/stw2901,1,0,0,0,0,1
2102.11153,http://dx.doi.org/10.1093/mnras/stw482,1,0,0,0,0,1
2102.11153,http://dx.doi.org/10.1093/mnras/stx2130,1,0,0,0,0,1
2102.11153,http://dx.doi.org/10.1093/mnras/stx2662,1,0,0,0,0,0
2102.11153,http://dx.doi.org/10.1093/mnras/sty1266,1,0,0,0,0,0
2102.11153,http://dx.doi.org/10.1093/mnras/sty1495,1,0,0,0,0,1
2102.11153,http://dx.doi.org/10.1093/mnras/sty3143,1,0,0,0,0,1
2102.11153,http://dx.doi.org/10.1093/mnras/sty346,1,0,0,0,0,1
2102.11153,http://dx.doi.org/10.1093/mnras/sty535,1,0,0,0,0,0
2102.11153,http://dx.doi.org/10.1093/mnras/stz1916,1,0,0,0,0,1
2102.11153,http://dx.doi.org/10.1093/mnras/stz2799,1,0,0,0,0,0
2102.11153,http://dx.doi.org/10.1093/mnrasl/slt074,1,0,0,0,0,1
2102.11153,http://dx.doi.org/10.1103/PhysRevD.100.123522,1,0,0,0,0,1
2102.11153,http://dx.doi.org/10.1103/PhysRevD.72.043529,1,0,0,0,0,0
2102.11153,http://dx.doi.org/10.1103/PhysRevD.74.023522,1,0,0,0,0,0
2102.11153,http://dx.doi.org/10.1103/PhysRevD.82.063522,1,0,0,0,0,1
2102.11153,http://dx.doi.org/10.1103/PhysRevD.83.103006,1,0,0,0,0,0
2102.11153,http://dx.doi.org/10.1103/PhysRevD.85.083509,1,0,0,0,0,1
2102.11153,http://dx.doi.org/10.1103/PhysRevD.86.083540,1,0,0,0,0,1
2102.11153,http://dx.doi.org/10.1103/PhysRevD.91.083514,1,0,0,0,0,0
2102.11153,http://dx.doi.org/10.1103/PhysRevD.92.083532,1,0,0,0,0,0
2102.11153,http://dx.doi.org/10.1103/PhysRevD.93.083517,1,0,0,0,0,0
2102.11153,http://dx.doi.org/10.1103/PhysRevLett.100.091303,1,0,0,0,0,1
2102.11153,http://dx.doi.org/10.1103/PhysRevLett.73.215,1,0,0,0,0,1
2102.11153,http://dx.doi.org/10.1111/j.1365-2966.2004.08017.x,1,0,0,0,0,1
2102.11153,http://dx.doi.org/10.1111/j.1365-2966.2004.08416.x,1,0,0,0,0,1
2102.11153,http://dx.doi.org/10.1111/j.1365-2966.2007.11872.x,1,0,0,0,0,0
2102.11153,http://dx.doi.org/10.1111/j.1365-2966.2007.12631.x,1,0,0,0,0,1
2102.11153,http://dx.doi.org/10.1111/j.1365-2966.2009.14389.x,1,0,0,0,0,0
2102.11153,http://dx.doi.org/10.1111/j.1365-2966.2009.15313.x,1,0,0,0,0,1
2102.11153,http://dx.doi.org/10.22323/1.277.0037,1,0,0,0,0,0
2102.11153,http://dx.doi.org/10.3847/0067-0049/222/2/22,1,0,0,0,0,1
2102.11153,http://dx.doi.org/10.3847/1538-4357/aa63e7,1,0,0,0,0,0
2102.11153,http://dx.doi.org/10.3847/1538-4357/aadba0,1,0,0,0,0,1
2102.11153,http://dx.doi.org/10.5281/zenodo.3991818,1,0,0,0,0,1
2102.11153,http://intensitymapping.physics.ox.ac.uk/CRIME.html,1,0,1,0,0,0
2102.11153,http://pla.esac.esa.int/pla,1,0,1,0,0,0
2102.11153,http://www.scipy.org/,0,0,1,1,0,1
2102.11153,http://www.skiesanduniverses.org/page/page-3/page-22/,0,0,1,0,0,1
2102.11153,https://bitbucket.org/caw11/bifft/src/master/,0,0,1,0,0,0
2102.11153,https://doi.org/10.5281/zenodo.3991818,1,1,1,1,1,1
2102.11153,https://pylians3.readthedocs.io/en/master/Bk.html,1,0,1,0,0,0
2102.11153,https://ui.adsabs.harvard.edu/abs/1975ApJ...196....1P,1,1,0,0,0,0
2102.11153,https://ui.adsabs.harvard.edu/abs/1982ApJ...259..474F,1,1,0,0,0,1
2102.11153,https://ui.adsabs.harvard.edu/abs/2013MNRAS.434.1239B,1,1,0,0,0,1
2102.11153,https://ui.adsabs.harvard.edu/abs/2019arXiv190407155A,1,1,0,0,0,1
2102.11153,https://www.skatelescope.org/,0,0,1,0,0,1
2102.11975,http://arxiv.org/abs/https://academic.oup.com/mnras/article-pdf/477/4/5238/24865216/sty979.pdf,1,1,1,0,0,1
2102.11975,http://arxiv.org/abs/https://aip.scitation.org/doi/pdf/10.1063/1.2141897,1,1,1,0,0,1
2102.11975,http://arxiv.org/abs/https://aip.scitation.org/doi/pdf/10.1063/1.861619,1,1,1,0,0,1
2102.11975,http://arxiv.org/abs/https://doi.org/10.1063/1.2017942,1,1,1,0,0,1
2102.11975,http://arxiv.org/abs/https://doi.org/10.1063/1.3093477,1,1,1,0,0,1
2102.11975,http://arxiv.org/abs/https://doi.org/10.1063/1.3514586,1,1,1,0,0,1
2102.11975,http://arxiv.org/abs/https://doi.org/10.1063/1.5008278,1,1,1,0,0,1
2102.11975,http://dx.doi.org/10.1002/andp.19113390503,1,0,1,0,0,1
2102.11975,http://dx.doi.org/10.1017/S0022377899007515,1,0,1,0,0,1
2102.11975,http://dx.doi.org/10.1063/1.2017942,1,0,1,0,0,1
2102.11975,http://dx.doi.org/10.1063/1.2141897,1,0,1,0,0,1
2102.11975,http://dx.doi.org/10.1063/1.3093477,0,0,1,0,0,0
2102.11975,http://dx.doi.org/10.1063/1.3514586,1,0,1,0,0,1
2102.11975,http://dx.doi.org/10.1063/1.5008278,0,0,1,0,0,0
2102.11975,http://dx.doi.org/10.1063/1.861619,1,0,1,0,0,1
2102.11975,http://dx.doi.org/10.1086/308038,1,0,1,0,0,1
2102.11975,http://dx.doi.org/10.1086/379156,0,0,1,0,0,0
2102.11975,http://dx.doi.org/10.1086/498445,1,0,1,0,0,1
2102.11975,http://dx.doi.org/10.1086/521297,1,0,1,0,0,1
2102.11975,http://dx.doi.org/10.1086/524764,1,0,1,0,0,1
2102.11975,http://dx.doi.org/10.1086/590248,1,0,1,0,0,1
2102.11975,http://dx.doi.org/10.1088/0004-637X/695/2/L189,1,0,1,0,0,1
2102.11975,http://dx.doi.org/10.1088/0004-637X/806/2/165,1,0,1,0,0,1
2102.11975,http://dx.doi.org/10.1088/0004-637x/693/2/l127,1,0,1,0,0,1
2102.11975,http://dx.doi.org/10.1088/0004-637x/771/1/54,1,0,1,0,0,1
2102.11975,http://dx.doi.org/10.1088/0741-3335/54/12/125004,1,0,1,0,0,1
2102.11975,http://dx.doi.org/10.1088/0954-3899/25/8/201,1,0,1,0,0,1
2102.11975,http://dx.doi.org/10.1088/2041-8205/739/2/l42,1,0,1,0,0,1
2102.11975,http://dx.doi.org/10.1093/mnras/sty979,1,0,1,0,0,1
2102.11975,http://dx.doi.org/10.1103/PhysRev.75.1169,1,0,1,0,0,1
2102.11975,http://dx.doi.org/10.1103/PhysRevA.35.2718,1,0,1,0,0,1
2102.11975,http://dx.doi.org/10.1103/PhysRevE.100.013205,1,0,1,0,0,1
2102.11975,http://dx.doi.org/10.1103/PhysRevE.100.033209,1,0,1,0,0,1
2102.11975,http://dx.doi.org/10.1103/PhysRevE.100.033210,1,0,1,0,0,1
2102.11975,http://dx.doi.org/10.1103/PhysRevE.81.036402,1,0,1,0,0,1
2102.11975,http://dx.doi.org/10.1103/PhysRevLett.101.175001,1,0,1,0,0,1
2102.11975,http://dx.doi.org/10.1103/PhysRevLett.123.035101,1,0,1,0,0,1
2102.11975,http://dx.doi.org/10.1103/PhysRevLett.2.83,1,0,1,0,0,1
2102.11975,http://dx.doi.org/10.1103/RevModPhys.76.1143,1,0,1,0,0,1
2102.11975,http://dx.doi.org/https://doi.org/10.1016/j.jcp.2020.109622,1,0,1,0,0,1
2102.12289,http://arxiv.org/abs/1609.03499,1,1,1,1,1,1
2102.12289,http://www.peterjbentley.com/heartchallenge/index.html,1,1,0,1,1,1
2102.12289,https://github.com/rist-ro/argo,1,1,0,1,1,1
2201.04584,https://github.com/Project-MONAI/MONAI,1,1,0,1,1,1
2201.04584,https://github.com/Project-MONAI/MONAILabel,1,0,0,0,1,1
2201.04584,https://github.com/masadcv/ECONet-MONAILabel,1,0,0,0,1,1
2201.04584,https://github.com/masadcv/PyTorchHaarFeatures,1,0,0,1,1,1
2201.09342,http://arxiv.org/abs/2201.09342v1,1,0,0,0,0,0
2201.09342,https://doi.org/10.1016/0550-3213(73)90350-7,1,1,0,1,0,1
2201.09342,https://doi.org/10.1016/S0370-2693(01)00862-0,1,1,0,1,1,1
2201.09342,https://doi.org/10.1063/1.5078524,1,1,0,1,1,1
2201.09342,https://doi.org/10.1088/0034-4885/58/5/001,1,1,0,1,1,1
2201.09342,https://doi.org/10.1088/1126-6708/2009/06/089,0,1,0,1,1,0
2201.09342,https://doi.org/10.1088/1475-7516/2009/01/008,1,1,0,1,1,1
2201.09342,https://doi.org/10.1088/1751-8113/43/17/175401,0,1,0,1,1,0
2201.09342,https://doi.org/10.1088/1751-8113/43/35/354021,1,1,0,1,1,1
2201.09342,https://doi.org/10.1098/rspa.2009.0591,1,1,0,1,1,1
2201.09342,https://doi.org/10.1103/PhysRev.115.485,1,1,0,1,1,1
2201.09342,https://doi.org/10.1103/PhysRevD.100.085011,1,1,0,1,1,1
2201.09342,https://doi.org/10.1103/PhysRevD.64.043004,1,1,0,1,1,1
2201.09342,https://doi.org/10.1103/RevModPhys.82.109,1,1,0,1,1,1
2201.09342,https://doi.org/10.1142/S0217732398000437,1,1,0,1,1,1
2201.09342,https://doi.org/10.1142/S0217751X11054346,1,1,0,1,1,1
2201.09342,https://doi.org/10.1142/S0217751X13501613,1,1,0,1,1,1
2201.09342,https://doi.org/10.1142/S0217751X16500172,1,1,0,1,1,1
2201.09342,https://doi.org/10.1142/S0217751X9400090X,1,1,0,1,1,1
2201.09342,https://doi.org/10.15407/ujpe58.05.0424,1,1,0,1,1,1
2201.09342,https://doi.org/10.21468/SciPostPhysLectNotes.11,1,1,0,1,1,1
2201.10084,JMLR.org,0,0,0,0,0,0
2201.10084,http://r0k.us/graphics/kodak,0,0,0,1,1,0
2201.10084,https://cv.snu.ac.kr/research/EDSR/models/edsr_baseline_x2-1bc95232.pt,1,1,0,1,1,0
2201.10084,https://drive.google.com/file/d/1KDn0ok5Q6dJtAAIBBkiFbHl1ms9kVezz/view?usp=sharing,1,1,0,0,1,1
2201.10084,https://drive.google.com/file/d/1oSsLjPPn6lqtzraFZLZGmwP_5KbPfTES/view?usp=sharing,1,1,0,0,0,0
2202.03099,http://papers.neurips.cc/paper/9015-pytorch-an-imperative-style-high-performance-deep-learning-library.pdf,1,1,0,0,1,1
2202.03099,https://blogs.nvidia.com/blog/2020/10/05/federated-learning-covid-oxygen-needs/,0,1,0,1,1,1
2202.03099,https://developer.apple.com/videos/play/wwdc2019/708,1,1,0,1,0,0
2202.03099,https://developer.nvidia.com/clara,1,1,0,1,1,1
2202.03099,https://ec.europa.eu/commission/sites/beta-political/files/data-protection-factsheet-changes_en.pdf,1,1,0,1,1,0
2202.03099,https://fedml.ai,1,1,0,1,1,1
2202.03099,https://fedml.ai/,0,0,1,0,0,0
2202.03099,https://flower.dev/,0,0,1,0,0,0
2202.03099,https://github.com/burlachenkok/flpytorch,1,0,1,0,1,1
2202.03099,https://github.com/intel/openfl,1,1,0,1,1,1
2202.03099,https://medium.com/tensorflow/introducing-tensorflow-federated-a4147aa20041,1,1,0,1,1,1
2202.03099,https://newsroom.intel.com/news/intel-consilient-join-forces-fight-financial-fraud-ai/,0,1,0,1,1,1
2202.03099,https://owkin.com/federated-learning/federated-model/,0,1,0,1,1,1
2202.03099,https://support.google.com/assistant/answer/10176224,1,1,0,1,0,1
2202.03099,https://wandb.ai/home,1,0,1,0,1,1
2202.03099,https://www.fedai.org/cases/utilization-of-fate-in-anti-money-laundering-through-multiple-banks/,0,1,0,1,1,1
2202.03099,https://www.melloddy.eu/y1announcement,1,1,0,1,1,1
2202.03932,https://artificialintelligenceact.eu/,0,1,1,0,1,1
2202.03932,https://www.iais.fraunhofer.de/en/research/artificial-intelligence/ai-assessment-catalog.html,1,1,1,1,0,1
2202.03932,https://www.youtube.com/live/ODSJsviD_SU?feature=share&t=4464,1,1,1,0,1,1
2202.03932,https://youtu.be/uJWN0K26NxQ?t=1342,1,1,1,1,1,1
2202.06929,aaai.org,0,0,0,0,0,0
2202.06929,http://osc.edu/ark:/19495/f5s1ph73,1,1,0,1,1,1
2202.06929,https://github.com/exatrkx/exatrkx-acat2021,1,1,0,0,1,1
2202.06929,https://github.com/murnanedaniel/FRNN,1,1,0,0,1,1
2202.06929,https://github.com/onnx/onnx,1,1,0,1,1,1
2202.06929,https://rapids.ai/about.html,1,1,0,0,1,1
2202.06929,https://www.sciencedirect.com/science/article/pii/0020019077900709,1,1,0,1,1,1
2202.07403,http://arxiv.org/abs/1312.6114,1,1,0,1,1,1
2202.07403,http://arxiv.org/abs/1412.6980,1,1,0,1,1,1
2202.07403,http://arxiv.org/abs/1811.01457,1,1,0,1,1,1
2202.07403,http://arxiv.org/abs/1902.02376,1,1,0,1,1,1
2202.07403,http://arxiv.org/abs/1907.07587,1,1,0,1,1,1
2202.07403,http://dx.doi.org/10.1561/2200000056,1,1,0,1,1,1
2202.07403,https://alexlenail.me/NN-SVG/index.html,1,0,0,0,0,1
2202.07403,https://arxiv.org/abs/1907.03907,1,1,0,1,1,1
2202.07403,https://arxiv.org/abs/2001.04385,1,1,0,1,1,1
2202.07403,https://arxiv.org/abs/2005.08926,1,1,0,1,0,1
2202.07403,https://www.biorxiv.org/content/early/2018/11/17/470435,1,1,0,1,1,1
2202.07403,https://www.medrxiv.org/content/10.1101/2020.08.18.20177113v2,1,1,0,1,1,1
2202.07403,https://www.medrxiv.org/content/10.1101/2021.06.21.21257586v1,1,1,0,1,1,1
2202.07501,http://arxiv.org/abs/0207004,1,1,0,0,0,1
2202.07501,http://arxiv.org/abs/0808.0026,1,1,0,0,0,1
2202.07501,http://arxiv.org/abs/0811.1338,1,1,0,0,0,1
2202.07501,http://arxiv.org/abs/0812.2163,1,1,0,0,0,1
2202.07501,http://arxiv.org/abs/0907.4595,1,1,0,0,0,1
2202.07501,http://arxiv.org/abs/0910.1249,1,1,0,0,0,1
2202.07501,http://arxiv.org/abs/0912.3688,1,1,0,0,0,1
2202.07501,http://arxiv.org/abs/1010.5788,1,1,0,0,0,1
2202.07501,http://arxiv.org/abs/1011.6142,1,1,0,0,0,1
2202.07501,http://arxiv.org/abs/1012.0045,1,1,0,0,0,1
2202.07501,http://arxiv.org/abs/1103.4382,1,1,0,0,0,1
2202.07501,http://arxiv.org/abs/1110.3309,1,1,0,0,0,1
2202.07501,http://arxiv.org/abs/1205.6871,1,1,0,0,0,0
2202.07501,http://arxiv.org/abs/1207.6314,1,1,0,0,0,1
2202.07501,http://arxiv.org/abs/1210.8177,1,1,0,0,0,1
2202.07501,http://arxiv.org/abs/1305.3242,1,1,0,0,0,1
2202.07501,http://arxiv.org/abs/1305.3510,1,1,0,0,0,0
2202.07501,http://arxiv.org/abs/1306.3387,1,1,0,0,0,1
2202.07501,http://arxiv.org/abs/1307.1889,1,1,0,0,0,1
2202.07501,http://arxiv.org/abs/1308.0939,1,1,0,0,0,1
2202.07501,http://arxiv.org/abs/1310.3688,1,1,0,0,0,1
2202.07501,http://arxiv.org/abs/1412.7759,1,1,0,0,0,1
2202.07501,http://arxiv.org/abs/1501.05675,1,1,0,0,0,1
2202.07501,http://arxiv.org/abs/1502.05673,1,1,0,0,0,1
2202.07501,http://arxiv.org/abs/1603.02698,1,1,0,0,0,0
2202.07501,http://arxiv.org/abs/1610.03361,1,1,0,0,0,1
2202.07501,http://arxiv.org/abs/1610.05213,1,1,0,0,0,1
2202.07501,http://arxiv.org/abs/1707.04140,1,1,0,0,0,1
2202.07501,http://arxiv.org/abs/1710.05836,1,1,0,0,0,1
2202.07501,http://arxiv.org/abs/1805.11579,1,1,0,0,0,1
2202.07501,http://arxiv.org/abs/1805.11581,1,1,0,0,0,1
2202.07501,http://arxiv.org/abs/1808.00531,1,1,0,0,0,1
2202.07501,http://arxiv.org/abs/1811.02087,1,1,0,0,0,1
2202.07501,http://arxiv.org/abs/1901.01012,1,1,0,0,0,1
2202.07501,http://arxiv.org/abs/1904.06759,1,1,0,0,0,0
2202.07501,http://arxiv.org/abs/2004.05014,1,1,0,0,0,1
2202.07501,http://arxiv.org/abs/2004.07232,1,1,0,0,0,1
2202.07501,http://arxiv.org/abs/2006.10610,1,1,0,0,0,1
2202.07501,http://arxiv.org/abs/2101.01709,1,1,0,0,0,1
2202.07501,http://arxiv.org/abs/2104.00880,1,1,0,0,0,1
2202.07501,http://arxiv.org/abs/2105.06981,1,1,0,0,0,1
2202.07501,http://arxiv.org/abs/2107.08060,1,1,0,0,0,1
2202.07501,http://arxiv.org/abs/2107.09759,1,1,0,0,1,1
2202.07501,http://arxiv.org/abs/2107.09763,1,1,0,0,1,1
2202.07501,http://arxiv.org/abs/2110.14785,1,1,1,1,1,1
2202.07501,http://arxiv.org/abs/2201.01308,1,1,0,0,0,1
2202.07501,http://arxiv.org/abs/arxiv:1306.5785,1,1,0,0,0,1
2202.07501,http://arxiv.org/abs/astro-ph/0402143,1,1,0,0,0,1
2202.07501,http://arxiv.org/abs/astro-ph/0402514,1,1,0,0,0,1
2202.07501,http://arxiv.org/abs/cond-mat/9805018,1,1,0,0,0,1
2202.07501,http://arxiv.org/abs/nucl-th/0001006,1,1,0,0,0,1
2202.07501,http://arxiv.org/abs/nucl-th/0001007,1,1,0,0,0,1
2202.07501,http://arxiv.org/abs/nucl-th/0003048,1,1,0,0,0,1
2202.07501,http://arxiv.org/abs/nucl-th/0210033,1,1,0,0,0,1
2202.07501,http://arxiv.org/abs/nucl-th/0212027,1,1,0,0,0,1
2202.07501,http://arxiv.org/abs/nucl-th/0304018,1,1,0,0,0,1
2202.07501,http://arxiv.org/abs/nucl-th/0306009,1,1,0,0,0,1
2202.07501,http://arxiv.org/abs/nucl-th/0307089,1,1,0,0,0,1
2202.07501,http://arxiv.org/abs/nucl-th/0402034,1,1,0,0,0,1
2202.07501,http://arxiv.org/abs/nucl-th/0508035,1,1,0,0,0,1
2202.07501,http://arxiv.org/abs/nucl-th/0608005,1,1,0,0,0,1
2202.07501,http://arxiv.org/abs/nucl-th/9806097,1,1,0,0,0,1
2202.07501,http://arxiv.org/abs/nucl-th/9811073,1,1,0,0,0,1
2202.07501,https://compose.obspm.fr/,0,1,0,1,1,1
2202.07501,https://doi.org/10.1007/s10909-017-1818-7,1,1,0,0,0,1
2202.07501,https://doi.org/10.1016/S0146-6410(00)00105-8,0,1,0,0,0,1
2202.07501,https://doi.org/10.1016/S0375-9474(00)00351-1,0,1,0,0,0,1
2202.07501,https://doi.org/10.1016/S0375-9474(02)01290-3,0,1,0,0,0,1
2202.07501,https://doi.org/10.1016/j.ppnp.2004.02.038,1,1,0,0,0,1
2202.07501,https://doi.org/10.1016/j.ppnp.2010.03.001,1,1,0,0,0,1
2202.07501,https://doi.org/10.1038/316027a0,1,1,0,0,0,1
2202.07501,https://doi.org/10.1038/nature09466,1,1,0,0,0,0
2202.07501,https://doi.org/10.1038/s41550-019-0880-2,1,1,0,0,0,0
2202.07501,https://doi.org/10.1038/s41592-019-0686-2,1,1,0,0,0,1
2202.07501,https://doi.org/10.1088/0004-637X/777/1/22,1,1,0,0,1,1
2202.07501,https://doi.org/10.1088/0004-637X/784/2/123,1,1,0,0,0,1
2202.07501,https://doi.org/10.1088/2041-8205/765/1/L5,1,1,0,0,0,0
2202.07501,https://doi.org/10.1093/mnras/stab2081,1,1,0,0,1,1
2202.07501,https://doi.org/10.1093/mnras/stz042,1,1,0,0,1,1
2202.07501,https://doi.org/10.1103/PhysRevA.80.033613,1,1,0,0,0,1
2202.07501,https://doi.org/10.1103/PhysRevA.89.053630,1,1,0,0,0,1
2202.07501,https://doi.org/10.1103/PhysRevB.55.15153,1,1,0,0,0,1
2202.07501,https://doi.org/10.1103/PhysRevB.99.014502,1,1,0,0,0,1
2202.07501,https://doi.org/10.1103/PhysRevC.58.1921,1,1,0,0,1,1
2202.07501,https://doi.org/10.1103/PhysRevC.59.2619,1,1,0,0,0,1
2202.07501,https://doi.org/10.1103/PhysRevC.62.054316,1,1,0,0,0,1
2202.07501,https://doi.org/10.1103/PhysRevC.63.044310,1,1,0,0,0,1
2202.07501,https://doi.org/10.1103/PhysRevC.67.061302,1,1,0,0,0,1
2202.07501,https://doi.org/10.1103/PhysRevC.68.034310,1,1,0,0,0,1
2202.07501,https://doi.org/10.1103/PhysRevC.68.041001,1,1,0,0,0,1
2202.07501,https://doi.org/10.1103/PhysRevC.71.054301,1,1,0,0,0,1
2202.07501,https://doi.org/10.1103/PhysRevC.72.054313,1,1,0,0,0,1
2202.07501,https://doi.org/10.1103/PhysRevC.74.064301,1,1,0,0,0,1
2202.07501,https://doi.org/10.1103/PhysRevC.81.024002,1,1,0,0,0,1
2202.07501,https://doi.org/10.1103/PhysRevC.86.064001,1,1,0,0,0,1
2202.07501,https://doi.org/10.1103/PhysRevC.88.044302,1,1,0,0,0,1
2202.07501,https://doi.org/10.1103/PhysRevC.88.054315,1,1,0,0,0,1
2202.07501,https://doi.org/10.1103/PhysRevC.88.054326,1,1,0,0,0,1
2202.07501,https://doi.org/10.1103/PhysRevC.91.015806,1,1,0,0,1,1
2202.07501,https://doi.org/10.1103/PhysRevC.94.025802,1,1,0,0,0,1
2202.07501,https://doi.org/10.1103/PhysRevC.95.024302,1,1,0,0,0,1
2202.07501,https://doi.org/10.1103/PhysRevD.79.124032,1,1,0,0,0,1
2202.07501,https://doi.org/10.1103/PhysRevLett.101.140403,1,1,0,0,0,1
2202.07501,https://doi.org/10.1103/PhysRevLett.106.081101,1,1,0,0,1,1
2202.07501,https://doi.org/10.1103/PhysRevLett.107.145304,1,1,0,0,0,1
2202.07501,https://doi.org/10.1103/PhysRevLett.110.011101,1,1,0,0,0,1
2202.07501,https://doi.org/10.1103/PhysRevLett.119.161101,1,1,0,0,0,1
2202.07501,https://doi.org/10.1103/PhysRevLett.121.161101,1,1,0,0,0,1
2202.07501,https://doi.org/10.1103/PhysRevLett.125.060403,1,1,0,0,0,1
2202.07501,https://doi.org/10.1103/PhysRevLett.24.775,1,1,0,0,1,1
2202.07501,https://doi.org/10.1103/PhysRevLett.92.082501,1,1,0,0,0,1
2202.07501,https://doi.org/10.1103/PhysRevLett.93.151101,1,1,0,0,0,1
2202.07501,https://doi.org/10.1103/PhysRevX.9.011001,1,1,0,0,0,1
2202.07501,https://doi.org/10.1103/RevModPhys.75.607,1,1,0,0,0,1
2202.07501,https://doi.org/10.1103/RevModPhys.81.1773,1,1,0,0,0,1
2202.07501,https://doi.org/10.1103/RevModPhys.89.015007,1,1,0,0,0,1
2202.07501,https://doi.org/10.1103/physrevlett.125.202702,1,1,0,0,0,1
2202.07501,https://doi.org/10.1111/j.1745-3933.2011.01015.x,1,1,0,0,1,1
2202.07501,https://doi.org/10.1126/science.1214987,1,1,0,0,0,1
2202.07501,https://doi.org/10.1142/2657,1,1,0,0,0,1
2202.07501,https://doi.org/10.1143/PTP.44.905,1,1,0,0,0,1
2202.07501,https://doi.org/10.1146/annurev-astro-081915-023322,1,1,0,0,0,0
2202.07501,https://doi.org/10.1146/annurev-conmatphys-031113-133829,1,1,0,0,0,1
2202.07501,https://doi.org/10.1146/annurev-nucl-102014-021957,1,1,0,0,1,1
2202.07501,https://doi.org/10.1146/annurev-nucl-102419-041903,1,1,0,0,0,1
2202.07501,https://doi.org/10.1146/annurev-nucl-102711-095018,1,1,0,0,0,0
2202.07501,https://doi.org/10.1146/annurev.astro.42.053102.134013,1,1,0,0,0,1
2202.07501,https://doi.org/10.3389/fphy.2020.00387,1,1,0,0,0,1
2202.07501,https://doi.org/10.3390/condmat7010019,1,1,0,0,1,1
2202.07501,https://doi.org/10.3847/1538-4357/aad7fc,1,1,0,0,1,1
2202.07501,https://doi.org/10.3847/2041-8213/ac03b8,1,1,0,0,0,1
2202.07501,https://doi.org/10.3847/2041-8213/ac089a,1,1,0,0,0,1
2202.07501,https://doi.org/https://doi.org/10.1016/0375-9474(85)90140-X,0,1,0,0,0,1
2202.07501,https://doi.org/https://doi.org/10.1016/0375-9474(89)90252-2,0,1,0,0,0,1
2202.07501,https://doi.org/https://doi.org/10.1016/S0921-4534(99)00326-3,0,1,0,0,0,1
2202.07501,https://github.com/arnaurios/Gap_Tc_Paper,1,0,0,1,1,1
2202.09235,http://arxiv.org/abs/1704.05955,1,1,1,0,0,1
2202.09235,http://arxiv.org/abs/2109.06903,1,1,1,0,0,1
2202.09235,http://dx.doi.org/10.1007/s11128-015-1016-y,1,1,1,0,0,1
2202.09235,http://dx.doi.org/10.1016/S0960-0779(98)00218-5,0,1,1,0,1,1
2202.09235,http://dx.doi.org/10.1063/1.4914941,1,1,1,0,0,1
2202.09235,http://dx.doi.org/10.1103/PhysRevA.87.032332,1,1,1,0,0,1
2202.09235,http://dx.doi.org/10.1103/PhysRevA.93.012313,1,1,1,0,0,1
2202.09235,http://dx.doi.org/10.1103/PhysRevA.98.032304,1,1,1,0,1,1
2202.09235,http://dx.doi.org/10.1103/PhysRevLett.124.090505,1,1,1,0,1,1
2202.09235,http://dx.doi.org/10.1364/OE.26.030689,1,1,1,0,0,1
2202.09235,https://doi.org/10.1007/s11128-015-1016-y,1,1,1,0,0,1
2202.09235,https://doi.org/10.1016/j.aop.2019.04.001,1,1,1,0,0,1
2202.09235,https://doi.org/10.1016/s0960-0779(98)00218-5,0,1,1,0,0,1
2202.09235,https://doi.org/10.1063/1.4914941,1,1,1,0,0,1
2202.09235,https://doi.org/10.1088/1367-2630/14/6/063006,1,1,1,0,0,1
2202.09235,https://doi.org/10.1088/1367-2630/16/1/013009,1,1,1,0,0,1
2202.09235,https://doi.org/10.1103/PhysRevA.71.022316,1,1,1,0,0,1
2202.09235,https://doi.org/10.1103/PhysRevA.86.022316,1,1,1,0,0,1
2202.09235,https://doi.org/10.1103/PhysRevA.95.012329,1,1,1,0,0,1
2202.09235,https://doi.org/10.1103/PhysRevA.96.012306,1,1,1,0,0,1
2202.09235,https://doi.org/10.1103/PhysRevLett.125.180504,1,1,1,0,0,1
2202.09235,https://doi.org/10.1103/PhysRevX.11.021010,1,1,1,0,0,1
2202.09235,https://doi.org/10.1103/PhysRevX.2.041021,1,1,1,0,0,1
2202.09235,https://doi.org/10.1103/physreva.87.032332,1,1,1,0,0,1
2202.09235,https://doi.org/10.1103/physreva.93.012313,1,1,1,0,0,1
2202.09235,https://doi.org/10.1103/physreva.98.032304,1,1,1,0,0,1
2202.09235,https://doi.org/10.1103/physrevlett.124.090505,1,1,1,0,0,1
2202.09235,https://doi.org/10.1364/oe.26.030689,1,1,1,0,0,1
2202.09235,https://doi.org/10.26421/QIC16.9-10-8,1,1,1,0,0,1
2202.09235,https://doi.org/10.26421/QIC18.1-2-1,1,1,1,0,0,1
2202.09235,https://doi.org/10.3389/fphy.2020.589504,1,1,1,0,0,1
2202.09235,https://github.com/lia-approves/qudit-circuits/tree/main/qutrit_R_from_T,1,1,1,0,1,0
2202.09235,https://link.aps.org/doi/10.1103/PhysRevA.71.022316,1,1,1,0,0,1
2202.09235,https://link.aps.org/doi/10.1103/PhysRevA.86.022316,1,1,1,0,1,1
2202.09235,https://link.aps.org/doi/10.1103/PhysRevA.95.012329,1,1,1,0,1,1
2202.09235,https://link.aps.org/doi/10.1103/PhysRevA.96.012306,1,1,1,0,1,1
2202.09235,https://link.aps.org/doi/10.1103/PhysRevLett.125.180504,1,1,1,0,1,1
2202.09235,https://link.aps.org/doi/10.1103/PhysRevX.11.021010,1,1,1,0,1,1
2202.09235,https://link.aps.org/doi/10.1103/PhysRevX.2.041021,1,1,1,0,0,1
2202.09235,https://orcid.org/0000-0001-9824-5804,1,0,0,0,0,0
2202.09235,https://orcid.org/0000-0002-5405-8959,1,0,0,0,0,0
2202.09235,https://orcid.org/0000-0003-0941-4333,1,0,0,0,0,0
2202.09235,https://orcid.org/0000-0003-2704-4057,1,0,0,0,0,0
2202.09235,https://vdwetering.name,1,1,1,0,0,1
2202.09235,https://www.frontiersin.org/article/10.3389/fphy.2020.589504,1,1,1,0,1,1
2202.09235,https://www.mathstat.dal.ca/~neilr/,0,1,1,0,0,1
2202.09235,mailto:andrewglaudell@gmail.com,0,0,0,0,0,0
2202.09235,mailto:john@vdwetering.name,0,0,0,0,0,0
2202.09235,mailto:lia.yeh@cs.ox.ac.uk,0,0,0,0,0,0
2202.09235,mailto:neil.jr.ross@dal.ca,0,0,0,0,0,0
2202.09381,https://competitions.codalab.org/competitions/18814#results,0,1,0,1,1,1
2202.09381,https://datasociety.net/wp-content/uploads/2018/05/Data_Society_Data_Voids_Final_3.pdf,1,1,0,0,1,1
2202.09381,https://digitalcommons.unl.edu/cgi/viewcontent.cgi?article=1003&context=senatedocs,1,1,0,1,1,1
2202.09381,https://en.wikipedia.org/wiki/,0,0,0,0,0,1
2202.09381,https://github.com/Yibing-Du/adversarial-factcheck,1,1,0,1,1,1
2202.09381,https://meta.wikimedia.org/wiki/,0,0,0,0,0,1
2202.09381,https://nationalpress.org/topic/the-truth-about-fact-checking/,0,0,0,0,1,1
2202.09381,https://openai.com/blog/better-language-models/,0,1,0,1,0,1
2202.09381,https://www.lawfareblog.com/outsourcing-disinformation,0,1,0,0,0,1
2202.09381,https://www.nytimes.com/article/what-is-qanon.html,0,1,0,0,1,1
2202.09381,https://www.theatlantic.com/business/archive/2015/08/wikipedia-editors-for-pay/393926/,0,0,0,0,1,0
2202.09381,https://ﬁvethirtyeight.com/features/why-twitters-fact-check-of-trump-might-not-be-enough-to-combat-misinformation/ ,0,0,0,0,0,0
2202.09381,mediacloud.org,0,0,0,0,0,0
2202.09381,medicalnewstoday.com,0,1,0,0,0,0
2202.09381,wikipedia.com,0,1,0,0,0,0
2301.00855,http://cds.cern.ch/record/2805980,1,1,1,0,0,1
2301.00855,https://atlas.web.cern.ch/Atlas/GROUPS/PHYSICS/CONFNOTES/ATLAS-CONF-2022-019,0,1,0,0,1,1
2301.00855,https://atlas.web.cern.ch/Atlas/GROUPS/PHYSICS/CONFNOTES/ATLAS-CONF-2022-026,0,1,0,0,1,1
2301.00855,https://cds.cern.ch/record/2806467,1,1,1,0,1,1
2301.04817,https://doi.org/10.1007/978-3-030-32101-7_2,1,0,0,0,0,0
2301.04817,https://doi.org/10.1007/978-3-319-70697-9_14,1,0,0,0,0,1
2301.04817,https://doi.org/10.1007/978-3-319-96884-1_25,1,0,0,0,0,0
2301.04817,https://doi.org/10.1007/978-3-662-64331-0_4,1,0,0,0,1,0
2301.04817,https://doi.org/10.1016/j.tcs.2007.04.036,1,0,0,0,0,1
2301.04817,https://doi.org/10.1016/j.tcs.2014.07.022,1,0,0,0,0,0
2301.04817,https://doi.org/10.1016/j.tcs.2019.02.001,1,0,0,0,1,0
2301.04817,https://doi.org/10.1109/SFCS.1989.63511,1,0,0,0,0,0
2301.04817,https://doi.org/10.1109/SFFCS.1999.814584,1,0,0,0,0,1
2301.04817,https://doi.org/10.1137/0212045,1,0,0,0,1,0
2301.04817,https://doi.org/10.1145/259380.259439,1,0,0,0,1,0
2301.04817,https://doi.org/10.1145/277697.277724,1,0,0,0,1,0
2301.04817,https://doi.org/10.1145/3149.214121,1,0,0,0,1,0
2301.04817,https://doi.org/10.1145/3243734.3243848,1,1,0,0,0,0
2301.04817,https://doi.org/10.1145/3548606.3559347,1,1,0,0,0,1
2301.04817,https://doi.org/10.4230/LIPIcs.DISC.2022.33,1,0,0,0,0,1
2301.04817,https://doi.org/10.48550/arXiv.2302.05520,1,0,0,0,1,0
2301.04817,https://doi.org/10.48550/arXiv.2304.14701,1,0,0,0,1,0
2301.04817,https://doi.org/10.48550/arXiv.2308.04080,1,0,0,0,0,1
2301.04817,https://doi.org/10.5281/zenodo.8418165,1,0,0,0,0,1
2301.04817,https://eprint.iacr.org/2022/1448,1,1,0,1,1,1
2301.04817,https://eprint.iacr.org/archive/2022/1448/20230910:162058,1,1,0,1,0,1
2301.04817,https://orcid.org/0000-0003-2341-7928,1,0,1,0,0,0
2301.04817,https://zenodo.org/record/8418165,1,1,0,1,1,1
2301.04846,http://arxiv.org/abs/1503.03571,1,1,0,1,1,1
2301.04846,http://categoricaldata.net,1,1,1,1,1,1
2301.04846,http://cseweb.ucsd.edu/~goguen/pps/iﬁ04.pdf,0,0,0,0,0,0
2301.11535,http://www.nrel.gov/grid/solar-power-data.html,1,1,0,0,1,1
2301.11535,http://www.timeseriesclassification.com/description.php?Dataset=ECG5000,1,1,0,0,1,0
2301.11535,https://archive.ics.uci.edu/ml/datasets/PEMS-SF,1,1,0,0,1,1
2301.11535,https://dot.ca.gov/programs/traffic-operations/mpr/pems-source,1,1,0,0,1,1
2301.11580,https://doi.org/10.1007/s00373-011-1040-3,1,1,1,1,1,1
2301.11580,https://doi.org/10.1016/j.jet.2006.06.006,1,1,1,1,1,1
2301.11580,https://doi.org/10.1609/aaai.v34i02.5609,1,1,1,1,1,1
2301.11580,https://doi.org/10.48550/arXiv.1911.05788,1,0,0,1,1,1
2301.11580,https://doi.org/10.48550/arXiv.2002.10627,1,0,0,1,1,1
2301.11580,https://doi.org/10.48550/arXiv.2012.02916,1,0,0,1,1,1
2301.13185,http://users.cecs.anu.edu.au/~ssanner/IPPC_2011/,0,1,1,0,0,1
2301.13185,https://gist.github.com/iiLaurens/ba9c479e71ee4ceef816ad50b87d9ebd,0,1,1,0,1,1
2301.13185,https://github.com/openai/gym/blob/master/gym/envs/toy_text/frozen_lake.py,0,1,1,0,1,1
2301.13185,https://github.com/paulhendricks/gym-inventory/tree/master,0,1,1,0,1,1
2301.13185,https://github.com/tudelft-cda-lab/OMDT,0,1,1,0,1,1
2301.13185,https://www.gurobi.com/,0,1,1,0,1,1
2302.00836,http://arxiv.org/abs/2006.11477,1,1,1,1,0,1
2302.00836,http://arxiv.org/abs/2201.02419,1,1,1,1,0,1
2302.00836,http://www.livac.org/yueqie/,0,0,0,0,1,1
2302.00836,https://doi.org/10.1109/ICASSP39728.2021.9414778,1,1,1,1,1,1
2302.00836,https://dumps.wikimedia.org/zh_yuewiki,0,1,0,0,1,0
2302.00836,https://github.com/chinese-opendesktop/cin-tables,0,1,0,0,1,1
2302.00836,https://huggingface.co/datasets/mozilla-foundation/common_voice_9_0,0,1,0,0,0,0
2302.01496,http://arxiv.org/abs/2302.01496v1,1,0,0,0,0,0
2302.01496,https://ai.google/principles/,0,1,0,1,1,1
2302.01496,https://blog.youtube/press/,0,1,0,1,0,1
2302.01496,https://cdn.openai.com/papers/whisper.pdf,0,0,0,1,1,0
2302.01496,https://cloud.google.com/tpu/docs,1,1,0,1,1,1
2302.01959,http://dx.doi.org/10.1021/acsomega.7b01650,1,0,0,1,0,1
2302.01959,https://doi.org/10.1017/jfm.2018.255,1,0,0,0,0,1
2302.01959,https://doi.org/10.1021/acsomega.7b01650,1,0,0,0,0,1
2302.01959,https://doi.org/10.1051/rphysap:01988002306097500,1,0,0,0,0,1
2302.01959,https://doi.org/10.1063/1.2338303,1,0,0,0,0,1
2302.01959,https://doi.org/10.1080/00268976.2018.1471223,1,0,0,1,1,1
2302.01959,https://doi.org/10.1088/0953-8984/22/8/084019,1,0,0,0,0,1
2302.01959,https://doi.org/10.1103/PhysRev.154.529,1,0,0,0,0,1
2302.01959,https://doi.org/10.1103/PhysRevE.102.053105,1,0,0,0,0,1
2302.01959,https://doi.org/10.1103/PhysRevE.59.6766,1,0,0,0,0,1
2302.01959,https://doi.org/10.1103/PhysRevE.65.016110,1,0,0,0,0,1
2302.01959,https://doi.org/10.1103/PhysRevE.82.041603,1,0,0,0,0,1
2302.01959,https://doi.org/10.1103/PhysRevE.84.011607,1,0,0,0,0,1
2302.01959,https://doi.org/10.1103/PhysRevE.95.023104,1,0,0,0,0,1
2302.01959,https://doi.org/10.1103/PhysRevLett.108.226101,1,0,0,0,0,1
2302.01959,https://doi.org/10.1103/PhysRevLett.111.047802,1,0,0,0,0,1
2302.01959,https://doi.org/10.1103/PhysRevLett.118.158001,1,0,0,0,0,1
2302.01959,https://doi.org/10.1103/PhysRevLett.15.621,1,0,0,0,0,1
2302.01959,https://doi.org/10.1103/PhysRevLett.56.889,1,0,0,0,0,1
2302.01959,https://doi.org/10.1103/PhysRevLett.60.2488,1,0,0,0,0,1
2302.01959,https://doi.org/10.1103/PhysRevLett.93.086104,1,0,0,0,0,1
2302.01959,https://doi.org/10.1103/PhysRevLett.95.244505,1,0,0,0,0,1
2302.01959,https://doi.org/10.1103/PhysRevMaterials.3.085605,1,0,0,0,0,1
2302.01959,https://doi.org/10.1103/RevModPhys.57.827,1,0,0,0,0,1
2302.01959,https://doi.org/10.1126/science.270.5239.1177,1,0,0,0,1,1
2302.01959,https://doi.org/10.1142/S0218127409024505,1,0,0,1,0,1
2302.01959,https://doi.org/http://dx.doi.org/10.1016/j.cis.2013.11.003,1,0,0,0,0,1
2302.01959,https://doi.org/http://dx.doi.org/10.1063/1.435301,1,0,0,0,0,1
2302.01959,https://doi.org/https://doi.org/10.1016/j.chaos.2022.112778,1,0,0,0,0,1
2302.01959,https://www.science.org/doi/pdf/10.1126/science.270.5239.1177,1,0,0,1,0,1
2302.01959,mailto:lgmac@quim.ucm.es,0,0,0,0,0,0
2302.02510,http://arxiv.org/abs/1505.07518,1,1,0,1,1,1
2302.02510,https://arxiv.org/abs/1705.10439,1,1,0,1,1,1
2302.02510,https://arxiv.org/abs/1907.09092,1,1,0,1,1,1
2302.02510,https://arxiv.org/abs/1908.06563,1,1,0,1,1,1
2302.02510,https://arxiv.org/abs/2010.09152,1,1,0,1,1,1
2302.02510,https://arxiv.org/abs/2301.03156,1,1,0,1,1,1
2302.02510,https://arxiv.org/abs/2301.05736,1,1,0,1,1,1
2302.03462,http://openaccess.thecvf.com/content_CVPR_2019/html/Zeng_End-To-End_Interpretable_Neural_Motion_Planner_CVPR_2019_paper.html,0,0,0,1,1,0
2302.03462,https://doi.org/10.1109/ICRA.2019.8793868,1,1,0,1,0,1
2302.03462,https://github.com/lcalem/DIVA,1,1,0,1,1,1
2302.03462,https://openreview.net/forum?id=BJe0Gn0cY7,0,1,0,1,1,0
2302.07036,https://arxiv.org/abs/2004.02806,1,1,1,1,1,1
2302.07036,https://arxiv.org/abs/2207.05278,1,1,1,1,0,1
2302.07036,https://doi.org/10.1063/5.0070992,1,1,1,1,0,1
2302.07036,https://github.com/activeloopai/Hub,1,1,0,1,1,1
2302.07036,https://github.com/uky-UCAT/SC_ONN_SIM.git,1,1,1,0,1,1
2302.07036,https://keras.io/api/applications/,0,1,0,1,0,1
2302.07036,https://www.lumerical.com/products/interconnect/,0,1,1,1,0,1
2302.07036,https://www.ni.com/en-us/shop/software/products/multisim.html,1,1,1,1,1,1
2302.10542,https://doi.org/10.1088%2F1475-7516%2F2016%2F08%2F069,1,0,0,1,0,1
2302.10542,https://doi.org/10.1146/annurev.nucl.57.090506.123052,1,1,1,1,0,1
2302.10542,https://dx.doi.org/10.1088/0954-3899/43/8/084001,1,1,1,1,0,1
2302.10542,https://github.com/MeighenBergerS/pone_dm/releases/tag/v1.0.0,1,1,1,1,1,1
2302.10542,https://link.aps.org/doi/10.1103/PhysRevLett.129.111101,1,1,1,1,1,1
2302.10542,https://link.aps.org/doi/10.1103/PhysRevLett.99.231301,1,1,1,1,1,1
2302.10542,mailto:desai.kruteesh@campus.lmu.de,0,0,0,0,0,0
2302.10542,mailto:ruohan.li@tum.de,0,0,0,0,0,0
2302.10542,mailto:stephan.meighenberger@unimelb.edu.au,0,0,0,0,0,0
2302.11862,https://doi.org/10.1016/j.jctb.2020.11.002,1,0,0,1,1,1
2302.11862,https://doi.org/10.48550/ARXIV.2301.09493,1,0,0,1,1,1
2302.11862,https://doi.org/https://doi.org/10.1016/S0166-218X(96)00137-0,1,0,0,1,1,0
2302.11862,https://doi.org/https://doi.org/10.1016/j.disc.2014.09.008,1,0,0,1,1,1
2302.13253,https://aclanthology.org/2022.gem-1.24,1,1,1,0,1,1
2302.13253,https://arxiv.org/abs/2210.12084,1,1,1,1,1,1
2302.13253,https://huggingface.co/mrm8488/codebert-base-finetuned-stackoverflow-ner,1,1,1,0,1,1
2302.13253,https://onlinelibrary.wiley.com/doi/abs/10.1002/cpe.5119,1,1,1,0,1,1
2302.13253,https://stackoverflow.com,1,1,1,0,1,1
2302.13253,https://www.kaggle.com/datasets/stackoverflow/stacksample,1,1,1,0,1,1
2401.02021,https://github.com/usnistgov/alignn,1,1,0,1,0,1
2401.02021,https://github.com/usnistgov/intermat,1,1,0,1,1,1
2401.02021,https://github.com/usnistgov/jarvis,1,1,0,1,1,1
2401.02021,https://jarvis.nist.gov/jarvish/,0,1,0,1,1,1
2401.02021,https://orcid.org/0000-0001-9737-8074,1,0,0,0,0,1
2401.02021,https://orcid.org/0000-0003-0263-4157,1,0,0,0,0,1
2401.03166,https://bartwronski.com/2021/07/06/comparing-images-in-frequency-domain-spectral-loss-does-it-make-sense/,0,1,1,1,1,1
2401.03166,https://github.com/Vibhu04/Deblurring-Variational-Autoencoders-with-STFT,1,1,1,0,1,1
2401.03166,https://www.tensorflow.org/tutorials/generative/cvae,1,1,1,1,1,1
2401.04820,https://apwg.org/trendsreports/,0,1,0,1,1,1
2401.04820,https://cybermacs.eu/,0,0,0,0,0,1
2401.04820,https://doi.org/10.1007/978-3-031-06971-0_22,1,1,0,0,1,1
2401.04820,https://doi.org/10.1007/978-3-319-60801-3_27,1,1,0,0,1,1
2401.04820,https://doi.org/10.1007/s11235-021-00850-6,1,1,0,1,1,1
2401.04820,https://doi.org/10.1007/s12652-018-0798-z,1,1,0,1,1,1
2401.04820,https://doi.org/10.1007/s12652-019-01311-4,1,1,0,1,1,1
2401.04820,https://doi.org/10.1007/s40558-019-00160-3,1,1,0,1,0,1
2401.04820,https://doi.org/10.1016/j.procs.2021.07.040,1,1,0,1,1,1
2401.04820,https://doi.org/10.1023/A:1024218716736,0,1,0,1,1,0
2401.04820,https://doi.org/10.1038/s41598-022-10841-5,1,1,0,1,1,1
2401.04820,https://doi.org/10.1049/ise2.12106 ,0,0,0,0,0,0
2401.04820,https://doi.org/10.1093/comjnl/bxab062,1,1,0,1,1,1
2401.04820,https://doi.org/10.1109/ACCESS.2022.3152828,1,1,0,1,0,1
2401.04820,https://doi.org/10.1109/IJCNN48605.2020.9207707,1,0,0,1,1,1
2401.04820,https://doi.org/10.1109/INFCOM.2010.5462216,1,0,0,1,1,1
2401.04820,https://doi.org/10.1109/WI-IAT55865.2022.00028,1,0,0,1,1,1
2401.04820,https://doi.org/10.1111/exsy.13518,1,0,0,1,1,1
2401.04820,https://doi.org/10.1145/3372297.3417233,1,1,0,1,1,1
2401.04820,https://doi.org/10.1155/2022/3241216,1,1,0,1,1,1
2401.04820,https://doi.org/10.1162/tacl_a_00448,1,1,0,0,0,1
2401.04820,https://doi.org/10.1177/1748006X221140194,1,1,0,1,1,1
2401.04820,https://doi.org/10.1186/s13635-016-0034-3,1,1,0,1,1,1
2401.04820,https://doi.org/10.3390/app13137429,1,1,0,1,1,1
2401.04820,https://doi.org/10.3390/sym12101681,1,1,0,1,1,1
2401.04820,https://doi.org/10.48550/arXiv.1810.04805,1,1,0,1,0,1
2401.04820,https://doi.org/10.48550/arXiv.1909.11942,1,1,0,1,0,1
2401.04820,https://doi.org/10.48550/arXiv.2005.08314,1,1,0,1,1,1
2401.04820,https://drive.google.com/file/d/1Lp3ueOd7AxmAl2Y0jJ2U2XlEFa6q8AcT/view?usp=drive_link,1,1,0,0,0,1
2401.05191,https://github.com/Riwei-HEU/AHNS,1,1,0,0,1,1
2401.05191,https://grouplens.org/datasets/movielens/,0,0,0,0,0,1
2401.05191,https://jmcauley.ucsd.edu/data/amazon/,0,0,0,0,1,1
2401.05191,www.aaai.org,1,0,0,0,0,1
2401.07917,http://arxiv.org/abs/1501.00127,1,0,0,0,0,0
2401.07917,http://arxiv.org/abs/1801.04318,1,0,0,0,0,0
2401.07917,http://dx.doi.org/10.1007/BF00644037,1,0,0,0,0,0
2401.07917,http://dx.doi.org/10.1007/lrsp-2015-4,1,0,0,0,0,0
2401.07917,http://dx.doi.org/10.1007/s00159-019-0115-7,1,0,0,0,0,0
2401.07917,http://dx.doi.org/10.1007/s12036-022-09869-w,1,0,0,0,0,0
2401.07917,http://dx.doi.org/10.1017/pasa.2012.017,1,0,0,0,0,0
2401.07917,http://dx.doi.org/10.1017/pasa.2018.7,1,0,0,0,0,0
2401.07917,http://dx.doi.org/10.1017/pasa.2020.11,1,0,0,0,0,0
2401.07917,http://dx.doi.org/10.1017/pasa.2022.46,1,0,0,0,0,0
2401.07917,http://dx.doi.org/10.1038/300615a0,1,0,0,0,0,0
2401.07917,http://dx.doi.org/10.1051/0004-6361/201116681,1,0,0,0,0,0
2401.07917,http://dx.doi.org/10.1051/0004-6361/201220873,1,0,0,0,0,0
2401.07917,http://dx.doi.org/10.1051/0004-6361/201834059,1,0,0,0,0,0
2401.07917,http://dx.doi.org/10.1051/0004-6361/202039517,1,0,0,0,0,0
2401.07917,http://dx.doi.org/10.1051/0004-6361/202039846,1,0,0,0,0,0
2401.07917,http://dx.doi.org/10.1051/0004-6361/202346841,1,0,0,0,0,0
2401.07917,http://dx.doi.org/10.1051/0004-6361/202346842,1,0,0,0,0,0
2401.07917,http://dx.doi.org/10.1051/0004-6361/202346844,1,0,0,0,0,0
2401.07917,http://dx.doi.org/10.1086/522227,1,0,0,0,0,0
2401.07917,http://dx.doi.org/10.1086/670067,1,0,0,0,0,0
2401.07917,http://dx.doi.org/10.1088/0004-637X/762/2/94,1,0,0,0,0,0
2401.07917,http://dx.doi.org/10.1088/0004-637X/813/1/65,1,0,0,0,0,0
2401.07917,http://dx.doi.org/10.1088/0264-9381/30/22/224015,1,0,0,0,0,0
2401.07917,http://dx.doi.org/10.1088/1742-6596/932/1/012002,1,0,0,0,0,0
2401.07917,http://dx.doi.org/10.1093/mnras/staa278,1,0,0,0,0,0
2401.07917,http://dx.doi.org/10.1093/mnras/stab1990,1,0,0,0,0,0
2401.07917,http://dx.doi.org/10.1093/mnras/stab2833,1,0,0,0,0,0
2401.07917,http://dx.doi.org/10.1093/mnras/sts486,1,0,0,0,0,0
2401.07917,http://dx.doi.org/10.1093/mnras/stt2122,1,0,0,0,0,0
2401.07917,http://dx.doi.org/10.1093/mnras/stv2143,1,0,0,0,0,0
2401.07917,http://dx.doi.org/10.1093/mnras/stv2755,1,0,0,0,0,0
2401.07917,http://dx.doi.org/10.1093/mnras/stw347,1,0,0,0,0,0
2401.07917,http://dx.doi.org/10.1093/mnras/stw395,1,0,0,0,0,0
2401.07917,http://dx.doi.org/10.1093/mnras/stw483,1,0,0,0,0,0
2401.07917,http://dx.doi.org/10.1093/mnras/sty3324,1,0,0,0,0,0
2401.07917,http://dx.doi.org/10.1093/mnras/stz1278,1,0,0,0,0,0
2401.07917,http://dx.doi.org/10.1111/j.1365-2966.2006.10870.x,1,0,0,0,0,0
2401.07917,http://dx.doi.org/10.1111/j.1365-2966.2011.18613.x,1,0,0,0,0,0
2401.07917,http://dx.doi.org/10.1111/j.1365-2966.2011.19505.x,1,0,0,0,0,0
2401.07917,http://dx.doi.org/10.22323/1.215.0037,1,0,0,0,0,0
2401.07917,http://dx.doi.org/10.3847/1538-4357/aa73df,1,0,0,0,0,0
2401.07917,http://dx.doi.org/10.3847/1538-4357/ab01fd,1,0,0,0,0,0
2401.07917,http://dx.doi.org/10.3847/1538-4357/ac5829,1,0,0,0,0,0
2401.07917,http://dx.doi.org/10.3847/2041-8213/acdac6,1,0,0,0,0,0
2401.07917,http://dx.doi.org/10.3847/2041-8213/acdd02,1,0,0,0,0,0
2401.07917,http://dx.doi.org/10.5281/zenodo.6046212,1,0,0,0,0,0
2401.07917,https://doi.org/10.25919/cx59-a798,1,0,1,1,1,1
2401.07917,https://doi.org/10.5281/zenodo.8164424,1,0,1,1,1,1
2401.07917,https://github.com/inpta/InPTA.DR1,1,0,1,1,1,1
2401.07917,https://lta.lofar.eu/,0,0,1,0,0,0
2401.07917,https://orcid.org/0000-0001-5567-5492,1,0,0,0,0,0
2401.07917,https://orcid.org/0000-0002-1775-9692,1,0,0,0,0,0
2401.07917,https://orcid.org/0000-0002-2885-8485,1,0,0,0,0,0
2401.07917,https://orcid.org/0000-0002-2953-7376,1,0,0,0,0,0
2401.07917,https://orcid.org/0000-0002-3118-5963,1,0,0,0,0,0
2401.07917,https://orcid.org/0000-0002-3407-8071,1,0,0,0,0,0
2401.07917,https://orcid.org/0000-0002-3649-276X,1,0,0,0,0,0
2401.07917,https://orcid.org/0000-0002-4553-655X,1,0,0,0,0,0
2401.07917,https://orcid.org/0000-0002-5307-2919,1,0,0,0,0,0
2401.07917,https://orcid.org/0000-0002-6554-3722,1,0,0,0,0,0
2401.07917,https://orcid.org/0000-0002-8452-4834,1,0,0,0,0,0
2401.07917,https://orcid.org/0000-0002-9049-8716,1,0,0,0,0,0
2401.07917,https://orcid.org/0000-0003-1361-7723,1,0,0,0,0,0
2401.07917,https://orcid.org/0000-0003-3068-3677,1,0,0,0,0,0
2401.07917,https://orcid.org/0000-0003-3362-7996,1,0,0,0,0,0
2401.07917,https://orcid.org/0000-0003-3391-0011,1,0,0,0,0,0
2401.07917,https://orcid.org/0000-0003-3611-3464,1,0,0,0,0,0
2401.07917,https://orcid.org/0000-0003-3922-4055,1,0,0,0,0,0
2401.07917,https://orcid.org/0000-0003-4454-0204,1,0,0,0,0,0
2401.07917,https://ui.adsabs.harvard.edu/abs/1972ApL....10...67M,1,1,0,0,0,0
2401.07917,https://ui.adsabs.harvard.edu/abs/1982Natur.300..615B,1,1,0,0,0,0
2401.07917,https://ui.adsabs.harvard.edu/abs/1996Ap&SS.243...87C,1,1,0,0,0,0
2401.07917,https://ui.adsabs.harvard.edu/abs/2006MNRAS.372.1549E,1,1,0,0,0,0
2401.07917,https://ui.adsabs.harvard.edu/abs/2007ApJ...671..907Y,1,1,0,0,0,0
2401.07917,https://ui.adsabs.harvard.edu/abs/2011A&A...530A..80S,1,1,0,0,0,0
2401.07917,https://ui.adsabs.harvard.edu/abs/2011MNRAS.414.3117V,1,1,0,0,0,0
2401.07917,https://ui.adsabs.harvard.edu/abs/2011MNRAS.418..561C,1,1,0,0,0,0
2401.07917,https://ui.adsabs.harvard.edu/abs/2013A&A...556A...2V,1,1,0,0,0,0
2401.07917,https://ui.adsabs.harvard.edu/abs/2013ApJ...762...94D,1,1,0,0,0,0
2401.07917,https://ui.adsabs.harvard.edu/abs/2013CQGra..30v4015S,1,1,0,0,0,0
2401.07917,https://ui.adsabs.harvard.edu/abs/2013MNRAS.429.2161K,1,1,0,0,0,0
2401.07917,https://ui.adsabs.harvard.edu/abs/2013PASA...30...17M,1,1,0,0,0,0
2401.07917,https://ui.adsabs.harvard.edu/abs/2013PASP..125..306F,1,1,0,0,0,0
2401.07917,https://ui.adsabs.harvard.edu/abs/2014MNRAS.437.3004L,1,1,0,0,0,0
2401.07917,https://ui.adsabs.harvard.edu/abs/2015ApJ...813...65N,1,1,0,0,0,0
2401.07917,https://ui.adsabs.harvard.edu/abs/2015LRSP...12....4H,1,1,0,0,0,0
2401.07917,https://ui.adsabs.harvard.edu/abs/2016MNRAS.455.4339T,1,1,0,0,0,0
2401.07917,https://ui.adsabs.harvard.edu/abs/2016MNRAS.456.2196B,1,1,0,0,0,0
2401.07917,https://ui.adsabs.harvard.edu/abs/2016MNRAS.458.1267V,1,1,0,0,0,0
2401.07917,https://ui.adsabs.harvard.edu/abs/2016MNRAS.458.2161L,1,1,0,0,0,0
2401.07917,https://ui.adsabs.harvard.edu/abs/2016MNRAS.458.3341D,1,1,0,0,0,0
2401.07917,https://ui.adsabs.harvard.edu/abs/2017ApJ...841..125J,1,1,0,0,0,0
2401.07917,https://ui.adsabs.harvard.edu/abs/2018PASA...35...13T,1,1,0,0,0,0
2401.07917,https://ui.adsabs.harvard.edu/abs/2019A&A...624A..22D,1,1,0,0,0,0
2401.07917,https://ui.adsabs.harvard.edu/abs/2019A&ARv..27....5B,1,1,0,0,0,0
2401.07917,https://ui.adsabs.harvard.edu/abs/2019ApJ...872..150M,1,1,0,0,0,0
2401.07917,https://ui.adsabs.harvard.edu/abs/2019MNRAS.483.4100P,1,1,0,0,0,0
2401.07917,https://ui.adsabs.harvard.edu/abs/2019MNRAS.487..394T,1,1,0,0,0,0
2401.07917,https://ui.adsabs.harvard.edu/abs/2020A&A...644A.153D,1,1,0,0,0,0
2401.07917,https://ui.adsabs.harvard.edu/abs/2020MNRAS.493.3132S,1,1,0,0,0,0
2401.07917,https://ui.adsabs.harvard.edu/abs/2020PASA...37...20K,1,1,0,0,0,0
2401.07917,https://ui.adsabs.harvard.edu/abs/2021A&A...647A..84T,1,1,0,0,0,0
2401.07917,https://ui.adsabs.harvard.edu/abs/2021MNRAS.507.2137R,1,1,0,0,0,0
2401.07917,https://ui.adsabs.harvard.edu/abs/2021MNRAS.508.4970C,1,1,0,0,0,0
2401.07917,https://ui.adsabs.harvard.edu/abs/2022ApJ...929...39H,1,1,0,0,0,0
2401.07917,https://ui.adsabs.harvard.edu/abs/2022JApA...43...98J,1,1,0,0,0,0
2401.07917,https://ui.adsabs.harvard.edu/abs/2022PASA...39...53T,1,1,0,0,0,0
2401.07917,https://ui.adsabs.harvard.edu/abs/2023A&A...678A..48E,1,1,0,0,0,0
2401.07917,https://ui.adsabs.harvard.edu/abs/2023A&A...678A..49E,1,1,0,0,0,0
2401.07917,https://ui.adsabs.harvard.edu/abs/2023A&A...678A..50E,1,1,0,0,0,0
2401.07917,https://ui.adsabs.harvard.edu/abs/2023ApJ...951L...6R,1,1,0,0,0,0
2401.07917,https://ui.adsabs.harvard.edu/abs/2023ApJ...951L...8A,1,1,0,0,0,0
2401.07917,https://www.glowconsortium.de/,0,0,1,0,0,0
2401.16274,https://gunicorn.org,1,1,1,1,1,1
2401.16274,https://helm.sh,1,1,1,1,1,1
2401.16274,https://hepsoftwarefoundation.org/activities/conditionsdb.html,1,1,1,1,1,1
2401.16274,https://kubernetes.io,1,1,1,1,1,1
2401.16274,https://www.djangoproject.com,1,1,1,1,1,1
2401.16274,https://www.docker.com,1,1,1,1,1,1
2401.16274,https://www.nginx.com,1,1,1,1,1,1
2401.16274,https://www.okd.io,1,1,1,1,1,1
2401.16274,https://www.pgbouncer.org,1,1,1,1,1,1
2401.16274,https://www.postgresql.org,1,1,1,1,1,1
2401.16274,https://www.sdcc.bnl.gov,1,1,1,1,1,1
2401.17538,https://csrc.nist.gov/projects/post-quantum-cryptography,0,1,0,1,0,0
2401.17538,https://datatracker.ietf.org/doc/draft-urien-lwig-security-classes/09/,0,0,0,1,0,1
2401.17538,https://iot-analytics.com/number-connected-iot-devices/,0,0,0,1,1,0
2401.17538,https://multos.com/support/multos-trust-anchor/developer-boards/,0,0,0,1,0,1
2401.17538,https://newsroom.ibm.com/2021-11-16-IBM-Unveils-Breakthrough-127-Qubit-Quantum-Processor,0,1,0,1,0,1
2401.17538,https://nvlpubs.nist.gov/nistpubs/ir/2022/NIST.IR.8413-upd1.pdf,1,1,0,1,0,1
2401.17538,https://www.ibm.com/quantum/roadmap,1,1,0,1,0,1
2401.17538,https://www.nccoe.nist.gov/crypto-agility-considerations-migrating-post-quantum-cryptographic-algorithms,0,1,0,1,0,0
2401.17538,https://www.rfc-editor.org/info/rfc7228,1,1,0,1,0,1
astro-ph0001299,http://arxiv.org/abs/astro-ph/0001299v1,1,0,0,0,0,0
astro-ph0001299,http://arxiv.org/abs/astro-ph/9908016,1,0,0,0,0,0
astro-ph0001299,http://heasarc.gsfc.nasa.gov/W3Browse,1,1,0,0,1,1
astro-ph0001299,mailto:dps@astro.psu.edu,0,0,0,0,0,0
astro-ph0001460,http://arxiv.org/abs/astro-ph/0001460v1,1,0,0,0,0,0
astro-ph0001460,http://arxiv.org/abs/astro-ph/9708201,1,0,0,0,0,1
astro-ph0001460,http://arxiv.org/abs/astro-ph/9805224,1,0,0,0,0,1
astro-ph0001460,http://arxiv.org/abs/astro-ph/9808019,1,0,0,0,0,1
astro-ph0001460,http://arxiv.org/abs/astro-ph/9904087,1,0,0,0,0,1
astro-ph0001460,http://arxiv.org/abs/astro-ph/9907124,1,0,0,0,0,1
astro-ph0001460,http://heasarc.gsfc.nasa.gov/xte_weather/,0,0,0,0,1,0
astro-ph0001460,http://space.mit.edu/XTE/ASM lc.html,0,0,0,0,0,0
astro-ph0110206,http://arxiv.org/abs/astro-ph/0110206v1,1,0,0,0,0,0
astro-ph0110206,http://www.kusastro.kyoto-u.ac.jp/vsnet/,0,0,0,0,1,0
astro-ph0110206,https://www.kusastro.kyoto-u.ac.jp/vsnet/Mail/alert0/msg00306.html,0,0,0,0,0,0
astro-ph0110206,https://www.kusastro.kyoto-u.ac.jp/vsnet/Mail/alert0/msg00428.html,0,0,0,0,0,0
astro-ph0110206,mailto:hajime.baba@nao.ac.jp,0,0,1,0,0,0
astro-ph0110206,mailto:nogami@kwasan.kyoto-u.ac.jp,0,0,1,0,0,0
astro-ph0110206,mailto:tkato@kusastro.kyoto-u.ac.jp,0,0,1,0,0,0
astro-ph0202013,http://alpha2.cnrs-mrs.fr/adhoc/,0,0,0,1,1,0
astro-ph0202013,http://arxiv.org/abs/astro-ph/0202013v1,1,0,0,0,0,0
astro-ph0202271,http://arxiv.org/abs/astro-ph/0002091,1,0,0,0,0,1
astro-ph0202271,http://arxiv.org/abs/astro-ph/0104490,1,0,0,0,0,1
astro-ph0202271,http://arxiv.org/abs/astro-ph/0111078,1,0,0,0,0,1
astro-ph0202271,http://arxiv.org/abs/astro-ph/0202271v1,1,0,0,0,0,0
astro-ph0202271,http://arxiv.org/abs/astro-ph/9602009,1,0,0,0,0,1
astro-ph0202271,http://arxiv.org/abs/astro-ph/9812350,1,0,0,0,0,1
astro-ph0202271,http://arxiv.org/abs/astro-ph/9906369,1,0,0,0,0,0
astro-ph0202271,http://astro.estec.esa.nl/SA-general/Projects/Planck/,0,0,0,1,1,1
astro-ph0202271,http://map.gsfc.nasa.gov/,0,0,0,0,1,1
astro-ph0202271,mailto:maino@ts.astro.it,0,0,0,0,0,0
astro-ph0202307,http://arxiv.org/abs/astro-ph/0202307v1,1,0,0,0,0,0
astro-ph0202307,http://www-obs.univ-lyon1.fr/hypercat/,0,1,1,0,1,1
astro-ph0202307,mailto:Graham@astro.ufl.edu,0,0,0,0,0,0
astro-ph0202373,http://arxiv.org/abs/astro-ph/0201412,1,0,0,0,0,0
astro-ph0202373,http://arxiv.org/abs/astro-ph/0202373v1,1,0,0,0,0,0
astro-ph0202373,http://cxc.harvard.edu/cal/Links/Acis/acis/Calprods/vfbkgrnd/index.html,0,0,0,1,0,1
astro-ph0202416,http://arxiv.org/abs/astro-ph/0108114,1,0,0,0,0,1
astro-ph0202416,http://arxiv.org/abs/astro-ph/0108523,1,0,0,0,0,1
astro-ph0202416,http://arxiv.org/abs/astro-ph/0109336,1,0,0,0,0,1
astro-ph0202416,http://arxiv.org/abs/astro-ph/0112385,1,0,0,0,0,1
astro-ph0202416,http://arxiv.org/abs/astro-ph/0202416v1,1,0,0,0,0,0
astro-ph0202416,http://asc.harvard.edu/ciao/,0,0,0,1,1,1
astro-ph0202416,http://hea-www.harvard.edu/RD/index.html,1,1,0,1,1,1
astro-ph0202416,mailto:ginevra@brera.mi.astro.it,0,0,1,0,0,0
astro-ph0202438,http://arxiv.org/abs/astro-ph/0102066,1,0,0,0,0,0
astro-ph0202438,http://arxiv.org/abs/astro-ph/0105420,1,0,0,0,0,0
astro-ph0202438,http://arxiv.org/abs/astro-ph/0110111,1,0,0,0,0,0
astro-ph0202438,http://arxiv.org/abs/astro-ph/0202438v1,1,0,0,0,0,0
astro-ph0202438,http://www.kusastro.kyoto-u.ac.jp/vsnet/Xray/xtej1118-camp.html,1,1,0,0,1,0
astro-ph0202463,http://arxiv.org/abs/astro-ph/0202463v1,1,0,0,0,0,0
astro-ph0202463,http://ipac.caltech.edu/IRSA/,0,0,0,1,1,1
astro-ph0202463,http://sirtf.caltech.edu/SSC/A_GenInfo/SSC_A1_legacy.html,1,0,0,0,1,1
astro-ph0202463,http://www.eso.org/observing/visas/lpsummary/168.A-0322.html,1,0,0,1,1,1
astro-ph0202463,http://www.ipac.caltech.edu/SWIRE/swire_v2.html,1,0,0,0,1,1
astro-ph0305109,http://arxiv.org/abs/astro-ph/0304227,1,0,0,0,0,1
astro-ph0305109,http://arxiv.org/abs/astro-ph/0304467,1,0,0,0,0,1
astro-ph0305109,http://arxiv.org/abs/astro-ph/0305109v1,1,0,0,0,0,0
astro-ph0305109,http://hdf.ncsa.uiuc.edu/,0,0,0,0,1,1
astro-ph0305109,http://oscar.sourceforge.net,1,1,0,1,1,1
astro-ph0305109,http://www.cita.utoronto.ca/~dubinski/sc2003,1,0,0,0,1,1
astro-ph0305109,http://www.cs.utexas.edu/users/flame/goto/,0,0,0,1,1,1
astro-ph0305109,http://www.fftw.org,1,1,0,1,0,1
astro-ph0305109,http://www.mynix.com,1,1,0,0,0,1
astro-ph0305109,http://www.top500.org,1,1,0,0,0,1
astro-ph0305109,mailto:cloken@cita.utoronto.ca,0,0,0,0,0,0
astro-ph0305109,mailto:dubinski@astro.utoronto.ca,0,0,0,0,0,0
astro-ph0305109,mailto:pen@cita.utoronto.ca,0,0,0,0,0,0
astro-ph0305109,mailto:pgmartin@cita.utoronto.ca,0,0,0,0,0,0
astro-ph0305109,mailto:rjh@cita.utoronto.ca,0,0,0,0,0,0
astro-ph0305250,http://arxiv.org/abs/astro-ph/0305250v1,1,0,0,0,0,0
astro-ph0305250,http://pollux.ft.uam.es/gustavo/VIDEOS/LCDM80/clustervideo.html,1,1,0,0,1,1
astro-ph0305250,http://star-www.dur.ac.uk/∼csf/clusdata/,0,0,0,0,0,0
astro-ph0305250,http://www.mpa-garching.mpg.de/gadget/,0,0,0,1,1,1
astro-ph0305250,http://www.mpa-garching.mpg.de/volker/paper_sfr/,0,0,0,0,0,0
astro-ph0305497,http://arxiv.org/abs/astro-ph/0305497v1,1,0,0,0,0,0
astro-ph0305497,http://heasarc.gsfc.nasa.gov/docs/xanadu/xspec/index.html,1,1,0,1,1,1
astro-ph0305497,mailto:2umgonza4@cc.umanitoba.ca,0,0,0,0,0,0
astro-ph0305497,mailto:safiharb@cc.umanitoba.ca,0,0,0,0,0,0
astro-ph0404092,http://arxiv.org/abs/astro-ph/0401536,1,0,0,0,0,1
astro-ph0404092,http://arxiv.org/abs/astro-ph/0401598,1,0,0,0,0,1
astro-ph0404092,http://arxiv.org/abs/astro-ph/0404092v1,1,0,0,0,0,0
astro-ph0404092,http://www.astron.nl/wsrt/WSRTobs/PuManual.pdf,1,1,0,0,1,1
astro-ph0404092,http://www.mpifr-bonn.mpg.de/div/pulsar/data/,0,0,0,0,1,1
astro-ph0404092,mailto:redwards@science.uva.nl,0,0,1,0,0,0
astro-ph0509152,http://arxiv.org/abs/astro-ph/0509152v1,1,0,0,0,0,0
astro-ph0509152,http://obswww.unige.ch/webda/,0,0,0,1,1,0
astro-ph0509152,https://www.unige.ch/webda/,0,0,0,0,0,0
astro-ph0509431,http://arxiv.org/abs/astro-ph/0509431v1,1,0,0,0,0,0
astro-ph0509431,http://www.eia.doe.gov/oiaf/ieo/,0,0,0,0,1,1
astro-ph0509431,http://www.worldsteel.org/wsif.php,1,1,0,0,1,1
astro-ph9901022,http://arxiv.org/abs/astro--ph/9809401,1,0,0,0,0,0
astro-ph9901022,http://arxiv.org/abs/astro--ph/9809404,1,0,0,0,0,0
astro-ph9901022,http://arxiv.org/abs/astro--ph/9812246,1,0,0,0,0,0
astro-ph9901022,http://arxiv.org/abs/astro-ph/9901022v3,1,0,0,0,0,0
astro-ph9901022,http://www.stsci.edu/ftp/observing/hdf/hdfsouth/hdfs.html,1,1,0,0,1,1
astro-ph9901154,http://arxiv.org/abs/astro-ph/9901154v1,1,0,0,0,0,0
astro-ph9901154,http://constellation.gsfc.nasa.gov,1,1,0,0,1,1
cond-mat0001432,http://arxiv.org/abs/cond-mat/0001432,1,0,0,0,0,1
cond-mat0001432,http://arxiv.org/abs/cond-mat/0001432v4,1,0,0,0,0,0
cond-mat0001432,http://arxiv.org/abs/cond-mat/0002374,1,0,0,0,0,0
cond-mat0001432,http://arxiv.org/abs/cond-mat/0004256,1,0,0,0,0,0
cond-mat0001432,http://www2.physics.umd.edu/~yakovenk,1,0,0,0,1,1
cond-mat0110095,http://arxiv.org/abs/cond-mat/0110095v1,1,0,0,0,0,0
cond-mat0110095,http://www.itp.uni-hannover.de/~kolezhuk,1,0,0,0,1,1
cond-mat0305091,http://arxiv.org/abs/cond-mat/0305091v1,1,0,0,0,0,0
cond-mat0305091,http://tsallis.cat.cbpf.br/biblio.htm,1,1,0,0,1,1
cond-mat0305091,mailto:baldovin@cbpf.br,0,0,0,0,0,0
cond-mat0305091,mailto:moyano@cbpf.br,0,0,0,0,0,0
cond-mat0305091,mailto:tsallis@cbpf.br,0,0,0,0,0,0
cond-mat0404117,http://arxiv.org/abs/cond-mat/0404117v1,1,0,0,0,0,0
cond-mat0404117,http://arxiv.org/ps/cond-mat/0404117v1,1,0,0,0,1,0
cond-mat0604079,http://arxiv.org/abs/cond-mat/0411219,1,0,0,0,0,0
cond-mat0604079,http://arxiv.org/abs/cond-mat/0604079,1,0,0,0,0,1
cond-mat0604079,http://arxiv.org/abs/cond-mat/0604079v2,1,0,0,0,0,0
cond-mat0604079,http://www.unex.es/eweb/fisteor/andres/,0,0,0,1,1,1
cond-mat0604079,http://www.unex.es/eweb/fisteor/vicente/,0,0,0,1,1,1
cond-mat0604079,mailto:andres@unex.es,0,0,1,0,0,0
cond-mat0604079,mailto:jmm@unex.es,0,0,1,0,0,0
cond-mat0604079,mailto:vicenteg@unex.es,0,0,1,0,0,0
cond-mat0604252, http://theory.caltech.edu/people/preskill/ph229/,0,0,0,0,0,0
cond-mat0604252,http://arxiv.org/abs/cond-mat/0604252v1,1,0,0,0,0,0
hep-ex0305058,http://arxiv.org/abs/hep-ex/0305058v1,1,0,0,0,0,0
hep-ph0110220,http://arxiv.org/abs/hep-ph/0110220v1,1,0,0,0,0,0
hep-ph0110220,http://www.bnl.gov/RHIC/,0,0,0,1,1,1
hep-ph0110220,http://www.cern.ch/CERN/Announcements/2000/NewStateMatter,1,0,0,1,1,1
hep-ph0110228,http://arxiv.org/abs/hep-ph/0110228v1,1,0,0,0,0,0
hep-ph0110228,mailto:Malgorzata.Worek@phys.us.edu.pl,0,0,0,0,0,0
hep-ph0110228,www.home.cern.ch/∼wasm,1,0,0,0,0,0
hep-ph9305288,http://arxiv.org/abs/hep-ph/9305288v1,1,0,0,0,0,0
hep-ph9305288,http://arxiv.org/ps/hep-ph/9305288v1,1,0,0,0,1,0
hep-th0509024,http://arxiv.org/abs/hep-th/0509024v1,0,0,0,0,0,0
hep-th0509024,http://www-spht.cea.fr/articles/t01/014/publi.ps.gz,1,1,0,1,1,1
hep-th0509024,http://www.phys.uu.nl/∼thooft.,0,0,0,0,0,0
hep-th0604177,http://arxiv.org/abs/astro-ph/0512487,1,0,0,0,0,0
hep-th0604177,http://arxiv.org/abs/hep-ph/9206216,1,0,0,0,0,0
hep-th0604177,http://arxiv.org/abs/hep-ph/9304214,1,0,0,0,0,0
hep-th0604177,http://arxiv.org/abs/hep-ph/9612350,1,0,0,0,0,0
hep-th0604177,http://arxiv.org/abs/hep-ph/9802306,1,0,0,0,0,0
hep-th0604177,http://arxiv.org/abs/hep-ph/9904229,1,0,0,0,0,0
hep-th0604177,http://arxiv.org/abs/hep-th/0402032,1,0,0,0,0,0
hep-th0604177,http://arxiv.org/abs/hep-th/0405229,1,0,0,0,0,0
hep-th0604177,http://arxiv.org/abs/hep-th/0405247,1,0,0,0,0,0
hep-th0604177,http://arxiv.org/abs/hep-th/0505172,1,0,0,0,0,0
hep-th0604177,http://arxiv.org/abs/hep-th/0506022,1,0,0,0,0,0
hep-th0604177,http://arxiv.org/abs/hep-th/0507246,1,0,0,0,0,0
hep-th0604177,http://arxiv.org/abs/hep-th/0602175,1,0,0,0,0,0
hep-th0604177,http://arxiv.org/abs/hep-th/0603134,1,0,0,0,0,0
hep-th0604177,http://arxiv.org/abs/hep-th/0604177v2,1,0,0,0,0,0
hep-th0604177,http://arxiv.org/abs/hep-th/9203023,1,0,0,0,0,0
hep-th0604177,http://arxiv.org/abs/hep-th/9306120,1,0,0,0,0,0
hep-th0604177,http://gravity.psu.edu/numrel/strings/,0,0,0,1,1,1
math-ph0305029,http://arxiv.org/abs/math-ph/0305029v1,1,0,0,0,0,0
math-ph0305029,http://www.math.ucl.ac.be/~magnus/,0,0,0,1,0,1
math-ph0305029,http://www.ms.unimelb.edu.au/~matpjf/matpjf.html.,0,0,0,0,0,0
math0305004,http://arxiv.org/abs/math/0305004v1,1,0,0,0,0,0
math0305004,www.cs.utep.edu/interval-comp/rcjournal.html,1,0,0,1,0,1
math0305404,http://arxiv.org/abs/math/0305404v1,1,0,0,0,0,0
math0305404,http://www.math.temple.edu/~matthias,1,0,0,0,1,0
math0404241,http://arxiv.org/abs/math.PR/0403016,1,1,0,1,1,1
math0404241,http://arxiv.org/abs/math/0404241v1,1,0,0,0,0,0
math0404241,mailto:Wlodzimierz.Bryc@UC.edu,0,0,1,0,0,0
math0404241,mailto:wesolo@alpha.mini.pw.edu.pl,0,0,1,0,0,0
math0604095,http://arxiv.org/abs/math/0604095v2,1,0,0,0,0,0
math0604095,mailto:watkins@maths.usyd.edu.au,0,0,0,0,0,0
math0604095,www.ams.org/online_bks/pspum332,1,0,0,1,1,0
math0604095,www.eecs.berkeley.edu/~yozo/papers/LBNL-46996.ps.gz,1,0,0,0,1,1
math0604095,www.expmath.org/expmath/contents.html,1,0,0,1,0,1
math0604095,www.math.harvard.edu/~rtaylor,1,0,0,0,0,1
math0604095,www.math.uwaterloo.ca/~mrubinst,1,0,0,0,0,1
math0604095,www.maths.bris.ac.uk/~mamjw,1,0,0,0,1,1
math0604095,www.maths.nottingham.ac.uk/personal/jec,1,0,0,0,0,1
math0604095,www.sunsite.ubc.ca/DigitalMathArchive/Langlands,1,0,0,1,1,1
math0604479,http://arxiv.org/abs/math/0604479v2,1,0,0,0,0,0
math0604479,http://www.math.uiuc.edu/Macaulay2/,0,0,0,1,1,1
math0604479,mailto:asmarks@gmail.com,0,0,1,0,0,0
math0604479,mailto:brichert@calpoly.edu,0,0,1,0,0,0
math0604479,mailto:csdodd@gmail.com,0,0,1,0,0,0
math0604479,mailto:vmeyerso@calpoly.edu,0,0,1,0,0,0
physics0305069,http://arxiv.org/abs/physics/0305069v1,1,0,0,0,0,0
physics0305069,http://grid.phys.uvic.ca,1,1,0,1,1,1
physics0305069,http://root.cern.ch,1,1,0,1,1,1
physics0305069,http://www.cs.wisc.edu/condor,1,1,0,1,1,1
physics0305069,http://www.globus.org,1,1,0,1,1,1
physics0305069,http://www.objectivity.com,1,1,0,1,1,1
physics0305069,http://www.openafs.org,1,1,0,1,1,1
physics0305069,http://www.pbspro.com/overview.html,1,1,0,1,0,1
physics0305069,http://www.raxnet.net/products/cacti,1,1,0,1,1,1
physics0305069,https://gridport.npaci.edu,1,1,0,0,0,1
physics0305069,www.c3.ca,1,1,0,0,1,1
physics0305069,www.canarie.ca,1,1,0,0,0,1
physics0305069,www.gridcanada.ca,1,1,0,0,0,1
physics0305069,www.nrc.ca,1,1,0,0,1,1
quant-ph0001004,http://archiv.tu-chemnitz.de/pub/1997/0009,1,1,0,1,0,1
quant-ph0001004,http://arxiv.org/abs/quant-ph/0001004v1,1,0,0,0,0,0
quant-ph0001004,http://www.ctennant.co.uk/tenn04.htm,1,1,0,1,1,1
