arxiv_id,page,URL,location,Lexicographical Complexity,Spatial Complexity,Representational Complexity,OADS
1601.00722,7.0,http://decsai.ugr.es/cvg/dbimagenes/,Results and Discussion,"""URLs with schemes such as http, https, ftp, sftp, git, magnet"", URLs with trailing slashes, ""URLs with paths, query Strings, and fragments"", URLs with subdomain",,,TPD
1601.00722,6.0,http://yann.lecun.com/exdb/mnist/,Results and Discussion,"""URLs with schemes such as http, https, ftp, sftp, git, magnet"", URLs with trailing slashes, ""URLs with paths, query Strings, and fragments"", URLs with subdomain",,,TPD
1601.00722,7.0,https://github.com/rasmusbergpalm/DeepLearnToolbox,Results and Discussion,"""URLs with paths, query Strings, and fragments"", ""URLs with schemes such as http, https, ftp, sftp, git, magnet""",split across lines,,Project
1601.0228,21.0,http://icerm.brown.edu/html/programs/sp_f11/schedules/slides_workshop_1_tutorial/LectureNumericalVlasov.pdf,References,"""URLs with schemes such as http, https, ftp, sftp, git, magnet"", URLs with subdomain, ""URLs with paths, query Strings, and fragments""","embedded in references, split across lines",,GenURL
1601.0228,20.0,http://inria.hal.science/inria-00633934,References,"URLs with subdomain, ""URLs with schemes such as http, https, ftp, sftp, git, magnet"", ""URLs with paths, query Strings, and fragments""","embedded in references, split across lines",,GenURL
1602.00266,31.0,http://arxiv.org/abs/1207.1909v4,References,"""URLs with schemes such as http, https, ftp, sftp, git, magnet"", ""URLs with paths, query Strings, and fragments""",embedded in references,,GenURL
1602.00266,32.0,http://arxiv.org/abs/1408.6096v3,References,"""URLs with schemes such as http, https, ftp, sftp, git, magnet"", ""URLs with paths, query Strings, and fragments""",embedded in references,,GenURL
1602.00266,32.0,http://arxiv.org/abs/1410.8170v1,References,"""URLs with schemes such as http, https, ftp, sftp, git, magnet"", ""URLs with paths, query Strings, and fragments""",embedded in references,,GenURL
1602.00266,31.0,http://arxiv.org/abs/1501.00135,References,"""URLs with schemes such as http, https, ftp, sftp, git, magnet"", ""URLs with paths, query Strings, and fragments""",embedded in references,,GenURL
1602.00266,32.0,http://arxiv.org/abs/1509.08380v1,References,"""URLs with schemes such as http, https, ftp, sftp, git, magnet"", ""URLs with paths, query Strings, and fragments""",embedded in references,,GenURL
1602.00266,31.0,http://arxiv.org/abs/1510.04555v2,References,"""URLs with schemes such as http, https, ftp, sftp, git, magnet"", ""URLs with paths, query Strings, and fragments""",embedded in references,,GenURL
1602.00266,1.0,http://arxiv.org/abs/1602.00266v2,Header,"""URLs with schemes such as http, https, ftp, sftp, git, magnet"", ""URLs with paths, query Strings, and fragments""",,"Hidden in annotation layers, Hidden in metadata",GenURL
1602.00266,31.0,http://arxiv.org/abs/math/9707228v1,References,"""URLs with schemes such as http, https, ftp, sftp, git, magnet"", ""URLs with paths, query Strings, and fragments""",embedded in references,,GenURL
1602.00875,5.0,http://arxiv.org/abs/1509.06188,References,"""URLs with schemes such as http, https, ftp, sftp, git, magnet"", ""URLs with paths, query Strings, and fragments""",embedded in references,,GenURL
1602.00875,5.0,http://arxiv.org/abs/1511.05201,References,"""URLs with schemes such as http, https, ftp, sftp, git, magnet"", ""URLs with paths, query Strings, and fragments""",embedded in references,,GenURL
1602.00875,1.0,http://arxiv.org/abs/1602.00875v2,Header,"""URLs with schemes such as http, https, ftp, sftp, git, magnet"", ""URLs with paths, query Strings, and fragments""",,"Hidden in annotation layers, Hidden in metadata",GenURL
1602.00875,5.0,http://infoscience.epﬂ.ch/record/204670,References,"""URLs with schemes such as http, https, ftp, sftp, git, magnet"", URLs with subdomain, ""URLs with paths, query Strings, and fragments""",embedded in references,Shortened URLs that redirect to a longer address,GenURL
1602.00875,5.0,http://people.lids.mit.edu/yp/homepage/data/itlectures_v2.pdf,References,"""URLs with schemes such as http, https, ftp, sftp, git, magnet"", ""URLs with paths, query Strings, and fragments"", URLs with subdomain",embedded in references,,GenURL
1602.01172,1.0,http://creativecommons.org,Footer,"""URLs with schemes such as http, https, ftp, sftp, git, magnet""",embedded in footnotes,Hidden in annotation layers,GenURL
1602.01172,1.0,http://creativecommons.org/licenses/by/3.0/,Footer,"""URLs with schemes such as http, https, ftp, sftp, git, magnet"", ""URLs with paths, query Strings, and fragments""",embedded in footnotes,Hidden in annotation layers,GenURL
1602.01172,15.0,http://dl.acm.org/citation.cfm?id=2486821,References,"""URLs with schemes such as http, https, ftp, sftp, git, magnet"", URLs with subdomain, ""URLs with paths, query Strings, and fragments""","split across lines, embedded in references",,TPS
1602.01172,14.0,http://doi.acm.org/10.1145/1960275.1960280,References,"""URLs with schemes such as http, https, ftp, sftp, git, magnet"", URLs with subdomain, ""URLs with paths, query Strings, and fragments""","split across lines, embedded in references",,GenURL
1602.01172,14.0,http://doi.acm.org/10.1145/2430536.2430543,References,"""URLs with schemes such as http, https, ftp, sftp, git, magnet"", URLs with subdomain, ""URLs with paths, query Strings, and fragments""",embedded in references,,GenURL
1602.01172,14.0,http://doi.acm.org/10.1145/2562059.2562128,References,"""URLs with schemes such as http, https, ftp, sftp, git, magnet"", URLs with subdomain, ""URLs with paths, query Strings, and fragments""",embedded in references,,GenURL
1602.01172,14.0,http://doi.acm.org/10.1145/302405.302672,References,"""URLs with schemes such as http, https, ftp, sftp, git, magnet"", URLs with subdomain, ""URLs with paths, query Strings, and fragments""","split across lines, embedded in references",,GenURL
1602.01172,15.0,http://doi.acm.org/10.1145/75277.75293,References,"""URLs with schemes such as http, https, ftp, sftp, git, magnet"", URLs with subdomain, ""URLs with paths, query Strings, and fragments""",embedded in references,,GenURL
1602.01172,15.0,http://dx.doi.org/10.1007/11609773_24,References,"""URLs with schemes such as http, https, ftp, sftp, git, magnet"", URLs with subdomain, ""URLs with paths, query Strings, and fragments""",embedded in references,,GenURL
1602.01172,15.0,http://dx.doi.org/10.1007/978-3-642-14295-6_18,References,"""URLs with schemes such as http, https, ftp, sftp, git, magnet"", URLs with subdomain, ""URLs with paths, query Strings, and fragments""","split across lines, embedded in references",,GenURL
1602.01172,14.0,http://dx.doi.org/10.1007/978-3-642-19583-9_16,References,"""URLs with schemes such as http, https, ftp, sftp, git, magnet"", URLs with subdomain, ""URLs with paths, query Strings, and fragments""","split across lines, embedded in references",,GenURL
1602.01172,14.0,http://dx.doi.org/10.1007/978-3-642-33666-9_22,References,"""URLs with schemes such as http, https, ftp, sftp, git, magnet"", URLs with subdomain, ""URLs with paths, query Strings, and fragments""","split across lines, embedded in references",,GenURL
1602.01172,15.0,http://dx.doi.org/10.1007/978-3-642-36964-3_2,References,"""URLs with schemes such as http, https, ftp, sftp, git, magnet"", URLs with subdomain, ""URLs with paths, query Strings, and fragments""","split across lines, embedded in references",,GenURL
1602.01172,14.0,http://dx.doi.org/10.1007/s10009-011-0207-9,References,"""URLs with schemes such as http, https, ftp, sftp, git, magnet"", URLs with subdomain, ""URLs with paths, query Strings, and fragments""","split across lines, embedded in references",,GenURL
1602.01172,14.0,http://dx.doi.org/10.1007/s10009-011-0221-y,References,"""URLs with schemes such as http, https, ftp, sftp, git, magnet"", URLs with subdomain, ""URLs with paths, query Strings, and fragments""",embedded in references,,GenURL
1602.01172,14.0,http://dx.doi.org/10.1016/j.jcss.2011.08.007,References,"""URLs with schemes such as http, https, ftp, sftp, git, magnet"", URLs with subdomain, ""URLs with paths, query Strings, and fragments""","split across lines, embedded in references",,GenURL
1602.01172,14.0,http://dx.doi.org/10.1109/FMCAD.2013.6679387,References,"""URLs with schemes such as http, https, ftp, sftp, git, magnet"", URLs with subdomain, ""URLs with paths, query Strings, and fragments""","split across lines, embedded in references",,GenURL
1602.01172,15.0,http://dx.doi.org/10.1109/ICRA.2013.6631152,References,"""URLs with schemes such as http, https, ftp, sftp, git, magnet"", URLs with subdomain, ""URLs with paths, query Strings, and fragments""",embedded in references,,GenURL
1602.01172,14.0,http://dx.doi.org/10.1109/ROBOT.2007.363946,References,"""URLs with schemes such as http, https, ftp, sftp, git, magnet"", URLs with subdomain, ""URLs with paths, query Strings, and fragments""","split across lines, embedded in references",,GenURL
1602.01172,14.0,http://dx.doi.org/10.1109/TRO.2009.2030225,References,"""URLs with schemes such as http, https, ftp, sftp, git, magnet"", URLs with subdomain, ""URLs with paths, query Strings, and fragments""","split across lines, embedded in references",,GenURL
1602.01172,14.0,http://dx.doi.org/10.1145/2786805.2786824,References,"""URLs with schemes such as http, https, ftp, sftp, git, magnet"", URLs with subdomain, ""URLs with paths, query Strings, and fragments""",embedded in references,,GenURL
1602.01172,14.0,http://dx.doi.org/10.4204/EPTCS.157.9,References,"""URLs with schemes such as http, https, ftp, sftp, git, magnet"", URLs with subdomain, ""URLs with paths, query Strings, and fragments""","split across lines, embedded in references",,GenURL
1602.01172,1.0,http://dx.doi.org/10.4204/EPTCS.202.5,Footer,"""URLs with schemes such as http, https, ftp, sftp, git, magnet"", URLs with subdomain, ""URLs with paths, query Strings, and fragments""",embedded in footnotes,Hidden in annotation layers,GenURL
1602.01172,15.0,http://smlab.cs.tau.ac.il/syntech/forklift/,References,"""URLs with schemes such as http, https, ftp, sftp, git, magnet"", URLs with subdomain, ""URLs with paths, query Strings, and fragments"", URLs with trailing slashes",embedded in references,,GenURL
1602.01172,15.0,http://smlab.cs.tau.ac.il/syntech/patterns/,References,"""URLs with schemes such as http, https, ftp, sftp, git, magnet"", URLs with subdomain, ""URLs with paths, query Strings, and fragments"", URLs with trailing slashes",embedded in references,,GenURL
1602.01172,14.0,http://smlab.cs.tau.ac.il/syntech/patterns/,References,"""URLs with schemes such as http, https, ftp, sftp, git, magnet"", URLs with subdomain, ""URLs with paths, query Strings, and fragments"", URLs with trailing slashes",split across lines,,GenURL
1602.01172,1.0,http://www.cs.tau.ac.il,Title & Authors,"""URLs with schemes such as http, https, ftp, sftp, git, magnet"", URLs with subdomain",,,GenURL
1602.01172,2.0,http://www.lego.com/en-us/mindstorms,Introduction,"""URLs with schemes such as http, https, ftp, sftp, git, magnet"", ""URLs with paths, query Strings, and fragments""",embedded in footnotes,,GenURL
1602.01172,9.0,http://www.lejos.org/nxj.php,Methodology,"""URLs with schemes such as http, https, ftp, sftp, git, magnet"", ""URLs with paths, query Strings, and fragments""",embedded in footnotes,,GenURL
1602.01172,3.0,http://www.nxtprograms.com/NXT2/forklift/steps.html,Related Works & Background,"""URLs with schemes such as http, https, ftp, sftp, git, magnet"", ""URLs with paths, query Strings, and fragments""",embedded in footnotes,,GenURL
1602.01388,1.0,http://arxiv.org/abs/1602.01388v1,Header,"""URLs with schemes such as http, https, ftp, sftp, git, magnet"", ""URLs with paths, query Strings, and fragments""",,"Hidden in annotation layers, Hidden in metadata",GenURL
1602.01388,15.0,http://www.pardus.at,References,"""URLs with schemes such as http, https, ftp, sftp, git, magnet""",embedded in references,,GenURL
1602.01388,15.0,http://www.statista.com/statistics/276601/number-of-world-of-warcraft-subscribers-by-quarter/,References,"""URLs with schemes such as http, https, ftp, sftp, git, magnet"", ""URLs with paths, query Strings, and fragments"", URLs with trailing slashes",embedded in references,Hidden in annotation layers,TPD
1602.01388,4.0,http://www.youtube.com/user/complexsystemsvienna,Methodology,"""URLs with schemes such as http, https, ftp, sftp, git, magnet"", ""URLs with paths, query Strings, and fragments""",embedded in captions,,GenURL
1602.02336,1.0,http://arxiv.org/abs/1602.02336v3,Header,"""URLs with schemes such as http, https, ftp, sftp, git, magnet"", ""URLs with paths, query Strings, and fragments""",,"Hidden in annotation layers, Hidden in metadata",GenURL
1602.02336,55.0,http://arxiv.org/abs/1702.03514,References,"""URLs with schemes such as http, https, ftp, sftp, git, magnet"", ""URLs with paths, query Strings, and fragments""",embedded in references,,GenURL
1602.02336,55.0,http://front.math.ucdavis.edu/1304.3538,References,"""URLs with schemes such as http, https, ftp, sftp, git, magnet"", URLs with subdomain, ""URLs with paths, query Strings, and fragments""",embedded in references,,GenURL
1602.02336,55.0,http://front.math.ucdavis.edu/1509.09079,References,"""URLs with schemes such as http, https, ftp, sftp, git, magnet"", URLs with subdomain, ""URLs with paths, query Strings, and fragments""",embedded in references,,GenURL
1602.03455,25.0,http://arxiv.org/abs/0710.3820,References,"""URLs with schemes such as http, https, ftp, sftp, git, magnet"", ""URLs with paths, query Strings, and fragments""",embedded in references,Hidden in annotation layers,TPS
1602.03455,28.0,http://arxiv.org/abs/0805.2001,References,"""URLs with schemes such as http, https, ftp, sftp, git, magnet"", ""URLs with paths, query Strings, and fragments""",embedded in references,Hidden in annotation layers,GenURL
1602.03455,24.0,http://arxiv.org/abs/0810.2706,References,"""URLs with schemes such as http, https, ftp, sftp, git, magnet"", ""URLs with paths, query Strings, and fragments""",embedded in references,Hidden in annotation layers,GenURL
1602.03455,28.0,http://arxiv.org/abs/0904.2112,References,"""URLs with schemes such as http, https, ftp, sftp, git, magnet"", ""URLs with paths, query Strings, and fragments""",embedded in references,Hidden in annotation layers,GenURL
1602.03455,24.0,http://arxiv.org/abs/0909.1495,References,"""URLs with schemes such as http, https, ftp, sftp, git, magnet"", ""URLs with paths, query Strings, and fragments""",embedded in references,Hidden in annotation layers,GenURL
1602.03455,28.0,http://arxiv.org/abs/1205.0422,References,"""URLs with schemes such as http, https, ftp, sftp, git, magnet"", ""URLs with paths, query Strings, and fragments""",embedded in references,Hidden in annotation layers,GenURL
1602.03455,26.0,http://arxiv.org/abs/1207.5991,References,"""URLs with schemes such as http, https, ftp, sftp, git, magnet"", ""URLs with paths, query Strings, and fragments""",embedded in references,Hidden in annotation layers,GenURL
1602.03455,26.0,http://arxiv.org/abs/1210.1089,References,"""URLs with schemes such as http, https, ftp, sftp, git, magnet"", ""URLs with paths, query Strings, and fragments""",embedded in references,Hidden in annotation layers,GenURL
1602.03455,27.0,http://arxiv.org/abs/1211.6759,References,"""URLs with schemes such as http, https, ftp, sftp, git, magnet"", ""URLs with paths, query Strings, and fragments""",embedded in references,Hidden in annotation layers,GenURL
1602.03455,26.0,http://arxiv.org/abs/1302.5854,References,"""URLs with schemes such as http, https, ftp, sftp, git, magnet"", ""URLs with paths, query Strings, and fragments""",embedded in references,Hidden in annotation layers,GenURL
1602.03455,27.0,http://arxiv.org/abs/1305.2050,References,"""URLs with schemes such as http, https, ftp, sftp, git, magnet"", ""URLs with paths, query Strings, and fragments""",embedded in references,Hidden in annotation layers,GenURL
1602.03455,27.0,http://arxiv.org/abs/1307.4556,References,"""URLs with schemes such as http, https, ftp, sftp, git, magnet"", ""URLs with paths, query Strings, and fragments""",embedded in references,Hidden in annotation layers,GenURL
1602.03455,25.0,http://arxiv.org/abs/1308.1302,References,"""URLs with schemes such as http, https, ftp, sftp, git, magnet"", ""URLs with paths, query Strings, and fragments""",embedded in references,Hidden in annotation layers,GenURL
1602.03455,25.0,http://arxiv.org/abs/1308.4583,References,"""URLs with schemes such as http, https, ftp, sftp, git, magnet"", ""URLs with paths, query Strings, and fragments""",embedded in references,Hidden in annotation layers,GenURL
1602.03455,24.0,http://arxiv.org/abs/1308.5663,References,"""URLs with schemes such as http, https, ftp, sftp, git, magnet"", ""URLs with paths, query Strings, and fragments""",embedded in references,Hidden in annotation layers,GenURL
1602.03455,26.0,http://arxiv.org/abs/1311.4823,References,"""URLs with schemes such as http, https, ftp, sftp, git, magnet"", ""URLs with paths, query Strings, and fragments""",embedded in references,Hidden in annotation layers,GenURL
1602.03455,26.0,http://arxiv.org/abs/1407.7574,References,"""URLs with schemes such as http, https, ftp, sftp, git, magnet"", ""URLs with paths, query Strings, and fragments""",embedded in references,Hidden in annotation layers,GenURL
1602.03455,26.0,http://arxiv.org/abs/1407.7712,References,"""URLs with schemes such as http, https, ftp, sftp, git, magnet"", ""URLs with paths, query Strings, and fragments""",embedded in references,Hidden in annotation layers,GenURL
1602.03455,28.0,http://arxiv.org/abs/1407.8136,References,"""URLs with schemes such as http, https, ftp, sftp, git, magnet"", ""URLs with paths, query Strings, and fragments""",embedded in references,Hidden in annotation layers,GenURL
1602.03455,27.0,http://arxiv.org/abs/1408.0275,References,"""URLs with schemes such as http, https, ftp, sftp, git, magnet"", ""URLs with paths, query Strings, and fragments""",embedded in references,Hidden in annotation layers,GenURL
1602.03455,27.0,http://arxiv.org/abs/1409.5080,References,"""URLs with schemes such as http, https, ftp, sftp, git, magnet"", ""URLs with paths, query Strings, and fragments""",embedded in references,Hidden in annotation layers,TPS
1602.03455,25.0,http://arxiv.org/abs/1412.6352,References,"""URLs with schemes such as http, https, ftp, sftp, git, magnet"", ""URLs with paths, query Strings, and fragments""",embedded in references,Hidden in annotation layers,GenURL
1602.03455,27.0,http://arxiv.org/abs/1412.6751,References,"""URLs with schemes such as http, https, ftp, sftp, git, magnet"", ""URLs with paths, query Strings, and fragments""",embedded in references,Hidden in annotation layers,GenURL
1602.03455,27.0,http://arxiv.org/abs/1412.7515,References,"""URLs with schemes such as http, https, ftp, sftp, git, magnet"", ""URLs with paths, query Strings, and fragments""",embedded in references,Hidden in annotation layers,GenURL
1602.03455,27.0,http://arxiv.org/abs/1501.06777,References,"""URLs with schemes such as http, https, ftp, sftp, git, magnet"", ""URLs with paths, query Strings, and fragments""",embedded in references,Hidden in annotation layers,GenURL
1602.03455,25.0,http://arxiv.org/abs/1505.01505,References,"""URLs with schemes such as http, https, ftp, sftp, git, magnet"", ""URLs with paths, query Strings, and fragments""",embedded in references,Hidden in annotation layers,GenURL
1602.03455,26.0,http://arxiv.org/abs/1505.01654,References,"""URLs with schemes such as http, https, ftp, sftp, git, magnet"", ""URLs with paths, query Strings, and fragments""",embedded in references,Hidden in annotation layers,GenURL
1602.03455,26.0,http://arxiv.org/abs/1505.01710,References,"""URLs with schemes such as http, https, ftp, sftp, git, magnet"", ""URLs with paths, query Strings, and fragments""",embedded in references,Hidden in annotation layers,GenURL
1602.03455,28.0,http://arxiv.org/abs/1509.01098,References,"""URLs with schemes such as http, https, ftp, sftp, git, magnet"", ""URLs with paths, query Strings, and fragments""",embedded in references,Hidden in annotation layers,GenURL
1602.03455,26.0,http://arxiv.org/abs/1512.02494,References,"""URLs with schemes such as http, https, ftp, sftp, git, magnet"", ""URLs with paths, query Strings, and fragments""",embedded in references,Hidden in annotation layers,GenURL
1602.03455,27.0,http://arxiv.org/abs/1602.03160,References,"""URLs with schemes such as http, https, ftp, sftp, git, magnet"", ""URLs with paths, query Strings, and fragments""",embedded in references,Hidden in annotation layers,GenURL
1602.03455,28.0,http://arxiv.org/abs/1604.01525,References,"""URLs with schemes such as http, https, ftp, sftp, git, magnet"", ""URLs with paths, query Strings, and fragments""",embedded in references,Hidden in annotation layers,GenURL
1602.03455,28.0,http://arxiv.org/abs/1605.01082,References,"""URLs with schemes such as http, https, ftp, sftp, git, magnet"", ""URLs with paths, query Strings, and fragments""",embedded in references,Hidden in annotation layers,GenURL
1602.03455,26.0,http://arxiv.org/abs/hep-ex/0412072,References,"""URLs with schemes such as http, https, ftp, sftp, git, magnet"", ""URLs with paths, query Strings, and fragments""",embedded in references,Hidden in annotation layers,GenURL
1602.03455,26.0,http://arxiv.org/abs/hep-ex/0611054,References,"""URLs with schemes such as http, https, ftp, sftp, git, magnet"", ""URLs with paths, query Strings, and fragments""",embedded in references,Hidden in annotation layers,GenURL
1602.03455,24.0,http://arxiv.org/abs/hep-ph/0008090,References,"""URLs with schemes such as http, https, ftp, sftp, git, magnet"", ""URLs with paths, query Strings, and fragments""",embedded in references,Hidden in annotation layers,GenURL
1602.03455,25.0,http://arxiv.org/abs/hep-ph/0211282,References,"""URLs with schemes such as http, https, ftp, sftp, git, magnet"", ""URLs with paths, query Strings, and fragments""",embedded in references,Hidden in annotation layers,GenURL
1602.03455,28.0,http://arxiv.org/abs/hep-ph/0406184,References,"""URLs with schemes such as http, https, ftp, sftp, git, magnet"", ""URLs with paths, query Strings, and fragments""",embedded in references,Hidden in annotation layers,GenURL
1602.03455,28.0,http://arxiv.org/abs/hep-ph/0501199,References,"""URLs with schemes such as http, https, ftp, sftp, git, magnet"", ""URLs with paths, query Strings, and fragments""",embedded in references,Hidden in annotation layers,GenURL
1602.03455,25.0,http://arxiv.org/abs/hep-ph/0506026,References,"""URLs with schemes such as http, https, ftp, sftp, git, magnet"", ""URLs with paths, query Strings, and fragments""",embedded in references,Hidden in annotation layers,GenURL
1602.03455,25.0,http://arxiv.org/abs/hep-ph/0603175,References,"""URLs with schemes such as http, https, ftp, sftp, git, magnet"", ""URLs with paths, query Strings, and fragments""",embedded in references,Hidden in annotation layers,TPS
1602.03455,24.0,http://arxiv.org/abs/hep-ph/9403384,References,"""URLs with schemes such as http, https, ftp, sftp, git, magnet"", ""URLs with paths, query Strings, and fragments""",embedded in references,Hidden in annotation layers,GenURL
1602.03455,24.0,http://arxiv.org/abs/hep-ph/9612433,References,"""URLs with schemes such as http, https, ftp, sftp, git, magnet"", ""URLs with paths, query Strings, and fragments""",embedded in references,Hidden in annotation layers,GenURL
1602.03455,24.0,http://arxiv.org/abs/hep-ph/9901362,References,"""URLs with schemes such as http, https, ftp, sftp, git, magnet"", ""URLs with paths, query Strings, and fragments""",embedded in references,Hidden in annotation layers,GenURL
1602.03455,26.0,http://arxiv.org/abs/physics/0402083,References,"""URLs with schemes such as http, https, ftp, sftp, git, magnet"", ""URLs with paths, query Strings, and fragments""",embedded in references,Hidden in annotation layers,TPS
1602.03455,27.0,http://cdsweb.cern.ch/search?p=LHCb-CONF-2014-004&f=reportnumber&action_search=Search&c=LHCb+Conference+Contributions,References,"""URLs with schemes such as http, https, ftp, sftp, git, magnet"", URLs with subdomain, ""URLs with paths, query Strings, and fragments""","split across lines, embedded in references",Hidden in annotation layers,GenURL
1602.03455,27.0,http://cdsweb.cern.ch/search?p=LHCb-CONF-2016-001&f=reportnumber&action_search=Search&c=LHCb+Conference+Contributions,References,"""URLs with schemes such as http, https, ftp, sftp, git, magnet"", URLs with subdomain, ""URLs with paths, query Strings, and fragments""","split across lines, embedded in references",Hidden in annotation layers,GenURL
1602.03455,25.0,http://cdsweb.cern.ch/search?p=LHCb-PUB-2014-046&f=reportnumber&action_search=Search&c=LHCb+Reports,References,"""URLs with schemes such as http, https, ftp, sftp, git, magnet"", URLs with subdomain, ""URLs with paths, query Strings, and fragments""",embedded in references,Hidden in annotation layers,GenURL
1602.03455,1.0,http://creativecommons.org/licenses/by/4.0/,Abstract,"""URLs with schemes such as http, https, ftp, sftp, git, magnet"", ""URLs with paths, query Strings, and fragments"", URLs with trailing slashes",,Hidden in annotation layers,GenURL
1602.03455,24.0,http://dx.doi.org/10.1007/JHEP01(2014)051,References,"""URLs with schemes such as http, https, ftp, sftp, git, magnet"", URLs with subdomain, ""URLs with paths, query Strings, and fragments""",embedded in references,Hidden in annotation layers,GenURL
1602.03455,27.0,http://dx.doi.org/10.1007/JHEP04(2015)043,References,"""URLs with schemes such as http, https, ftp, sftp, git, magnet"", URLs with subdomain, ""URLs with paths, query Strings, and fragments""","split across lines, embedded in references",Hidden in annotation layers,GenURL
1602.03455,26.0,http://dx.doi.org/10.1007/JHEP08(2015)005,References,"""URLs with schemes such as http, https, ftp, sftp, git, magnet"", URLs with subdomain, ""URLs with paths, query Strings, and fragments""","split across lines, embedded in references",Hidden in annotation layers,GenURL
1602.03455,27.0,http://dx.doi.org/10.1007/JHEP09(2013)145,References,"""URLs with schemes such as http, https, ftp, sftp, git, magnet"", URLs with subdomain, ""URLs with paths, query Strings, and fragments""",embedded in references,Hidden in annotation layers,GenURL
1602.03455,25.0,http://dx.doi.org/10.1016/0370-2693(88)90836-2,References,"""URLs with schemes such as http, https, ftp, sftp, git, magnet"", URLs with subdomain, ""URLs with paths, query Strings, and fragments""",embedded in references,Hidden in annotation layers,GenURL
1602.03455,24.0,http://dx.doi.org/10.1016/0370-2693(91)90034-N,References,"""URLs with schemes such as http, https, ftp, sftp, git, magnet"", URLs with subdomain, ""URLs with paths, query Strings, and fragments""",embedded in references,Hidden in annotation layers,GenURL
1602.03455,25.0,http://dx.doi.org/10.1016/0370-2693(91)91542-4,References,"""URLs with schemes such as http, https, ftp, sftp, git, magnet"", URLs with subdomain, ""URLs with paths, query Strings, and fragments""",embedded in references,Hidden in annotation layers,GenURL
1602.03455,24.0,http://dx.doi.org/10.1016/0370-2693(91)91756-L,References,"""URLs with schemes such as http, https, ftp, sftp, git, magnet"", URLs with subdomain, ""URLs with paths, query Strings, and fragments""",embedded in references,Hidden in annotation layers,GenURL
1602.03455,27.0,http://dx.doi.org/10.1016/0550-3213(88)90028-4,References,"""URLs with schemes such as http, https, ftp, sftp, git, magnet"", URLs with subdomain, ""URLs with paths, query Strings, and fragments""",embedded in references,Hidden in annotation layers,GenURL
1602.03455,25.0,http://dx.doi.org/10.1016/j.cpc.2008.01.036,References,"""URLs with schemes such as http, https, ftp, sftp, git, magnet"", URLs with subdomain, ""URLs with paths, query Strings, and fragments""",embedded in references,Hidden in annotation layers,TPS
1602.03455,26.0,http://dx.doi.org/10.1016/j.nima.2005.08.106,References,"""URLs with schemes such as http, https, ftp, sftp, git, magnet"", URLs with subdomain, ""URLs with paths, query Strings, and fragments""",embedded in references,Hidden in annotation layers,TPS
1602.03455,26.0,http://dx.doi.org/10.1016/j.nima.2005.11.166,References,"""URLs with schemes such as http, https, ftp, sftp, git, magnet"", URLs with subdomain, ""URLs with paths, query Strings, and fragments""","split across lines, embedded in references",Hidden in annotation layers,TPS
1602.03455,27.0,http://dx.doi.org/10.1016/j.physletb.2013.08.020,References,"""URLs with schemes such as http, https, ftp, sftp, git, magnet"", URLs with subdomain, ""URLs with paths, query Strings, and fragments""",embedded in references,Hidden in annotation layers,GenURL
1602.03455,25.0,http://dx.doi.org/10.1016/j.physletb.2013.10.057,References,"""URLs with schemes such as http, https, ftp, sftp, git, magnet"", URLs with subdomain, ""URLs with paths, query Strings, and fragments""","split across lines, embedded in references",Hidden in annotation layers,GenURL
1602.03455,27.0,http://dx.doi.org/10.1016/j.physletb.2014.10.005,References,"""URLs with schemes such as http, https, ftp, sftp, git, magnet"", URLs with subdomain, ""URLs with paths, query Strings, and fragments""",embedded in references,Hidden in annotation layers,GenURL
1602.03455,25.0,http://dx.doi.org/10.1016/S0168-9002(01)00089-4,References,"""URLs with schemes such as http, https, ftp, sftp, git, magnet"", URLs with subdomain, ""URLs with paths, query Strings, and fragments""","split across lines, embedded in references",Hidden in annotation layers,TPS
1602.03455,25.0,http://dx.doi.org/10.1016/S0168-9002(03)01368-8,References,"""URLs with schemes such as http, https, ftp, sftp, git, magnet"", URLs with subdomain, ""URLs with paths, query Strings, and fragments""",embedded in references,Hidden in annotation layers,TPS
1602.03455,25.0,http://dx.doi.org/10.1016/S0370-2693(03)00192-8,References,"""URLs with schemes such as http, https, ftp, sftp, git, magnet"", URLs with subdomain, ""URLs with paths, query Strings, and fragments""","split across lines, embedded in references",Hidden in annotation layers,GenURL
1602.03455,24.0,http://dx.doi.org/10.1080/14786441008520365,References,"""URLs with schemes such as http, https, ftp, sftp, git, magnet"", URLs with subdomain, ""URLs with paths, query Strings, and fragments""","split across lines, embedded in references",Hidden in annotation layers,GenURL
1602.03455,28.0,http://dx.doi.org/10.1088/1126-6708/2005/07/028,References,"""URLs with schemes such as http, https, ftp, sftp, git, magnet"", URLs with subdomain, ""URLs with paths, query Strings, and fragments""",embedded in references,Hidden in annotation layers,GenURL
1602.03455,25.0,http://dx.doi.org/10.1088/1126-6708/2006/05/026,References,"""URLs with schemes such as http, https, ftp, sftp, git, magnet"", URLs with subdomain, ""URLs with paths, query Strings, and fragments""",embedded in references,Hidden in annotation layers,TPS
1602.03455,26.0,http://dx.doi.org/10.1088/1674-1137/38/9/090001,References,"""URLs with schemes such as http, https, ftp, sftp, git, magnet"", URLs with subdomain, ""URLs with paths, query Strings, and fragments""","split across lines, embedded in references",Hidden in annotation layers,GenURL
1602.03455,25.0,http://dx.doi.org/10.1088/1742-6596/331/3/032023,References,"""URLs with schemes such as http, https, ftp, sftp, git, magnet"", URLs with subdomain, ""URLs with paths, query Strings, and fragments""",embedded in references,Hidden in annotation layers,GenURL
1602.03455,25.0,http://dx.doi.org/10.1088/1742-6596/331/3/032047,References,"""URLs with schemes such as http, https, ftp, sftp, git, magnet"", URLs with subdomain, ""URLs with paths, query Strings, and fragments""",embedded in references,Hidden in annotation layers,GenURL
1602.03455,25.0,http://dx.doi.org/10.1088/1748-0221/3/08/S08005,References,"""URLs with schemes such as http, https, ftp, sftp, git, magnet"", URLs with subdomain, ""URLs with paths, query Strings, and fragments""","split across lines, embedded in references",Hidden in annotation layers,GenURL
1602.03455,28.0,http://dx.doi.org/10.1093/ptep/ptw030,References,"""URLs with schemes such as http, https, ftp, sftp, git, magnet"", URLs with subdomain, ""URLs with paths, query Strings, and fragments""",embedded in references,Hidden in annotation layers,GenURL
1602.03455,24.0,http://dx.doi.org/10.1103/PhysRevD.50.3433,References,"""URLs with schemes such as http, https, ftp, sftp, git, magnet"", URLs with subdomain, ""URLs with paths, query Strings, and fragments""","split across lines, embedded in references",Hidden in annotation layers,GenURL
1602.03455,24.0,http://dx.doi.org/10.1103/PhysRevD.63.036005,References,"""URLs with schemes such as http, https, ftp, sftp, git, magnet"", URLs with subdomain, ""URLs with paths, query Strings, and fragments""",embedded in references,Hidden in annotation layers,GenURL
1602.03455,26.0,http://dx.doi.org/10.1103/PhysRevD.76.012006,References,"""URLs with schemes such as http, https, ftp, sftp, git, magnet"", URLs with subdomain, ""URLs with paths, query Strings, and fragments""","split across lines, embedded in references",Hidden in annotation layers,GenURL
1602.03455,24.0,http://dx.doi.org/10.1103/PhysRevD.79.051301,References,"""URLs with schemes such as http, https, ftp, sftp, git, magnet"", URLs with subdomain, ""URLs with paths, query Strings, and fragments""",embedded in references,Hidden in annotation layers,GenURL
1602.03455,28.0,http://dx.doi.org/10.1103/PhysRevD.79.072003,References,"""URLs with schemes such as http, https, ftp, sftp, git, magnet"", URLs with subdomain, ""URLs with paths, query Strings, and fragments""",embedded in references,Hidden in annotation layers,GenURL
1602.03455,28.0,http://dx.doi.org/10.1103/PhysRevD.80.031102,References,"""URLs with schemes such as http, https, ftp, sftp, git, magnet"", URLs with subdomain, ""URLs with paths, query Strings, and fragments""",embedded in references,Hidden in annotation layers,GenURL
1602.03455,24.0,http://dx.doi.org/10.1103/PhysRevD.80.092002,References,"""URLs with schemes such as http, https, ftp, sftp, git, magnet"", URLs with subdomain, ""URLs with paths, query Strings, and fragments""",embedded in references,Hidden in annotation layers,GenURL
1602.03455,28.0,http://dx.doi.org/10.1103/PhysRevD.86.011101,References,"""URLs with schemes such as http, https, ftp, sftp, git, magnet"", URLs with subdomain, ""URLs with paths, query Strings, and fragments""",embedded in references,Hidden in annotation layers,GenURL
1602.03455,26.0,http://dx.doi.org/10.1103/PhysRevD.87.092007,References,"""URLs with schemes such as http, https, ftp, sftp, git, magnet"", URLs with subdomain, ""URLs with paths, query Strings, and fragments""",embedded in references,Hidden in annotation layers,GenURL
1602.03455,26.0,http://dx.doi.org/10.1103/PhysRevD.89.032001,References,"""URLs with schemes such as http, https, ftp, sftp, git, magnet"", URLs with subdomain, ""URLs with paths, query Strings, and fragments""",embedded in references,Hidden in annotation layers,GenURL
1602.03455,26.0,http://dx.doi.org/10.1103/PhysRevD.90.072003,References,"""URLs with schemes such as http, https, ftp, sftp, git, magnet"", URLs with subdomain, ""URLs with paths, query Strings, and fragments""",embedded in references,Hidden in annotation layers,GenURL
1602.03455,28.0,http://dx.doi.org/10.1103/PhysRevD.90.112002,References,"""URLs with schemes such as http, https, ftp, sftp, git, magnet"", URLs with subdomain, ""URLs with paths, query Strings, and fragments""",embedded in references,Hidden in annotation layers,GenURL
1602.03455,27.0,http://dx.doi.org/10.1103/PhysRevD.91.052002,References,"""URLs with schemes such as http, https, ftp, sftp, git, magnet"", URLs with subdomain, ""URLs with paths, query Strings, and fragments""",embedded in references,Hidden in annotation layers,GenURL
1602.03455,25.0,http://dx.doi.org/10.1103/PhysRevD.92.012012,References,"""URLs with schemes such as http, https, ftp, sftp, git, magnet"", URLs with subdomain, ""URLs with paths, query Strings, and fragments""",embedded in references,Hidden in annotation layers,GenURL
1602.03455,26.0,http://dx.doi.org/10.1103/PhysRevD.92.032002,References,"""URLs with schemes such as http, https, ftp, sftp, git, magnet"", URLs with subdomain, ""URLs with paths, query Strings, and fragments""",embedded in references,Hidden in annotation layers,GenURL
1602.03455,26.0,http://dx.doi.org/10.1103/PhysRevD.93.051101,References,"""URLs with schemes such as http, https, ftp, sftp, git, magnet"", URLs with subdomain, ""URLs with paths, query Strings, and fragments""",embedded in references,Hidden in annotation layers,GenURL
1602.03455,26.0,http://dx.doi.org/10.1103/PhysRevD.93.119902,References,"""URLs with schemes such as http, https, ftp, sftp, git, magnet"", URLs with subdomain, ""URLs with paths, query Strings, and fragments""",embedded in references,Hidden in annotation layers,GenURL
1602.03455,24.0,http://dx.doi.org/10.1103/PhysRevLett.10.531,References,"""URLs with schemes such as http, https, ftp, sftp, git, magnet"", URLs with subdomain, ""URLs with paths, query Strings, and fragments""",embedded in references,Hidden in annotation layers,GenURL
1602.03455,26.0,http://dx.doi.org/10.1103/PhysRevLett.109.131801,References,"""URLs with schemes such as http, https, ftp, sftp, git, magnet"", URLs with subdomain, ""URLs with paths, query Strings, and fragments""",embedded in references,Hidden in annotation layers,GenURL
1602.03455,26.0,http://dx.doi.org/10.1103/PhysRevLett.113.162001,References,"""URLs with schemes such as http, https, ftp, sftp, git, magnet"", URLs with subdomain, ""URLs with paths, query Strings, and fragments""",embedded in references,Hidden in annotation layers,GenURL
1602.03455,27.0,http://dx.doi.org/10.1103/PhysRevLett.116.191601,References,"""URLs with schemes such as http, https, ftp, sftp, git, magnet"", URLs with subdomain, ""URLs with paths, query Strings, and fragments""","split across lines, embedded in references",Hidden in annotation layers,GenURL
1602.03455,24.0,http://dx.doi.org/10.1103/PhysRevLett.51.1945,References,"""URLs with schemes such as http, https, ftp, sftp, git, magnet"", URLs with subdomain, ""URLs with paths, query Strings, and fragments""","split across lines, embedded in references",Hidden in annotation layers,GenURL
1602.03455,24.0,http://dx.doi.org/10.1103/PhysRevLett.55.1039,References,"""URLs with schemes such as http, https, ftp, sftp, git, magnet"", URLs with subdomain, ""URLs with paths, query Strings, and fragments""",embedded in references,Hidden in annotation layers,GenURL
1602.03455,24.0,http://dx.doi.org/10.1103/PhysRevLett.78.3257,References,"""URLs with schemes such as http, https, ftp, sftp, git, magnet"", URLs with subdomain, ""URLs with paths, query Strings, and fragments""","split across lines, embedded in references",Hidden in annotation layers,GenURL
1602.03455,25.0,http://dx.doi.org/10.1109/TNS.2006.869826,References,"""URLs with schemes such as http, https, ftp, sftp, git, magnet"", URLs with subdomain, ""URLs with paths, query Strings, and fragments""","split across lines, embedded in references",Hidden in annotation layers,TPS
1602.03455,27.0,http://dx.doi.org/10.1140/epjc/s10052-013-2431-9,References,"""URLs with schemes such as http, https, ftp, sftp, git, magnet"", URLs with subdomain, ""URLs with paths, query Strings, and fragments""","split across lines, embedded in references",Hidden in annotation layers,GenURL
1602.03455,25.0,http://dx.doi.org/10.1140/epjc/s10052-013-2655-8,References,"""URLs with schemes such as http, https, ftp, sftp, git, magnet"", URLs with subdomain, ""URLs with paths, query Strings, and fragments""",embedded in references,Hidden in annotation layers,GenURL
1602.03455,28.0,http://dx.doi.org/10.1140/epjc/s2005-02169-1,References,"""URLs with schemes such as http, https, ftp, sftp, git, magnet"", URLs with subdomain, ""URLs with paths, query Strings, and fragments""",embedded in references,Hidden in annotation layers,GenURL
1602.03455,25.0,http://dx.doi.org/10.1140/epjc/s2005-02396-4,References,"""URLs with schemes such as http, https, ftp, sftp, git, magnet"", URLs with subdomain, ""URLs with paths, query Strings, and fragments""",embedded in references,Hidden in annotation layers,TPS
1602.03455,25.0,http://dx.doi.org/10.1142/S0217751X15300227,References,"""URLs with schemes such as http, https, ftp, sftp, git, magnet"", URLs with subdomain, ""URLs with paths, query Strings, and fragments""","split across lines, embedded in references",Hidden in annotation layers,GenURL
1602.03455,24.0,http://dx.doi.org/10.1143/PTP.49.652,References,"""URLs with schemes such as http, https, ftp, sftp, git, magnet"", URLs with subdomain, ""URLs with paths, query Strings, and fragments""",embedded in references,Hidden in annotation layers,GenURL
1602.03455,24.0,http://dx.doi.org/10.1146/annurev.nucl.49.1.35,References,"""URLs with schemes such as http, https, ftp, sftp, git, magnet"", URLs with subdomain, ""URLs with paths, query Strings, and fragments""","split across lines, embedded in references",Hidden in annotation layers,GenURL
1602.03455,27.0,http://gammacombo.hepforge.org/,References,"URLs with trailing slashes, URLs with subdomain, ""URLs with schemes such as http, https, ftp, sftp, git, magnet""",embedded in references,,GenURL
1602.03455,26.0,http://inspirehep.net/record/230779/,References,"URLs with trailing slashes, ""URLs with schemes such as http, https, ftp, sftp, git, magnet""",embedded in references,Hidden in annotation layers,GenURL
1602.03455,27.0,http://laura.hepforge.org/,References,"URLs with trailing slashes, URLs with subdomain, ""URLs with schemes such as http, https, ftp, sftp, git, magnet""",embedded in references,,TPS
1602.03455,26.0,http://pdg.lbl.gov/,References,"URLs with trailing slashes, URLs with subdomain, ""URLs with schemes such as http, https, ftp, sftp, git, magnet""",embedded in references,Hidden in annotation layers,GenURL
1602.03455,27.0,http://www.slac.stanford.edu/xorg/hfag/,References,"""URLs with schemes such as http, https, ftp, sftp, git, magnet"", URLs with subdomain, ""URLs with paths, query Strings, and fragments"", URLs with trailing slashes",embedded in references,,GenURL
1602.07564,17.0,http://dx.doi.org/10.1016/j.jnucmat.2013.01.025,References,"""URLs with schemes such as http, https, ftp, sftp, git, magnet"", URLs with subdomain, ""URLs with paths, query Strings, and fragments""",embedded in references,,GenURL
1602.07564,15.0,http://dx.doi.org/10.1063/1.1449463,References,"""URLs with schemes such as http, https, ftp, sftp, git, magnet"", URLs with subdomain, ""URLs with paths, query Strings, and fragments""",embedded in references,,GenURL
1602.07564,17.0,http://dx.doi.org/10.1063/1.3694657,References,"""URLs with schemes such as http, https, ftp, sftp, git, magnet"", URLs with subdomain, ""URLs with paths, query Strings, and fragments""",embedded in references,,GenURL
1602.07564,17.0,http://dx.doi.org/10.1063/1.4824820,References,"""URLs with schemes such as http, https, ftp, sftp, git, magnet"", URLs with subdomain, ""URLs with paths, query Strings, and fragments""","split across lines, embedded in references",,GenURL
1602.07564,16.0,http://dx.doi.org/10.1088/0029-5515/50/3/034002,References,"""URLs with schemes such as http, https, ftp, sftp, git, magnet"", URLs with subdomain, ""URLs with paths, query Strings, and fragments""",embedded in references,,GenURL
1602.07564,17.0,http://dx.doi.org/10.1088/0029-5515/52/5/054003,References,"""URLs with schemes such as http, https, ftp, sftp, git, magnet"", URLs with subdomain, ""URLs with paths, query Strings, and fragments""","split across lines, embedded in references",,GenURL
1602.07564,1.0,http://www.euro-fusionscipub.org/mst1,Abstract,"""URLs with schemes such as http, https, ftp, sftp, git, magnet"", ""URLs with paths, query Strings, and fragments""",,,GenURL
1602.07564,15.0,http://scitation.aip.org/content/aip/journal/pop/9/5/10.1063/1.1449463,References,"""URLs with schemes such as http, https, ftp, sftp, git, magnet"", URLs with subdomain, ""URLs with paths, query Strings, and fragments""","split across lines, embedded in references",,GenURL
1602.07564,16.0,http://iopscience.iop.org/0029-5515/50/3/034002/,References,"""URLs with schemes such as http, https, ftp, sftp, git, magnet"", URLs with subdomain, ""URLs with paths, query Strings, and fragments"", URLs with trailing slashes","split across lines, embedded in references",,GenURL
1602.07564,16.0,http://link.aps.org/doi/10.1103/PhysRevLett.106.225004,References,"""URLs with schemes such as http, https, ftp, sftp, git, magnet"", URLs with subdomain, ""URLs with paths, query Strings, and fragments""","split across lines, embedded in references",,GenURL
1602.07564,18.0,http://link.aps.org/doi/10.1103/PhysRevLett.108.255003,References,"""URLs with schemes such as http, https, ftp, sftp, git, magnet"", URLs with subdomain, ""URLs with paths, query Strings, and fragments""","split across lines, embedded in references",,GenURL
1602.07564,16.0,http://link.aps.org/doi/10.1103/PhysRevLett.109.035004,References,"""URLs with schemes such as http, https, ftp, sftp, git, magnet"", URLs with subdomain, ""URLs with paths, query Strings, and fragments""",embedded in references,,GenURL
1602.07564,17.0,http://link.aps.org/doi/10.1103/PhysRevLett.114.105001,References,"""URLs with schemes such as http, https, ftp, sftp, git, magnet"", URLs with subdomain, ""URLs with paths, query Strings, and fragments""","split across lines, embedded in references",,GenURL
1602.07564,18.0,http://link.aps.org/doi/10.1103/PhysRevLett.114.105002,References,"""URLs with schemes such as http, https, ftp, sftp, git, magnet"", URLs with subdomain, ""URLs with paths, query Strings, and fragments""",embedded in references,,GenURL
1602.07564,16.0,http://link.aps.org/doi/10.1103/PhysRevLett.92.235003,References,"""URLs with schemes such as http, https, ftp, sftp, git, magnet"", URLs with subdomain, ""URLs with paths, query Strings, and fragments""","split across lines, embedded in references",,GenURL
1602.07564,19.0,http://meetings.aps.org/link/BAPS.2015.DPP.TP12.109,References,"""URLs with schemes such as http, https, ftp, sftp, git, magnet"", URLs with subdomain, ""URLs with paths, query Strings, and fragments""",embedded in references,,GenURL
1602.07564,17.0,http://scitation.aip.org/content/aip/journal/pop/19/5/10.1063/1.3694657,References,"""URLs with schemes such as http, https, ftp, sftp, git, magnet"", URLs with subdomain, ""URLs with paths, query Strings, and fragments""","split across lines, embedded in references",,GenURL
1602.07564,17.0,http://iopscience.iop.org/0029-5515/52/5/054003/,References,"""URLs with schemes such as http, https, ftp, sftp, git, magnet"", URLs with subdomain, ""URLs with paths, query Strings, and fragments"", URLs with trailing slashes","split across lines, embedded in references",,GenURL
1602.07564,17.0,http://scitation.aip.org/content/aip/journal/pop/20/10/10.1063/1.4824820,References,"""URLs with schemes such as http, https, ftp, sftp, git, magnet"", URLs with subdomain, ""URLs with paths, query Strings, and fragments""","split across lines, embedded in references",,GenURL
1602.07564,18.0,http://stacks.iop.org/0029-5515/47/i=7/a=016,References,"""URLs with schemes such as http, https, ftp, sftp, git, magnet"", URLs with subdomain, ""URLs with paths, query Strings, and fragments""",embedded in references,,GenURL
1602.07564,16.0,http://stacks.iop.org/0029-5515/49/i=5/a=055025,References,"""URLs with schemes such as http, https, ftp, sftp, git, magnet"", URLs with subdomain, ""URLs with paths, query Strings, and fragments""",embedded in references,,GenURL
1602.07564,16.0,http://stacks.iop.org/0029-5515/50/i=3/a=034008,References,"""URLs with schemes such as http, https, ftp, sftp, git, magnet"", URLs with subdomain, ""URLs with paths, query Strings, and fragments""",embedded in references,,GenURL
1602.07564,16.0,http://stacks.iop.org/0029-5515/50/i=3/a=034012,References,"""URLs with schemes such as http, https, ftp, sftp, git, magnet"", URLs with subdomain, ""URLs with paths, query Strings, and fragments""","split across lines, embedded in references",,GenURL
1602.07564,19.0,http://stacks.iop.org/0029-5515/52/i=7/a=074004,References,"""URLs with schemes such as http, https, ftp, sftp, git, magnet"", URLs with subdomain, ""URLs with paths, query Strings, and fragments""",embedded in references,,GenURL
1602.07564,16.0,http://stacks.iop.org/0029-5515/55/i=10/a=104015,References,"""URLs with schemes such as http, https, ftp, sftp, git, magnet"", URLs with subdomain, ""URLs with paths, query Strings, and fragments""","split across lines, embedded in references",,GenURL
1602.07564,18.0,http://stacks.iop.org/0029-5515/55/i=4/a=043011,References,"""URLs with schemes such as http, https, ftp, sftp, git, magnet"", URLs with subdomain, ""URLs with paths, query Strings, and fragments""",embedded in references,,GenURL
1602.07564,17.0,http://stacks.iop.org/0029-5515/55/i=6/a=063027,References,"""URLs with schemes such as http, https, ftp, sftp, git, magnet"", URLs with subdomain, ""URLs with paths, query Strings, and fragments""","split across lines, embedded in references",,GenURL
1602.07564,15.0,http://stacks.iop.org/0741-3335/38/i=10/a=002,References,"""URLs with schemes such as http, https, ftp, sftp, git, magnet"", URLs with subdomain, ""URLs with paths, query Strings, and fragments""",embedded in references,,GenURL
1602.07564,18.0,http://stacks.iop.org/0741-3335/53/i=12/a=124014,References,"""URLs with schemes such as http, https, ftp, sftp, git, magnet"", URLs with subdomain, ""URLs with paths, query Strings, and fragments""",embedded in references,,GenURL
1602.07564,19.0,http://stacks.iop.org/0741-3335/53/i=6/a=065011,References,"""URLs with schemes such as http, https, ftp, sftp, git, magnet"", URLs with subdomain, ""URLs with paths, query Strings, and fragments""",embedded in references,,GenURL
1602.07564,18.0,http://stacks.iop.org/0741-3335/55/i=12/a=124037,References,"""URLs with schemes such as http, https, ftp, sftp, git, magnet"", URLs with subdomain, ""URLs with paths, query Strings, and fragments""",embedded in references,,GenURL
1602.07564,17.0,http://stacks.iop.org/0741-3335/57/i=1/a=014020,References,"""URLs with schemes such as http, https, ftp, sftp, git, magnet"", URLs with subdomain, ""URLs with paths, query Strings, and fragments""",embedded in references,,GenURL
1602.07564,15.0,http://stacks.iop.org/0741-3335/57/i=5/a=054006,References,"""URLs with schemes such as http, https, ftp, sftp, git, magnet"", URLs with subdomain, ""URLs with paths, query Strings, and fragments""",embedded in references,,GenURL
1602.07564,17.0,http://stacks.iop.org/0741-3335/57/i=9/a=095008,References,"""URLs with schemes such as http, https, ftp, sftp, git, magnet"", URLs with subdomain, ""URLs with paths, query Strings, and fragments""","split across lines, embedded in references",,GenURL
1602.07564,17.0,http://www.sciencedirect.com/science/article/pii/S0022311513000330,References,"""URLs with schemes such as http, https, ftp, sftp, git, magnet"", ""URLs with paths, query Strings, and fragments""",embedded in references,,GenURL
1602.07564,18.0,http://link.aip.org/link/?PHP/15/042508/1,References,"""URLs with schemes such as http, https, ftp, sftp, git, magnet"", URLs with subdomain, ""URLs with paths, query Strings, and fragments""",embedded in references,,GenURL
1602.07564,18.0,www-pub.iaea.org/iaeameetings/46091/25th-Fusion-Energy-Conference-FEC-2014,References,"""URLs with schemes such as http, https, ftp, sftp, git, magnet"", URLs with subdomain, ""URLs with paths, query Strings, and fragments""","split across lines, embedded in references",,GenURL
1602.07564,19.0,http://www-naweb.iaea.org/napc/physics/FEC/FEC2012/papers/577_THP427.pdf,References,"""URLs with schemes such as http, https, ftp, sftp, git, magnet"", URLs with subdomain, ""URLs with paths, query Strings, and fragments""",embedded in references,,GenURL
1602.08429,,http://arxiv.org/pdf/1408.5585.pdf,References,"""URLs with schemes such as http, https, ftp, sftp, git, magnet"", ""URLs with paths, query Strings, and fragments""",embedded in references,,GenURL
1602.08429,,http://dx.doi.org/10.2139/ssrn.2283486,References,"""URLs with schemes such as http, https, ftp, sftp, git, magnet"", URLs with subdomain, ""URLs with paths, query Strings, and fragments""",embedded in references,,GenURL
1602.08429,,http://ssrn.com/abstract=1112664,References,"""URLs with schemes such as http, https, ftp, sftp, git, magnet""",embedded in references,,GenURL
1602.08429,6.0,mailto:diane.wilcox@wits.ac.za,References,"""URLs with schemes such as http, https, ftp, sftp, git, magnet""",embedded in references,Hidden in annotation layers,GenURL
1702.05374,1.0,www.xrce.xerox.com,Introduction,URLs with subdomain,embedded in footnotes,,GenURL
1702.05374,6.0,http://www.codeforge.com/article/248440,Methodology,"""URLs with schemes such as http, https, ftp, sftp, git, magnet"", ""URLs with paths, query Strings, and fragments""","split across lines, embedded in footnotes",,TPS
1702.05374,7.0,http://www-scf.usc.edu/~boqinggo/domain_adaptation/GFK_v1.zip,Methodology,"""URLs with schemes such as http, https, ftp, sftp, git, magnet"", ""URLs with paths, query Strings, and fragments"", URLs with subdomain",embedded in footnotes,,TPS
1702.05374,9.0,http://ise.thss.tsinghua.edu.cn/~mlong/doc/transfer-joint-matching-cvpr14.zip,Methodology,"""URLs with schemes such as http, https, ftp, sftp, git, magnet"", ""URLs with paths, query Strings, and fragments"", URLs with subdomain",embedded in footnotes,,TPS
1702.05374,9.0,http://ise.thss.tsinghua.edu.cn/~mlong/doc/transfer-sparse-coding-cvpr13.zip,Methodology,"""URLs with schemes such as http, https, ftp, sftp, git, magnet"", ""URLs with paths, query Strings, and fragments"", URLs with subdomain",embedded in footnotes,,TPS
1702.05374,10.0,http://ise.thss.tsinghua.edu.cn/~mlong/doc/adaptation-regularization-tkde14.zip,Methodology,"""URLs with schemes such as http, https, ftp, sftp, git, magnet"", ""URLs with paths, query Strings, and fragments"", URLs with subdomain","split across lines, embedded in footnotes",,TPS
1702.05374,10.0,http://ise.thss.tsinghua.edu.cn/~mlong/doc/joint-distribution-adaptation-iccv13.zip,Methodology,"""URLs with schemes such as http, https, ftp, sftp, git, magnet"", ""URLs with paths, query Strings, and fragments"", URLs with subdomain","split across lines, embedded in footnotes",,TPS
1702.05374,10.0,https://cs.stanford.edu/~jhoffman/code/Hoffman_ICLR13_MMDT_v3.zip,Methodology,"""URLs with schemes such as http, https, ftp, sftp, git, magnet"", ""URLs with paths, query Strings, and fragments"", URLs with subdomain",embedded in footnotes,,TPS
1702.05374,11.0,http://www.tatianatommasi.com/2013/DANBNNdemo.tar.gz,Methodology,"""URLs with schemes such as http, https, ftp, sftp, git, magnet"", ""URLs with paths, query Strings, and fragments""",embedded in footnotes,,TPS
1702.05374,12.0,http://home.heeere.com/data/cvpr-2015/LSSA.zip,Methodology,"""URLs with schemes such as http, https, ftp, sftp, git, magnet"", URLs with subdomain, ""URLs with paths, query Strings, and fragments""",embedded in footnotes,,TPS
1702.05374,12.0,http://www-scf.usc.edu/~boqinggo/domain_adaptation/landmark_v1.zip,Methodology,"""URLs with schemes such as http, https, ftp, sftp, git, magnet"", ""URLs with paths, query Strings, and fragments"", URLs with subdomain",embedded in footnotes,,TPS
1702.05374,14.0,https://cs.stanford.edu/~jhoffman/code/hoffman_latent_domains_release_v2.zip,Methodology,"""URLs with schemes such as http, https, ftp, sftp, git, magnet"", ""URLs with paths, query Strings, and fragments"", URLs with subdomain",embedded in footnotes,,TPS
1702.05374,16.0,http://www.cse.ust.hk/%7Eyinz/htl4ic.zip,Methodology,"""URLs with schemes such as http, https, ftp, sftp, git, magnet"", ""URLs with paths, query Strings, and fragments"", URLs with subdomain, URLs with escape characters",embedded in footnotes,,TPS
1702.05374,16.0,http://www.ifp.illinois.edu/%7Eqi4/TTI_release_v1.zip,Methodology,"""URLs with schemes such as http, https, ftp, sftp, git, magnet"", ""URLs with paths, query Strings, and fragments"", URLs with subdomain, URLs with escape characters",embedded in footnotes,,TPS
1702.05374,18.0,http://www.umiacs.umd.edu/~pvishalm/Codes/DomainAdaptDict.zip,Methodology,"""URLs with schemes such as http, https, ftp, sftp, git, magnet"", ""URLs with paths, query Strings, and fragments"", URLs with subdomain",embedded in footnotes,,TPS
1702.05374,19.0,http://vision.cs.uml.edu/code/DomainTransformsECCV10_v1.tar.gz,Methodology,"""URLs with schemes such as http, https, ftp, sftp, git, magnet"", ""URLs with paths, query Strings, and fragments"", URLs with subdomain",embedded in footnotes,,TPS
1702.05374,20.0,http://projects.csail.mit.edu/cmplaces/,Methodology,"""URLs with schemes such as http, https, ftp, sftp, git, magnet"", URLs with subdomain, ""URLs with paths, query Strings, and fragments"", URLs with trailing slashes",embedded in footnotes,,TPD
1702.05374,28.0,http://synthia-dataset.net,Methodology,"""URLs with schemes such as http, https, ftp, sftp, git, magnet""",embedded in footnotes,,TPD
1702.05374,9.0,https://drive.google.com/uc?export=download&id=0B9_PW9TCpxT0c292bWlRaWtXRHc,Methodology,"""URLs with schemes such as http, https, ftp, sftp, git, magnet"", ""URLs with paths, query Strings, and fragments"", URLs with subdomain",embedded in footnotes,,TPS
1702.05374,9.0,https://drive.google.com/uc?export=download&id=0B9_PW9TCpxT0SEdMQ1pCNzdZekU,Methodology,"""URLs with schemes such as http, https, ftp, sftp, git, magnet"", ""URLs with paths, query Strings, and fragments"", URLs with subdomain",embedded in footnotes,,TPS
1702.05374,6.0,https://github.com/BoChen90/machine-learning-matlab/blob/master/TrAdaBoost.m,Methodology,"""URLs with schemes such as http, https, ftp, sftp, git, magnet"", ""URLs with paths, query Strings, and fragments""",embedded in footnotes,,TPS
1702.05374,24.0,https://github.com/ddtm/caffe/tree/grl,Methodology,"""URLs with schemes such as http, https, ftp, sftp, git, magnet"", ""URLs with paths, query Strings, and fragments""",embedded in footnotes,,Project
1702.05374,24.0,https://github.com/erictzeng/caffe/tree/confusion,Methodology,"""URLs with schemes such as http, https, ftp, sftp, git, magnet"", ""URLs with paths, query Strings, and fragments""",embedded in footnotes,,Project
1702.05374,25.0,https://github.com/ghif/drcn,Methodology,"""URLs with schemes such as http, https, ftp, sftp, git, magnet"", ""URLs with paths, query Strings, and fragments""",embedded in footnotes,,Project
1702.05374,22.0,https://github.com/ghif/mtae,Methodology,"""URLs with schemes such as http, https, ftp, sftp, git, magnet"", ""URLs with paths, query Strings, and fragments""",embedded in footnotes,,Project
1702.05374,31.0,https://github.com/jhoffman/lsda/zipball/master,Methodology,"""URLs with schemes such as http, https, ftp, sftp, git, magnet"", ""URLs with paths, query Strings, and fragments""",embedded in footnotes,,Project
1702.05374,10.0,https://github.com/sclincha/xrce_msda_da_regularization,Methodology,"""URLs with schemes such as http, https, ftp, sftp, git, magnet"", ""URLs with paths, query Strings, and fragments""",embedded in footnotes,,Project
1702.05374,23.0,https://github.com/thuml/transfer-caffe,Methodology,"""URLs with schemes such as http, https, ftp, sftp, git, magnet"", ""URLs with paths, query Strings, and fragments""",embedded in footnotes,,Project
1702.05374,19.0,https://github.com/UCBAIR/decaf-releas,Methodology,"""URLs with schemes such as http, https, ftp, sftp, git, magnet"", ""URLs with paths, query Strings, and fragments""",embedded in footnotes,,Project
1702.05374,23.0,https://github.com/VisionLearningGroup/CORAL,Methodology,"""URLs with schemes such as http, https, ftp, sftp, git, magnet"", ""URLs with paths, query Strings, and fragments""",embedded in footnotes,,Project
1702.05374,17.0,https://sites.google.com/site/xyzliwen/publications/HFA_release_0315.rar,Methodology,"URLs with subdomain, ""URLs with schemes such as http, https, ftp, sftp, git, magnet"", ""URLs with paths, query Strings, and fragments""","split across lines, embedded in footnotes",,TPS
1702.05374,28.0,http://www.xrce.xerox.com/Research-Development/Computer-Vision/Proxy-Virtual-Worlds,Methodology,"""URLs with schemes such as http, https, ftp, sftp, git, magnet"", URLs with subdomain, ""URLs with paths, query Strings, and fragments""","split across lines, embedded in footnotes",,GenURL
1702.06272,1.0,http://arxiv.org/abs/1702.06272v1,Header,"""URLs with schemes such as http, https, ftp, sftp, git, magnet"", ""URLs with paths, query Strings, and fragments""",,"Hidden in annotation layers, Hidden in metadata",GenURL
1702.06272,13.0,http://webhome.cs.uvic.ca/~dmaslov/,References,"""URLs with schemes such as http, https, ftp, sftp, git, magnet"", URLs with subdomain, ""URLs with paths, query Strings, and fragments"", URLs with trailing slashes",embedded in references,,Project
1702.06272,13.0,http://www.informatik.uni-bremen.de/rev_lib/index.php,References,"""URLs with schemes such as http, https, ftp, sftp, git, magnet"", URLs with subdomain, ""URLs with paths, query Strings, and fragments""",embedded in references,,TPD
1702.06272,14.0,http://www.research.ibm.com/quantum/,References,"""URLs with schemes such as http, https, ftp, sftp, git, magnet"", URLs with subdomain, ""URLs with paths, query Strings, and fragments"", URLs with trailing slashes",embedded in references,,GenURL
1702.06593,6.0,http://arxiv.org/abs/1603.09303,References,"""URLs with schemes such as http, https, ftp, sftp, git, magnet"", ""URLs with paths, query Strings, and fragments""",embedded in references,Hidden in annotation layers,GenURL
1702.06593,1.0,http://www.nersc.gov/users/computational-systems/cori/,Introduction,"""URLs with schemes such as http, https, ftp, sftp, git, magnet"", URLs with trailing slashes, ""URLs with paths, query Strings, and fragments""",embedded in footnotes,,GenURL
1702.06593,6.0,http://root.cern.ch/,References,"""URLs with schemes such as http, https, ftp, sftp, git, magnet"", URLs with subdomain, URLs with trailing slashes",embedded in references,,TPS
1702.06593,7.0,https://fasterdata.es.net/host-tuning/linux/test-measurement-host-tuning/,References,"""URLs with schemes such as http, https, ftp, sftp, git, magnet"", URLs with subdomain, URLs with trailing slashes, ""URLs with paths, query Strings, and fragments""","split across lines, embedded in references",,GenURL
1702.06593,5.0,https://www.es.net/,Results and Discussion,"""URLs with schemes such as http, https, ftp, sftp, git, magnet"", URLs with trailing slashes",embedded in footnotes,,GenURL
1702.07578,7.0,http://commoncrawl.org,Methodology,"""URLs with schemes such as http, https, ftp, sftp, git, magnet""",split across lines,,TPD
1702.07578,8.0,http://oeis.org/A030109,Results and Discussion,"""URLs with schemes such as http, https, ftp, sftp, git, magnet"", ""URLs with paths, query Strings, and fragments""",embedded in footnotes,,TPD
1702.07578,7.0,http://pizzachili.dcc.uchile.cl,Methodology,"""URLs with schemes such as http, https, ftp, sftp, git, magnet"", URLs with subdomain",,,Project
1702.07578,7.0,http://statmt.org/wmt16/translation-task.html,Methodology,"""URLs with schemes such as http, https, ftp, sftp, git, magnet"", ""URLs with paths, query Strings, and fragments""",split across lines,,TPD
1702.07578,7.0,http://www.internationalgenome.org/data,Methodology,"""URLs with schemes such as http, https, ftp, sftp, git, magnet"", ""URLs with paths, query Strings, and fragments""",,,TPD
1702.07578,6.0,https://github.com/jfuentess/waveletree,Results and Discussion,"""URLs with schemes such as http, https, ftp, sftp, git, magnet"", ""URLs with paths, query Strings, and fragments""",embedded in footnotes,,TPS
1702.07578,6.0,https://github.com/jlabeit/wavelet-suffix-fm-index,Results and Discussion,"""URLs with schemes such as http, https, ftp, sftp, git, magnet"", ""URLs with paths, query Strings, and fragments""",embedded in footnotes,,Project
1702.07578,6.0,https://github.com/kurpicz/pwm,Results and Discussion,"""URLs with schemes such as http, https, ftp, sftp, git, magnet"", ""URLs with paths, query Strings, and fragments""",embedded in footnotes,,Project
1702.07578,6.0,https://people.csail.mit.edu/jshun,Results and Discussion,"""URLs with schemes such as http, https, ftp, sftp, git, magnet"", URLs with subdomain, ""URLs with paths, query Strings, and fragments""",embedded in footnotes,,GenURL
1702.07578,1.0,mailto:florian.kurpicz@tu-dortmund.de,Title & Authors,"""URLs with schemes such as http, https, ftp, sftp, git, magnet""",embedded in footnotes,Hidden in annotation layers,GenURL
1702.07578,1.0,mailto:johannes.fischer@cs.tu-dortmund.de,Title & Authors,"""URLs with schemes such as http, https, ftp, sftp, git, magnet""",embedded in footnotes,Hidden in annotation layers,GenURL
1702.07578,1.0,mailto:marvin.loebel@tu-dortmund.de,Title & Authors,"""URLs with schemes such as http, https, ftp, sftp, git, magnet""",embedded in footnotes,Hidden in annotation layers,GenURL
1801.09757,2.0,http://apai.space/cloudatlas,Introduction,"""URLs with schemes such as http, https, ftp, sftp, git, magnet"", ""URLs with paths, query Strings, and fragments""",,,GenURL
1801.09757,14.0,http://arxiv.org/abs/1709.06565,References,"""URLs with schemes such as http, https, ftp, sftp, git, magnet"", ""URLs with paths, query Strings, and fragments""",embedded in references,Hidden in annotation layers,GenURL
1801.09757,14.0,http://arxiv.org/abs/1710.07194,References,"""URLs with schemes such as http, https, ftp, sftp, git, magnet"", ""URLs with paths, query Strings, and fragments""",embedded in references,Hidden in annotation layers,GenURL
1801.09757,13.0,http://dx.doi.org/10.1038/nature12955,References,"""URLs with schemes such as http, https, ftp, sftp, git, magnet"", URLs with subdomain, ""URLs with paths, query Strings, and fragments""",split across lines,Hidden in annotation layers,GenURL
1801.09757,13.0,http://dx.doi.org/10.1051/0004-6361:200400056,References,"""URLs with schemes such as http, https, ftp, sftp, git, magnet"", URLs with subdomain, ""URLs with paths, query Strings, and fragments""",split across lines,Hidden in annotation layers,GenURL
1801.09757,14.0,http://dx.doi.org/10.1051/0004-6361/201322068,References,"""URLs with schemes such as http, https, ftp, sftp, git, magnet"", URLs with subdomain, ""URLs with paths, query Strings, and fragments""",split across lines,Hidden in annotation layers,TPS
1801.09757,13.0,http://dx.doi.org/10.1086/316251,References,"""URLs with schemes such as http, https, ftp, sftp, git, magnet"", ""URLs with paths, query Strings, and fragments"", URLs with subdomain",embedded in references,Hidden in annotation layers,GenURL
1801.09757,14.0,http://dx.doi.org/10.1086/377636,References,"""URLs with schemes such as http, https, ftp, sftp, git, magnet"", URLs with subdomain, ""URLs with paths, query Strings, and fragments""",split across lines,Hidden in annotation layers,GenURL
1801.09757,14.0,http://dx.doi.org/10.1086/507836,References,"""URLs with schemes such as http, https, ftp, sftp, git, magnet"", ""URLs with paths, query Strings, and fragments"", URLs with subdomain",embedded in references,Hidden in annotation layers,GenURL
1801.09757,13.0,http://dx.doi.org/10.1086/519295,References,"""URLs with schemes such as http, https, ftp, sftp, git, magnet"", ""URLs with paths, query Strings, and fragments"", URLs with subdomain",embedded in references,Hidden in annotation layers,GenURL
1801.09757,14.0,http://dx.doi.org/10.1086/596715,References,"""URLs with schemes such as http, https, ftp, sftp, git, magnet"", ""URLs with paths, query Strings, and fragments"", URLs with subdomain",embedded in references,Hidden in annotation layers,TPS
1801.09757,13.0,http://dx.doi.org/10.1088/0004-6256/137/1/1,References,"""URLs with schemes such as http, https, ftp, sftp, git, magnet"", ""URLs with paths, query Strings, and fragments"", URLs with subdomain",embedded in references,Hidden in annotation layers,GenURL
1801.09757,13.0,http://dx.doi.org/10.1088/0004-637X/701/2/1534,References,"""URLs with schemes such as http, https, ftp, sftp, git, magnet"", URLs with subdomain, ""URLs with paths, query Strings, and fragments""",split across lines,Hidden in annotation layers,GenURL
1801.09757,13.0,http://dx.doi.org/10.1088/0004-637X/710/2/1142,References,"""URLs with schemes such as http, https, ftp, sftp, git, magnet"", URLs with subdomain, ""URLs with paths, query Strings, and fragments""",split across lines,Hidden in annotation layers,GenURL
1801.09757,14.0,http://dx.doi.org/10.1088/0004-637X/732/2/107,References,"""URLs with schemes such as http, https, ftp, sftp, git, magnet"", ""URLs with paths, query Strings, and fragments"", URLs with subdomain",embedded in references,Hidden in annotation layers,GenURL
1801.09757,13.0,http://dx.doi.org/10.1088/0004-637X/747/1/35,References,"""URLs with schemes such as http, https, ftp, sftp, git, magnet"", URLs with subdomain, ""URLs with paths, query Strings, and fragments""",split across lines,Hidden in annotation layers,GenURL
1801.09757,14.0,http://dx.doi.org/10.1088/0004-637X/750/2/105,References,"""URLs with schemes such as http, https, ftp, sftp, git, magnet"", URLs with subdomain, ""URLs with paths, query Strings, and fragments""",split across lines,Hidden in annotation layers,GenURL
1801.09757,13.0,http://dx.doi.org/10.1088/0004-637X/768/2/121,References,"""URLs with schemes such as http, https, ftp, sftp, git, magnet"", ""URLs with paths, query Strings, and fragments"", URLs with subdomain",embedded in references,Hidden in annotation layers,GenURL
1801.09757,13.0,http://dx.doi.org/10.1088/0004-637X/772/2/129,References,"""URLs with schemes such as http, https, ftp, sftp, git, magnet"", URLs with subdomain, ""URLs with paths, query Strings, and fragments""",split across lines,Hidden in annotation layers,GenURL
1801.09757,13.0,http://dx.doi.org/10.1088/0004-637X/772/2/79,References,"""URLs with schemes such as http, https, ftp, sftp, git, magnet"", ""URLs with paths, query Strings, and fragments"", URLs with subdomain",embedded in references,Hidden in annotation layers,GenURL
1801.09757,13.0,http://dx.doi.org/10.1088/0004-637X/774/2/95,References,"""URLs with schemes such as http, https, ftp, sftp, git, magnet"", ""URLs with paths, query Strings, and fragments"", URLs with subdomain",embedded in references,Hidden in annotation layers,GenURL
1801.09757,13.0,http://dx.doi.org/10.1088/0004-637X/798/2/127,References,"""URLs with schemes such as http, https, ftp, sftp, git, magnet"", ""URLs with paths, query Strings, and fragments"", URLs with subdomain",embedded in references,Hidden in annotation layers,GenURL
1801.09757,14.0,http://dx.doi.org/10.1088/0004-637X/799/2/154,References,"""URLs with schemes such as http, https, ftp, sftp, git, magnet"", ""URLs with paths, query Strings, and fragments"", URLs with subdomain",embedded in references,Hidden in annotation layers,GenURL
1801.09757,13.0,http://dx.doi.org/10.1088/0004-637X/814/1/65,References,"""URLs with schemes such as http, https, ftp, sftp, git, magnet"", ""URLs with paths, query Strings, and fragments"", URLs with subdomain",embedded in references,Hidden in annotation layers,GenURL
1801.09757,14.0,http://dx.doi.org/10.1088/2041-8205/798/1/L13,References,"""URLs with schemes such as http, https, ftp, sftp, git, magnet"", ""URLs with paths, query Strings, and fragments"", URLs with subdomain",embedded in references,Hidden in annotation layers,GenURL
1801.09757,13.0,http://dx.doi.org/10.1088/2041-8205/813/2/L23,References,"""URLs with schemes such as http, https, ftp, sftp, git, magnet"", ""URLs with paths, query Strings, and fragments"", URLs with subdomain",embedded in references,Hidden in annotation layers,GenURL
1801.09757,14.0,http://dx.doi.org/10.1109/MCSE.2007.53,References,"""URLs with schemes such as http, https, ftp, sftp, git, magnet"", ""URLs with paths, query Strings, and fragments"", URLs with subdomain",embedded in references,Hidden in annotation layers,TPS
1801.09757,13.0,http://dx.doi.org/10.1109/MCSE.2007.55,References,"""URLs with schemes such as http, https, ftp, sftp, git, magnet"", ""URLs with paths, query Strings, and fragments"", URLs with subdomain",embedded in references,Hidden in annotation layers,TPS
1801.09757,14.0,http://dx.doi.org/10.1109/MCSE.2011.37,References,"""URLs with schemes such as http, https, ftp, sftp, git, magnet"", URLs with subdomain, ""URLs with paths, query Strings, and fragments""",split across lines,Hidden in annotation layers,TPS
1801.09757,14.0,http://dx.doi.org/10.1117/12.968154,References,"""URLs with schemes such as http, https, ftp, sftp, git, magnet"", URLs with subdomain, ""URLs with paths, query Strings, and fragments""",split across lines,Hidden in annotation layers,TPS
1801.09757,14.0,http://dx.doi.org/10.3847/0004-637X/818/2/176,References,"""URLs with schemes such as http, https, ftp, sftp, git, magnet"", ""URLs with paths, query Strings, and fragments"", URLs with subdomain",embedded in references,Hidden in annotation layers,GenURL
1801.09757,14.0,http://dx.doi.org/10.3847/0004-637X/826/1/8,References,"""URLs with schemes such as http, https, ftp, sftp, git, magnet"", ""URLs with paths, query Strings, and fragments"", URLs with subdomain",embedded in references,Hidden in annotation layers,GenURL
1801.09757,13.0,http://dx.doi.org/10.3847/0004-637X/830/2/96,References,"""URLs with schemes such as http, https, ftp, sftp, git, magnet"", ""URLs with paths, query Strings, and fragments"", URLs with subdomain",embedded in references,Hidden in annotation layers,GenURL
1801.09757,14.0,http://dx.doi.org/10.3847/1538-3881/aa6481,References,"""URLs with schemes such as http, https, ftp, sftp, git, magnet"", URLs with subdomain, ""URLs with paths, query Strings, and fragments""",split across lines,Hidden in annotation layers,GenURL
1801.09757,13.0,http://dx.doi.org/10.3847/1538-3881/aa899b,References,"""URLs with schemes such as http, https, ftp, sftp, git, magnet"", URLs with subdomain, ""URLs with paths, query Strings, and fragments""",split across lines,Hidden in annotation layers,GenURL
1801.09757,14.0,http://dx.doi.org/10.3847/1538-3881/aa984f,References,"""URLs with schemes such as http, https, ftp, sftp, git, magnet"", ""URLs with paths, query Strings, and fragments"", URLs with subdomain",embedded in references,Hidden in annotation layers,GenURL
1801.09757,14.0,http://dx.doi.org/10.3847/1538-4357/833/1/96,References,"""URLs with schemes such as http, https, ftp, sftp, git, magnet"", ""URLs with paths, query Strings, and fragments"", URLs with subdomain",embedded in references,Hidden in annotation layers,GenURL
1801.09757,13.0,http://dx.doi.org/10.3847/1538-4357/aa8e4f,References,"""URLs with schemes such as http, https, ftp, sftp, git, magnet"", ""URLs with paths, query Strings, and fragments"", URLs with subdomain",embedded in references,Hidden in annotation layers,GenURL
1801.09757,14.0,http://dx.doi.org/10.3847/1538-4357/aa90b8,References,"""URLs with schemes such as http, https, ftp, sftp, git, magnet"", ""URLs with paths, query Strings, and fragments"", URLs with subdomain",embedded in references,Hidden in annotation layers,GenURL
1801.09757,14.0,http://dx.doi.org/10.3847/2041-8205/829/2/L32,References,"""URLs with schemes such as http, https, ftp, sftp, git, magnet"", ""URLs with paths, query Strings, and fragments"", URLs with subdomain",embedded in references,Hidden in annotation layers,GenURL
1801.09757,14.0,http://dx.doi.org/10.7717/peerj.453,References,"""URLs with schemes such as http, https, ftp, sftp, git, magnet"", ""URLs with paths, query Strings, and fragments"", URLs with subdomain",embedded in references,Hidden in annotation layers,TPS
1801.09757,1.0,http://orcid.org/0000-0003-2969-6040,Title & Authors,"""URLs with schemes such as http, https, ftp, sftp, git, magnet"", ""URLs with paths, query Strings, and fragments""",,Hidden in annotation layers,GenURL
1801.09757,2.0,http://www.stsci.edu/cgi-bin/get-proposal-info?observatory=HST&id=14241,Introduction,"""URLs with schemes such as http, https, ftp, sftp, git, magnet"", ""URLs with paths, query Strings, and fragments""",,,GenURL
1801.09757,6.0,http://www2.keck.hawaii.edu/inst/nirspec/redspec.html,Results and Discussion,"""URLs with schemes such as http, https, ftp, sftp, git, magnet"", URLs with subdomain, ""URLs with paths, query Strings, and fragments""",embedded in footnotes,,TPS
1801.09757,14.0,http://stacks.iop.org/1538-3881/154/i=6/a=262,References,"""URLs with schemes such as http, https, ftp, sftp, git, magnet"", ""URLs with paths, query Strings, and fragments"", URLs with subdomain",embedded in references,Hidden in annotation layers,GenURL
1801.09757,1.0,mailto:yzhou@as.arizona.edu,Footer,"""URLs with schemes such as http, https, ftp, sftp, git, magnet""",embedded in footnotes,Hidden in annotation layers,GenURL
1802.00393,1.0,www.aaai.org,Footer,"""URLs with schemes such as http, https, ftp, sftp, git, magnet"", URLs without scheme",embedded in footnotes,,GenURL
1802.00393,2.0,http://ow.ly/BqCf30jqffN,Introduction,"""URLs with schemes such as http, https, ftp, sftp, git, magnet"", ""URLs with paths, query Strings, and fragments""",embedded in footnotes,Shortened URLs that redirect to a longer address,APD
1802.00393,2.0,http://ow.ly/TnuU30jqf7g,Introduction,"""URLs with schemes such as http, https, ftp, sftp, git, magnet"", ""URLs with paths, query Strings, and fragments""",embedded in footnotes,Shortened URLs that redirect to a longer address,APS
1802.00393,5.0,http://dictionary.cambridge.org,Methodology,"""URLs with schemes such as http, https, ftp, sftp, git, magnet"", URLs with subdomain",embedded in footnotes,,GenURL
1802.00393,5.0,http://thelawdictionary.org,Methodology,"""URLs with schemes such as http, https, ftp, sftp, git, magnet""",embedded in footnotes,,GenURL
1802.00393,9.0,https://github.com/ENCASEH2020/hatespeech-twitter,Conclusions,"""URLs with schemes such as http, https, ftp, sftp, git, magnet"", ""URLs with paths, query Strings, and fragments""",split across lines,,APD
1802.00393,10.0,https://goo.gl/sX2Apb,References,"""URLs with schemes such as http, https, ftp, sftp, git, magnet"", ""URLs with paths, query Strings, and fragments""","split across lines, embedded in references",Shortened URLs that redirect to a longer address,GenURL
1802.00393,4.0,https://www.hatebase.org,Methodology,"""URLs with schemes such as http, https, ftp, sftp, git, magnet""",embedded in footnotes,,TPD
1802.00393,4.0,https://www.noswearing.com/dictionary,Methodology,"""URLs with schemes such as http, https, ftp, sftp, git, magnet"", ""URLs with paths, query Strings, and fragments""",embedded in footnotes,,TPD
1802.00393,1.0,mailto:@csd.auth.gr,Title & Authors,"""URLs with schemes such as http, https, ftp, sftp, git, magnet""",embedded in captions,Hidden in annotation layers,GenURL
1802.00393,1.0,mailto:blackburn@uab.edu,Title & Authors,"""URLs with schemes such as http, https, ftp, sftp, git, magnet""",embedded in captions,Hidden in annotation layers,GenURL
1802.00393,1.0,mailto:g.stringhini@ucl.ac.uk,Title & Authors,"""URLs with schemes such as http, https, ftp, sftp, git, magnet""",embedded in captions,Hidden in annotation layers,GenURL
1802.00393,1.0,mailto:ilias.leontiadisg@telefonica.com,Title & Authors,"""URLs with schemes such as http, https, ftp, sftp, git, magnet""",embedded in captions,Hidden in annotation layers,GenURL
1802.00393,1.0,mailto:michael.sirivianosg@cut.ac.cy,Title & Authors,"""URLs with schemes such as http, https, ftp, sftp, git, magnet""",embedded in captions,Hidden in annotation layers,GenURL
1802.00393,11.0,http://snap.stanford.edu/class/cs224w-2014/projects2014/cs224w-81-final.pdf,References,"""URLs with schemes such as http, https, ftp, sftp, git, magnet"", URLs with subdomain, ""URLs with paths, query Strings, and fragments""","split across lines, embedded in references",,GenURL
1802.02548,1.0,https://www.nhc.noaa.gov/modelsummary.shtml,Related Works & Background,"""URLs with schemes such as http, https, ftp, sftp, git, magnet"", URLs with subdomain, ""URLs with paths, query Strings, and fragments""","split across lines, embedded in footnotes",,TPD
1802.02548,5.0,https://keras.io/layers/recurrent/,Methodology,"""URLs with schemes such as http, https, ftp, sftp, git, magnet"", ""URLs with paths, query Strings, and fragments"", URLs with trailing slashes","split across lines, embedded in footnotes",,GenURL
1802.02548,3.0,http://weather.unisys.com/hurricane/atlantic/,Methodology,"""URLs with schemes such as http, https, ftp, sftp, git, magnet"", URLs with subdomain, ""URLs with paths, query Strings, and fragments"", URLs with trailing slashes","split across lines, embedded in footnotes",,TPD
1802.02548,6.0,https://www.nhc.noaa.gov/verification/verify8.shtml,Results and Discussion,"""URLs with schemes such as http, https, ftp, sftp, git, magnet"", URLs with subdomain, ""URLs with paths, query Strings, and fragments""","split across lines, embedded in footnotes",,GenURL
1802.02764,51.0,http://arxiv.org/abs/gr-qc/0510074,References,"""URLs with schemes such as http, https, ftp, sftp, git, magnet"", ""URLs with paths, query Strings, and fragments""",embedded in references,Hidden in annotation layers,GenURL
1802.02764,50.0,http://neat.obs.ujf-grenoble.fr/NEAT.html,References,"""URLs with schemes such as http, https, ftp, sftp, git, magnet"", URLs with subdomain, ""URLs with paths, query Strings, and fragments""",embedded in references,,GenURL
1802.02764,52.0,http://www.physics.uoguelph.ca/poisson/research/postN.pdf,References,"""URLs with schemes such as http, https, ftp, sftp, git, magnet"", URLs with subdomain, ""URLs with paths, query Strings, and fragments""",embedded in references,,GenURL
1802.02764,53.0,http://ssd.jpl.nasa.gov/,References,"""URLs with schemes such as http, https, ftp, sftp, git, magnet"", URLs with subdomain, URLs with trailing slashes",embedded in references,,GenURL
1802.03793,10.0,http://arxiv.org/abs/1804.05942,References,"""URLs with schemes such as http, https, ftp, sftp, git, magnet"", ""URLs with paths, query Strings, and fragments""",embedded in references,,GenURL
1802.03793,10.0,http://dx.doi.org/10.1016/S0004-3702(97)00008-8,References,"""URLs with schemes such as http, https, ftp, sftp, git, magnet"", URLs with subdomain, ""URLs with paths, query Strings, and fragments""",embedded in references,,GenURL
1802.03793,1.0,http://sybrandt.com/2018/validation,Abstract,"""URLs with schemes such as http, https, ftp, sftp, git, magnet"", ""URLs with paths, query Strings, and fragments""",,Hidden in annotation layers,Project
1802.03793,10.0,http://view.ncbi.nlm.nih.gov/pubmed/15608251,References,"""URLs with schemes such as http, https, ftp, sftp, git, magnet"", URLs with subdomain, ""URLs with paths, query Strings, and fragments""",embedded in references,,GenURL
1802.03793,10.0,http://www.sciencedirect.com/science/article/pii/S0925231215014502,References,"""URLs with schemes such as http, https, ftp, sftp, git, magnet"", ""URLs with paths, query Strings, and fragments""","split across lines, embedded in references",,GenURL
1802.03793,10.0,https://doi.org/10.1186/1471-2105-6-S1-S1,References,"""URLs with schemes such as http, https, ftp, sftp, git, magnet"", ""URLs with paths, query Strings, and fragments""",embedded in references,,GenURL
1802.03793,10.0,https://www.ncbi.nlm.nih.gov/books/NBK9684/,References,"""URLs with schemes such as http, https, ftp, sftp, git, magnet"", URLs with trailing slashes, URLs with subdomain, ""URLs with paths, query Strings, and fragments""","split across lines, embedded in references",,GenURL
1802.03793,10.0,https://www.ncbi.nlm.nih.gov/pubmed/,References,"""URLs with schemes such as http, https, ftp, sftp, git, magnet"", URLs with trailing slashes, URLs with subdomain, ""URLs with paths, query Strings, and fragments""","split across lines, embedded in references",,GenURL
1802.03793,10.0,www.genenames.org,References,URLs without scheme,embedded in references,,TPD
1802.03804,1.0,http://arxiv.org/abs/1802.03804v1,,,,,GenURL
1802.03804,3.0,http://simbad.u-strasbg.fr/simbad/sim-ﬁd,Methodology,"URLs with subdomain, ""URLs with schemes such as http, https, ftp, sftp, git, magnet"", ""URLs with paths, query Strings, and fragments""",embedded in captions,,TPD
1802.03804,1.0,http://www.iop.org/journals/raa,Header,"""URLs with schemes such as http, https, ftp, sftp, git, magnet"", ""URLs with paths, query Strings, and fragments""",,,GenURL
1802.03804,1.0,http://www.raa-journal.org,Header,"""URLs with schemes such as http, https, ftp, sftp, git, magnet""",,,GenURL
1802.03804,3.0,http://www.usno.navy.mil/USNO/astrometry/optical-IR-prod/wds/int4,Methodology,"""URLs with schemes such as http, https, ftp, sftp, git, magnet"", URLs with subdomain, ""URLs with paths, query Strings, and fragments""",embedded in footnotes,,TPD
1802.04006,1.0,http://arxiv.org/abs/1802.04006v3,Header,"""URLs with schemes such as http, https, ftp, sftp, git, magnet"", ""URLs with paths, query Strings, and fragments""",,"Hidden in annotation layers, Hidden in metadata",GenURL
1802.04006,17.0,http://pmb.univ-fcomte.fr/1986/Jaulent_these.pdf,References,"""URLs with schemes such as http, https, ftp, sftp, git, magnet"", URLs with subdomain, ""URLs with paths, query Strings, and fragments""",embedded in references,,GenURL
1802.04006,18.0,http://pari.math.u-bordeaux.fr/,References,"""URLs with schemes such as http, https, ftp, sftp, git, magnet"", URLs with subdomain, URLs with trailing slashes",embedded in references,,GenURL
1802.04006,18.0,http://www.math.u-bordeaux.fr/~jovillan/,References,"""URLs with schemes such as http, https, ftp, sftp, git, magnet"", URLs with subdomain, URLs with trailing slashes, ""URLs with paths, query Strings, and fragments"", URLs with unicode characters",embedded in references,,GenURL
1802.04006,18.0,mailto:jovillan@math.u-bordeaux.fr,References,"""URLs with schemes such as http, https, ftp, sftp, git, magnet""",embedded in references,,GenURL
1802.042,2.0,http://www.statmt.org/moses/,Methodology,"URLs with trailing slashes, ""URLs with schemes such as http, https, ftp, sftp, git, magnet"", ""URLs with paths, query Strings, and fragments""",embedded in footnotes,,Project
1802.042,3.0,https://github.com/eske/seq2seq,Results and Discussion,"""URLs with schemes such as http, https, ftp, sftp, git, magnet"", ""URLs with paths, query Strings, and fragments""","split across lines, embedded in footnotes",,Project
1802.042,1.0,https://persyval-platform.univ-grenoble-alpes.fr/DS91/detaildataset,Related Works & Background,"""URLs with paths, query Strings, and fragments"", ""URLs with schemes such as http, https, ftp, sftp, git, magnet""","split across lines, embedded in footnotes",,TPD
1802.042,1.0,https://www.gutenberg.org/,Related Works & Background,"URLs with trailing slashes, ""URLs with schemes such as http, https, ftp, sftp, git, magnet""",embedded in footnotes,,GenURL
1802.04915,9.0, https://geth.ethereum.org ,Methodology,"URLs with subdomain, ""URLs with schemes such as http, https, ftp, sftp, git, magnet""",embedded in footnotes,,TPS
1802.04915,5.0,http://ethdocs.org/en/latest/contracts-and-transactions/account-types-gas-and-transactions.html#what-is-gas,Methodology,"""URLs with schemes such as http, https, ftp, sftp, git, magnet"", ""URLs with paths, query Strings, and fragments""","split across lines, embedded in footnotes",,GenURL
1802.04915,3.0,http://www.oraclize.it/,Related Works & Background,"""URLs with schemes such as http, https, ftp, sftp, git, magnet"", URLs with trailing slashes",embedded in footnotes,,GenURL
1802.04915,8.0,https://smartcontract.com/,Methodology,"""URLs with schemes such as http, https, ftp, sftp, git, magnet"", URLs with trailing slashes",embedded in footnotes,,GenURL
1802.04915,13.0,https://github.com/ethereum/EIPs/issues/150,Results and Discussion,"""URLs with schemes such as http, https, ftp, sftp, git, magnet"", ""URLs with paths, query Strings, and fragments""",embedded in footnotes,,Project
1802.04915,11.0,https://github.com/slockit/DAO,Results and Discussion,"""URLs with schemes such as http, https, ftp, sftp, git, magnet"", ""URLs with paths, query Strings, and fragments""",embedded in footnotes,,Project
1802.04915,13.0,https://github.com/VelocityMarket/Options-Contract,Results and Discussion,"""URLs with schemes such as http, https, ftp, sftp, git, magnet"", ""URLs with paths, query Strings, and fragments""",embedded in footnotes,,Project
1802.04915,7.0,https://github.com/VelocityMarket/Options-Contract,Methodology,"""URLs with schemes such as http, https, ftp, sftp, git, magnet"", ""URLs with paths, query Strings, and fragments""","split across lines, embedded in footnotes",,Project
1802.04915,7.0,https://github.com/VelocityMarket/Options-Contract/commit/f3c8d0ef66b886c9ee8b432e92c83f3a4fb525ba,Methodology,"""URLs with schemes such as http, https, ftp, sftp, git, magnet"", ""URLs with paths, query Strings, and fragments""","split across lines, embedded in footnotes",,Project
1802.04915,11.0,https://github.com/VelocityMarket/pricegeth,Methodology,"""URLs with schemes such as http, https, ftp, sftp, git, magnet"", ""URLs with paths, query Strings, and fragments""",embedded in footnotes,,Project
1802.04915,9.0,https://github.com/VelocityMarket/pricegeth,Methodology,"""URLs with schemes such as http, https, ftp, sftp, git, magnet"", ""URLs with paths, query Strings, and fragments""","split across lines, embedded in footnotes",,Project
1802.04915,3.0,https://github.com/VelocityMarket/pricegeth,Introduction,"""URLs with schemes such as http, https, ftp, sftp, git, magnet"", ""URLs with paths, query Strings, and fragments""",embedded in footnotes,,Project
1802.04915,9.0,https://www.bitstamp.net/api/v2/ticker/btcusd,Methodology,"""URLs with schemes such as http, https, ftp, sftp, git, magnet"", ""URLs with paths, query Strings, and fragments""",,,GenURL
1802.04915,11.0,https://docs.oraclize.it/#security-tlsnotary-proof,Methodology,"""URLs with schemes such as http, https, ftp, sftp, git, magnet"", ""URLs with paths, query Strings, and fragments"", URLs with subdomain",embedded in footnotes,,GenURL
1802.06772,51.0,https://www.humanconnectome.org/,Related Works & Background,"""URLs with schemes such as http, https, ftp, sftp, git, magnet"", URLs with trailing slashes",,,Project
1802.06772,52.0,https://db.humanconnectome.org/,Related Works & Background,"URLs with trailing slashes, ""URLs with schemes such as http, https, ftp, sftp, git, magnet"", URLs with subdomain",split across pages,,TPD
1802.06772,52.0,https://db.humanconnectome.org/,Header,"URLs with trailing slashes, ""URLs with schemes such as http, https, ftp, sftp, git, magnet"", URLs with subdomain",,Hidden in annotation layers,TPD
1802.06772,103.0,www.nitrc.org/projects/niak/,Methodology,"URLs with trailing slashes, ""URLs with paths, query Strings, and fragments"", URLs without scheme",,,TPS
1802.06772,185.0,cbica.upenn.edu/sbia/software/grasp/index.html ,Methodology,"URLs with subdomain, ""URLs with paths, query Strings, and fragments"", URLs without scheme",,,TPS
1802.06772,185.0,www.doc.ic.ac.uk/~sa1013/codes.html,Methodology,"URLs with unicode characters, ""URLs with paths, query Strings, and fragments"", URLs with subdomain, URLs without scheme",,,TPS
1802.06772,185.0,www.doc.ic.ac.uk/~sparisot,Methodology,"URLs with unicode characters, ""URLs with paths, query Strings, and fragments"", URLs with subdomain, URLs without scheme",,,TPS
1802.06772,187.0,atlas.brainnetome.org,Methodology,"URLs with subdomain, URLs without scheme",,,TPD
1802.06772,187.0,balsa.wustl.edu/study/show/RVVG,Methodology,"URLs with subdomain, ""URLs with paths, query Strings, and fragments"", URLs without scheme",,,TPD
1802.06772,187.0,balsa.wustl.edu/study/show/WG33,Methodology,"URLs with subdomain, ""URLs with paths, query Strings, and fragments"", URLs without scheme",,,TPD
1802.06772,187.0,balsa.wustl.edu/study/show/WG33,Methodology,"URLs with subdomain, ""URLs with paths, query Strings, and fragments"", URLs without scheme",,,TPD
1802.06772,187.0,db.humanconnectome.org,Methodology,"URLs with subdomain, URLs without scheme",,,TPD
1802.06772,257.0,https://commons.wikimedia.org/wiki/File:Blausen_0654_MRI_01.png,References,"""URLs with schemes such as http, https, ftp, sftp, git, magnet"", URLs with subdomain, ""URLs with paths, query Strings, and fragments""","split across lines, embedded in references",,GenURL
1802.06772,257.0,https://commons.wikimedia.org/wiki/File:Skull_and_brain_normal_human.svg,References,"""URLs with schemes such as http, https, ftp, sftp, git, magnet"", ""URLs with paths, query Strings, and fragments"", URLs with subdomain","split across lines, embedded in references",,GenURL
1802.06772,187.0,db.humanconnectome.org,Methodology,"URLs with subdomain, URLs without scheme",,,TPD
1802.06772,187.0,db.humanconnectome.org/data/projects/HCP_500,Methodology,"URLs with subdomain, ""URLs with paths, query Strings, and fragments"", URLs without scheme",,,TPD
1802.06772,257.0,https://en.wikipedia.org/wiki/File:DiffusionMRI_glyphs.png,References,"""URLs with paths, query Strings, and fragments"", ""URLs with schemes such as http, https, ftp, sftp, git, magnet""","split across lines, embedded in references",,GenURL
1802.06772,144.0,https://github.com/parisots/SpectralParcellation,Methodology,"""URLs with schemes such as http, https, ftp, sftp, git, magnet"", ""URLs with paths, query Strings, and fragments""",,,Project
1802.06772,187.0,www.gin.cnrs.fr/AAL2_files/aal2_for_SPM12.tar.gz,Methodology,"URLs with subdomain, ""URLs with paths, query Strings, and fragments"", URLs without scheme",,,TPD
1802.06772,187.0,www.nil.wustl.edu/labs/petersen/Resources.html,Methodology,"""URLs with paths, query Strings, and fragments"", URLs with subdomain, URLs without scheme",,,TPD
1802.06772,187.0,www.nitrc.org/frs/?group_id=51,Methodology,"URLs with subdomain, ""URLs with paths, query Strings, and fragments"", URLs without scheme",,,TPD
1802.06772,187.0,www.nitrc.org/projects/niak/,Methodology,"URLs with trailing slashes, ""URLs with paths, query Strings, and fragments"", URLs without scheme",,,TPS
1802.06772,187.0,www.princeton.edu/~chrisb/code.html,Methodology,"URLs with unicode characters, ""URLs with paths, query Strings, and fragments"", URLs without scheme",,,TPS
1802.06772,217.0,http://biomedia.doc.ic.ac.uk/brain-parcellation-survey,Results and Discussion,"""URLs with schemes such as http, https, ftp, sftp, git, magnet"", URLs with subdomain, ""URLs with paths, query Strings, and fragments""",,,Project
1802.06772,227.0,http://www.developingconnectome.org/,References,"""URLs with schemes such as http, https, ftp, sftp, git, magnet"", URLs with trailing slashes","split across lines, embedded in references",,GenURL
1802.06772,238.0,http://www.humanconnectome.org/documentation/S900/HCP_S900_Release_Reference_Manual.pdf,References,"""URLs with schemes such as http, https, ftp, sftp, git, magnet"", ""URLs with paths, query Strings, and fragments""","split across lines, embedded in references",,TPD
1802.06772,246.0,https://cnx.org/contents/FPtK1zmh@8.25:94lv8wHH@4/The-Central-Nervous-System,References,"""URLs with schemes such as http, https, ftp, sftp, git, magnet"", ""URLs with paths, query Strings, and fragments""","split across lines, embedded in references",,GenURL
1802.09206,9.0,http://adsabs.harvard.edu/abs/1968PhRv..170.1186N,References,"""URLs with schemes such as http, https, ftp, sftp, git, magnet"", URLs with subdomain, ""URLs with paths, query Strings, and fragments""",embedded in references,Hidden in annotation layers,GenURL
1802.09206,9.0,http://adsabs.harvard.edu/abs/1971ApJ...163..595T,References,"""URLs with schemes such as http, https, ftp, sftp, git, magnet"", URLs with subdomain, ""URLs with paths, query Strings, and fragments""",embedded in references,Hidden in annotation layers,GenURL
1802.09206,9.0,http://adsabs.harvard.edu/abs/1991ApJ...367L...9K,References,"""URLs with schemes such as http, https, ftp, sftp, git, magnet"", URLs with subdomain, ""URLs with paths, query Strings, and fragments""",embedded in references,Hidden in annotation layers,GenURL
1802.09206,9.0,http://adsabs.harvard.edu/abs/1998MNRAS.294..429D,References,"""URLs with schemes such as http, https, ftp, sftp, git, magnet"", URLs with subdomain, ""URLs with paths, query Strings, and fragments""",embedded in references,Hidden in annotation layers,GenURL
1802.09206,9.0,http://adsabs.harvard.edu/abs/2004MNRAS.352..440H,References,"""URLs with schemes such as http, https, ftp, sftp, git, magnet"", URLs with subdomain, ""URLs with paths, query Strings, and fragments""",embedded in references,Hidden in annotation layers,GenURL
1802.09206,9.0,http://adsabs.harvard.edu/abs/2008ApJ...679..675V,References,"""URLs with schemes such as http, https, ftp, sftp, git, magnet"", URLs with subdomain, ""URLs with paths, query Strings, and fragments""",embedded in references,Hidden in annotation layers,GenURL
1802.09206,9.0,http://adsabs.harvard.edu/abs/2008ApJ...685L..67D,References,"""URLs with schemes such as http, https, ftp, sftp, git, magnet"", URLs with subdomain, ""URLs with paths, query Strings, and fragments""",embedded in references,Hidden in annotation layers,GenURL
1802.09206,9.0,http://adsabs.harvard.edu/abs/2009CQGra..26g3001K,References,"""URLs with schemes such as http, https, ftp, sftp, git, magnet"", URLs with subdomain, ""URLs with paths, query Strings, and fragments""",embedded in references,Hidden in annotation layers,GenURL
1802.09206,9.0,http://adsabs.harvard.edu/abs/2009IPNPR.178C...1F,References,"""URLs with schemes such as http, https, ftp, sftp, git, magnet"", URLs with subdomain, ""URLs with paths, query Strings, and fragments""",embedded in references,Hidden in annotation layers,GenURL
1802.09206,9.0,http://adsabs.harvard.edu/abs/2009MNRAS.400..805L,References,"""URLs with schemes such as http, https, ftp, sftp, git, magnet"", URLs with subdomain, ""URLs with paths, query Strings, and fragments""",embedded in references,Hidden in annotation layers,GenURL
1802.09206,9.0,http://adsabs.harvard.edu/abs/2010A%26A...522L...5H,References,"""URLs with schemes such as http, https, ftp, sftp, git, magnet"", URLs with subdomain, ""URLs with paths, query Strings, and fragments"", URLs with escape characters",embedded in references,Hidden in annotation layers,GenURL
1802.09206,9.0,http://adsabs.harvard.edu/abs/2011ApJ...743..102G,References,"""URLs with schemes such as http, https, ftp, sftp, git, magnet"", URLs with subdomain, ""URLs with paths, query Strings, and fragments""",embedded in references,Hidden in annotation layers,GenURL
1802.09206,9.0,http://adsabs.harvard.edu/abs/2011IJMPD..20..989N,References,"""URLs with schemes such as http, https, ftp, sftp, git, magnet"", URLs with subdomain, ""URLs with paths, query Strings, and fragments""",embedded in references,Hidden in annotation layers,GenURL
1802.09206,9.0,http://adsabs.harvard.edu/abs/2011LRR....14....2U,References,"""URLs with schemes such as http, https, ftp, sftp, git, magnet"", URLs with subdomain, ""URLs with paths, query Strings, and fragments""",embedded in references,Hidden in annotation layers,GenURL
1802.09206,10.0,http://adsabs.harvard.edu/abs/2012CQGra..29r4004W,References,"""URLs with schemes such as http, https, ftp, sftp, git, magnet"", URLs with subdomain, ""URLs with paths, query Strings, and fragments""",embedded in references,Hidden in annotation layers,GenURL
1802.09206,9.0,http://adsabs.harvard.edu/abs/2012CQGra..29r4006M,References,"""URLs with schemes such as http, https, ftp, sftp, git, magnet"", URLs with subdomain, ""URLs with paths, query Strings, and fragments""",embedded in references,Hidden in annotation layers,GenURL
1802.09206,9.0,http://adsabs.harvard.edu/abs/2012CQGra..29r4007F,References,"""URLs with schemes such as http, https, ftp, sftp, git, magnet"", URLs with subdomain, ""URLs with paths, query Strings, and fragments""",embedded in references,Hidden in annotation layers,GenURL
1802.09206,9.0,http://adsabs.harvard.edu/abs/2012MNRAS.423.3328F,References,"""URLs with schemes such as http, https, ftp, sftp, git, magnet"", URLs with subdomain, ""URLs with paths, query Strings, and fragments""",embedded in references,Hidden in annotation layers,GenURL
1802.09206,9.0,http://adsabs.harvard.edu/abs/2013CQGra..30v4004E,References,"""URLs with schemes such as http, https, ftp, sftp, git, magnet"", URLs with subdomain, ""URLs with paths, query Strings, and fragments""",embedded in references,Hidden in annotation layers,GenURL
1802.09206,10.0,http://adsabs.harvard.edu/abs/2013MNRAS.428.1147V,References,"""URLs with schemes such as http, https, ftp, sftp, git, magnet"", URLs with subdomain, ""URLs with paths, query Strings, and fragments""",embedded in references,Hidden in annotation layers,GenURL
1802.09206,9.0,http://adsabs.harvard.edu/abs/2013PhRvD..87j4021L,References,"""URLs with schemes such as http, https, ftp, sftp, git, magnet"", URLs with subdomain, ""URLs with paths, query Strings, and fragments""",embedded in references,Hidden in annotation layers,GenURL
1802.09206,3.0,www.epta.eu.org,Methodology,"URLs without scheme, URLs with subdomain",embedded in footnotes,,TPD
1802.09206,3.0,www.nanograv.org,Methodology,URLs without scheme,embedded in footnotes,,TPD
1802.09206,9.0,http://adsabs.harvard.edu/abs/2014A%26A...571A..27P,References,"""URLs with schemes such as http, https, ftp, sftp, git, magnet"", URLs with subdomain, ""URLs with paths, query Strings, and fragments"", URLs with escape characters",embedded in references,Hidden in annotation layers,GenURL
1802.09206,9.0,http://adsabs.harvard.edu/abs/2014ApJ...783..130R,References,"""URLs with schemes such as http, https, ftp, sftp, git, magnet"", URLs with subdomain, ""URLs with paths, query Strings, and fragments""",embedded in references,Hidden in annotation layers,GenURL
1802.09206,9.0,http://adsabs.harvard.edu/abs/2014MNRAS.437.3004L,References,"""URLs with schemes such as http, https, ftp, sftp, git, magnet"", URLs with subdomain, ""URLs with paths, query Strings, and fragments""",embedded in references,Hidden in annotation layers,TPS
1802.09206,9.0,http://adsabs.harvard.edu/abs/2014MNRAS.445.3133P,References,"""URLs with schemes such as http, https, ftp, sftp, git, magnet"", URLs with subdomain, ""URLs with paths, query Strings, and fragments""",embedded in references,Hidden in annotation layers,GenURL
1802.09206,9.0,http://adsabs.harvard.edu/abs/2014Natur.505..520R,References,"""URLs with schemes such as http, https, ftp, sftp, git, magnet"", URLs with subdomain, ""URLs with paths, query Strings, and fragments""",embedded in references,Hidden in annotation layers,GenURL
1802.09206,10.0,http://adsabs.harvard.edu/abs/2015ApJ...809...41Z,References,"""URLs with schemes such as http, https, ftp, sftp, git, magnet"", URLs with subdomain, ""URLs with paths, query Strings, and fragments""",embedded in references,Hidden in annotation layers,GenURL
1802.09206,9.0,http://adsabs.harvard.edu/abs/2014ApJ...794...21D,References,"""URLs with schemes such as http, https, ftp, sftp, git, magnet"", URLs with subdomain, ""URLs with paths, query Strings, and fragments""",embedded in references,Hidden in annotation layers,GenURL
1802.09206,9.0,http://adsabs.harvard.edu/abs/2015aska.confE..36K,References,"""URLs with schemes such as http, https, ftp, sftp, git, magnet"", URLs with subdomain, ""URLs with paths, query Strings, and fragments""",embedded in references,Hidden in annotation layers,GenURL
1802.09206,9.0,http://adsabs.harvard.edu/abs/2015CeMDA.123..325F,References,"""URLs with schemes such as http, https, ftp, sftp, git, magnet"", URLs with subdomain, ""URLs with paths, query Strings, and fragments""",embedded in references,Hidden in annotation layers,GenURL
1802.09206,9.0,http://adsabs.harvard.edu/abs/2016A%26A...595A...1G,References,"""URLs with schemes such as http, https, ftp, sftp, git, magnet"", URLs with subdomain, ""URLs with paths, query Strings, and fragments"", URLs with escape characters",embedded in references,Hidden in annotation layers,GenURL
1802.09206,9.0,http://adsabs.harvard.edu/abs/2016IJMPD..2530029K,References,"""URLs with schemes such as http, https, ftp, sftp, git, magnet"", URLs with subdomain, ""URLs with paths, query Strings, and fragments""",embedded in references,Hidden in annotation layers,GenURL
1802.09206,9.0,http://adsabs.harvard.edu/abs/2016MNRAS.455.1751R,References,"""URLs with schemes such as http, https, ftp, sftp, git, magnet"", URLs with subdomain, ""URLs with paths, query Strings, and fragments""",embedded in references,Hidden in annotation layers,GenURL
1802.09206,9.0,http://adsabs.harvard.edu/abs/2016MNRAS.458.3341D,References,"""URLs with schemes such as http, https, ftp, sftp, git, magnet"", URLs with subdomain, ""URLs with paths, query Strings, and fragments""",embedded in references,Hidden in annotation layers,GenURL
1802.09206,9.0,http://adsabs.harvard.edu/abs/2016PhRvD..93h4023S,References,"""URLs with schemes such as http, https, ftp, sftp, git, magnet"", URLs with subdomain, ""URLs with paths, query Strings, and fragments""",embedded in references,Hidden in annotation layers,GenURL
1802.09206,9.0,http://adsabs.harvard.edu/abs/2016RaSc...51.1060L,References,"""URLs with schemes such as http, https, ftp, sftp, git, magnet"", URLs with subdomain, ""URLs with paths, query Strings, and fragments""",embedded in references,Hidden in annotation layers,GenURL
1802.09206,9.0,http://adsabs.harvard.edu/abs/2017MNRAS.465...76M,References,"""URLs with schemes such as http, https, ftp, sftp, git, magnet"", URLs with subdomain, ""URLs with paths, query Strings, and fragments""",embedded in references,Hidden in annotation layers,GenURL
1802.09206,9.0,http://arxiv.org/abs/1402.5594,References,"""URLs with schemes such as http, https, ftp, sftp, git, magnet"", ""URLs with paths, query Strings, and fragments""",embedded in references,Hidden in annotation layers,GenURL
1802.09206,9.0,http://arxiv.org/abs/1509.05446,References,"""URLs with schemes such as http, https, ftp, sftp, git, magnet"", ""URLs with paths, query Strings, and fragments""",embedded in references,Hidden in annotation layers,GenURL
1802.09206,9.0,http://arxiv.org/abs/1801.01837,References,"""URLs with schemes such as http, https, ftp, sftp, git, magnet"", ""URLs with paths, query Strings, and fragments""",embedded in references,Hidden in annotation layers,TPD
1802.09206,9.0,http://arxiv.org/abs/1801.08999,References,"""URLs with schemes such as http, https, ftp, sftp, git, magnet"", ""URLs with paths, query Strings, and fragments""",embedded in references,Hidden in annotation layers,GenURL
1802.09206,1.0,http://arxiv.org/abs/1802.09206v1,Header,"""URLs with schemes such as http, https, ftp, sftp, git, magnet"", ""URLs with paths, query Strings, and fragments""",,"Hidden in annotation layers, Hidden in metadata",GenURL
1802.09206,9.0,http://dx.doi.org/10.1002/2015RS005877,References,"""URLs with schemes such as http, https, ftp, sftp, git, magnet"", URLs with subdomain, ""URLs with paths, query Strings, and fragments""",embedded in references,Hidden in annotation layers,GenURL
1802.09206,9.0,http://dx.doi.org/10.1007/s10569-015-9639-y,References,"""URLs with schemes such as http, https, ftp, sftp, git, magnet"", URLs with subdomain, ""URLs with paths, query Strings, and fragments""",embedded in references,Hidden in annotation layers,GenURL
1802.09206,9.0,http://dx.doi.org/10.1007/s11433-016-0087-6,References,"""URLs with schemes such as http, https, ftp, sftp, git, magnet"", URLs with subdomain, ""URLs with paths, query Strings, and fragments""",embedded in references,Hidden in annotation layers,GenURL
1802.09206,9.0,http://dx.doi.org/10.1038/nature12917,References,"""URLs with schemes such as http, https, ftp, sftp, git, magnet"", URLs with subdomain, ""URLs with paths, query Strings, and fragments""",embedded in references,Hidden in annotation layers,GenURL
1802.09206,9.0,http://dx.doi.org/10.1046/j.1365-8711.1998.01282.x,References,"""URLs with schemes such as http, https, ftp, sftp, git, magnet"", URLs with subdomain, ""URLs with paths, query Strings, and fragments""",embedded in references,Hidden in annotation layers,GenURL
1802.09206,9.0,http://dx.doi.org/10.1051/0004-6361/201015659,References,"""URLs with schemes such as http, https, ftp, sftp, git, magnet"", URLs with subdomain, ""URLs with paths, query Strings, and fragments""",embedded in references,Hidden in annotation layers,GenURL
1802.09206,9.0,http://dx.doi.org/10.1051/0004-6361/201321556,References,"""URLs with schemes such as http, https, ftp, sftp, git, magnet"", URLs with subdomain, ""URLs with paths, query Strings, and fragments""",embedded in references,Hidden in annotation layers,GenURL
1802.09206,9.0,http://dx.doi.org/10.1051/0004-6361/201629272,References,"""URLs with schemes such as http, https, ftp, sftp, git, magnet"", URLs with subdomain, ""URLs with paths, query Strings, and fragments""",embedded in references,Hidden in annotation layers,GenURL
1802.09206,9.0,http://dx.doi.org/10.1086/150803,References,"""URLs with schemes such as http, https, ftp, sftp, git, magnet"", URLs with subdomain, ""URLs with paths, query Strings, and fragments""",embedded in references,Hidden in annotation layers,GenURL
1802.09206,9.0,http://dx.doi.org/10.1086/185920,References,"""URLs with schemes such as http, https, ftp, sftp, git, magnet"", URLs with subdomain, ""URLs with paths, query Strings, and fragments""",embedded in references,Hidden in annotation layers,GenURL
1802.09206,9.0,http://dx.doi.org/10.1086/497109,References,"""URLs with schemes such as http, https, ftp, sftp, git, magnet"", URLs with subdomain, ""URLs with paths, query Strings, and fragments""",embedded in references,Hidden in annotation layers,GenURL
1802.09206,9.0,http://dx.doi.org/10.1086/529576,References,"""URLs with schemes such as http, https, ftp, sftp, git, magnet"", URLs with subdomain, ""URLs with paths, query Strings, and fragments""",embedded in references,Hidden in annotation layers,GenURL
1802.09206,9.0,http://dx.doi.org/10.1086/587738,References,"""URLs with schemes such as http, https, ftp, sftp, git, magnet"", URLs with subdomain, ""URLs with paths, query Strings, and fragments""",embedded in references,Hidden in annotation layers,GenURL
1802.09206,9.0,http://dx.doi.org/10.1086/592401,References,"""URLs with schemes such as http, https, ftp, sftp, git, magnet"", URLs with subdomain, ""URLs with paths, query Strings, and fragments""",embedded in references,Hidden in annotation layers,GenURL
1802.09206,9.0,http://dx.doi.org/10.1088/0004-637X/743/2/102,References,"""URLs with schemes such as http, https, ftp, sftp, git, magnet"", URLs with subdomain, ""URLs with paths, query Strings, and fragments""",embedded in references,Hidden in annotation layers,GenURL
1802.09206,9.0,http://dx.doi.org/10.1088/0004-637X/783/2/130,References,"""URLs with schemes such as http, https, ftp, sftp, git, magnet"", URLs with subdomain, ""URLs with paths, query Strings, and fragments""",embedded in references,Hidden in annotation layers,GenURL
1802.09206,9.0,http://dx.doi.org/10.1088/0004-637X/794/1/21,References,"""URLs with schemes such as http, https, ftp, sftp, git, magnet"", URLs with subdomain, ""URLs with paths, query Strings, and fragments""",embedded in references,Hidden in annotation layers,GenURL
1802.09206,10.0,http://dx.doi.org/10.1088/0004-637X/809/1/41,References,"""URLs with schemes such as http, https, ftp, sftp, git, magnet"", URLs with subdomain, ""URLs with paths, query Strings, and fragments""",embedded in references,Hidden in annotation layers,GenURL
1802.09206,9.0,http://dx.doi.org/10.1088/0004-637X/813/1/65,References,"""URLs with schemes such as http, https, ftp, sftp, git, magnet"", URLs with subdomain, ""URLs with paths, query Strings, and fragments""",embedded in references,Hidden in annotation layers,TPD
1802.09206,9.0,http://dx.doi.org/10.1088/0264-9381/26/7/073001,References,"""URLs with schemes such as http, https, ftp, sftp, git, magnet"", URLs with subdomain, ""URLs with paths, query Strings, and fragments""",embedded in references,Hidden in annotation layers,GenURL
1802.09206,10.0,http://dx.doi.org/10.1088/0264-9381/29/18/184004,References,"""URLs with schemes such as http, https, ftp, sftp, git, magnet"", URLs with subdomain, ""URLs with paths, query Strings, and fragments""",embedded in references,Hidden in annotation layers,GenURL
1802.09206,9.0,http://dx.doi.org/10.1088/0264-9381/29/18/184006,References,"""URLs with schemes such as http, https, ftp, sftp, git, magnet"", URLs with subdomain, ""URLs with paths, query Strings, and fragments""",embedded in references,Hidden in annotation layers,GenURL
1802.09206,9.0,http://dx.doi.org/10.1088/0264-9381/29/18/184007,References,"""URLs with schemes such as http, https, ftp, sftp, git, magnet"", URLs with subdomain, ""URLs with paths, query Strings, and fragments""",embedded in references,Hidden in annotation layers,GenURL
1802.09206,9.0,http://dx.doi.org/10.1088/0264-9381/29/21/215018,References,"""URLs with schemes such as http, https, ftp, sftp, git, magnet"", URLs with subdomain, ""URLs with paths, query Strings, and fragments""",embedded in references,Hidden in annotation layers,GenURL
1802.09206,9.0,http://dx.doi.org/10.1088/0264-9381/30/22/224004,References,"""URLs with schemes such as http, https, ftp, sftp, git, magnet"", URLs with subdomain, ""URLs with paths, query Strings, and fragments""",embedded in references,Hidden in annotation layers,GenURL
1802.09206,9.0,http://dx.doi.org/10.1088/1742-6596/716/1/012014,References,"""URLs with schemes such as http, https, ftp, sftp, git, magnet"", URLs with subdomain, ""URLs with paths, query Strings, and fragments""",embedded in references,Hidden in annotation layers,GenURL
1802.09206,10.0,http://dx.doi.org/10.1093/mnras/sts097,References,"""URLs with schemes such as http, https, ftp, sftp, git, magnet"", URLs with subdomain, ""URLs with paths, query Strings, and fragments""",embedded in references,Hidden in annotation layers,GenURL
1802.09206,9.0,http://dx.doi.org/10.1093/mnras/stt2122,References,"""URLs with schemes such as http, https, ftp, sftp, git, magnet"", URLs with subdomain, ""URLs with paths, query Strings, and fragments""",embedded in references,Hidden in annotation layers,GenURL
1802.09206,9.0,http://dx.doi.org/10.1093/mnras/stu1948,References,"""URLs with schemes such as http, https, ftp, sftp, git, magnet"", URLs with subdomain, ""URLs with paths, query Strings, and fragments""",embedded in references,Hidden in annotation layers,GenURL
1802.09206,9.0,http://dx.doi.org/10.1093/mnras/stv2395,References,"""URLs with schemes such as http, https, ftp, sftp, git, magnet"", URLs with subdomain, ""URLs with paths, query Strings, and fragments""",embedded in references,Hidden in annotation layers,GenURL
1802.09206,9.0,http://dx.doi.org/10.1093/mnras/stw2759,References,"""URLs with schemes such as http, https, ftp, sftp, git, magnet"", URLs with subdomain, ""URLs with paths, query Strings, and fragments""",embedded in references,Hidden in annotation layers,GenURL
1802.09206,9.0,http://dx.doi.org/10.1093/mnras/stw483,References,"""URLs with schemes such as http, https, ftp, sftp, git, magnet"", URLs with subdomain, ""URLs with paths, query Strings, and fragments""",embedded in references,Hidden in annotation layers,GenURL
1802.09206,9.0,http://dx.doi.org/10.1103/PhysRev.170.1186,References,"""URLs with schemes such as http, https, ftp, sftp, git, magnet"", URLs with subdomain, ""URLs with paths, query Strings, and fragments""",embedded in references,Hidden in annotation layers,GenURL
1802.09206,9.0,http://dx.doi.org/10.1103/PhysRevD.87.104021,References,"""URLs with schemes such as http, https, ftp, sftp, git, magnet"", URLs with subdomain, ""URLs with paths, query Strings, and fragments""",embedded in references,Hidden in annotation layers,GenURL
1802.09206,9.0,http://dx.doi.org/10.1103/PhysRevD.93.084023,References,"""URLs with schemes such as http, https, ftp, sftp, git, magnet"", URLs with subdomain, ""URLs with paths, query Strings, and fragments""",embedded in references,Hidden in annotation layers,GenURL
1802.09206,9.0,http://dx.doi.org/10.1111/j.1365-2966.2004.07931.x,References,"""URLs with schemes such as http, https, ftp, sftp, git, magnet"", URLs with subdomain, ""URLs with paths, query Strings, and fragments""",embedded in references,Hidden in annotation layers,GenURL
1802.09206,9.0,http://dx.doi.org/10.1111/j.1365-2966.2006.10870.x,References,"""URLs with schemes such as http, https, ftp, sftp, git, magnet"", URLs with subdomain, ""URLs with paths, query Strings, and fragments""",embedded in references,Hidden in annotation layers,TPS
1802.09206,9.0,http://dx.doi.org/10.1111/j.1365-2966.2009.15481.x,References,"""URLs with schemes such as http, https, ftp, sftp, git, magnet"", URLs with subdomain, ""URLs with paths, query Strings, and fragments""",embedded in references,Hidden in annotation layers,GenURL
1802.09206,9.0,http://dx.doi.org/10.1111/j.1365-2966.2012.21253.x,References,"""URLs with schemes such as http, https, ftp, sftp, git, magnet"", URLs with subdomain, ""URLs with paths, query Strings, and fragments""",embedded in references,Hidden in annotation layers,GenURL
1802.09206,9.0,http://dx.doi.org/10.1142/S0218271811019335,References,"""URLs with schemes such as http, https, ftp, sftp, git, magnet"", URLs with subdomain, ""URLs with paths, query Strings, and fragments""",embedded in references,Hidden in annotation layers,GenURL
1802.09206,9.0,http://dx.doi.org/10.1142/S0218271816300299,References,"""URLs with schemes such as http, https, ftp, sftp, git, magnet"", URLs with subdomain, ""URLs with paths, query Strings, and fragments""",embedded in references,Hidden in annotation layers,GenURL
1802.09206,9.0,http://dx.doi.org/10.12942/lrr-2011-2,References,"""URLs with schemes such as http, https, ftp, sftp, git, magnet"", URLs with subdomain, ""URLs with paths, query Strings, and fragments""",embedded in references,Hidden in annotation layers,GenURL
1802.09206,9.0,http://dx.doi.org/10.12942/lrr-2014-4,References,"""URLs with schemes such as http, https, ftp, sftp, git, magnet"", URLs with subdomain, ""URLs with paths, query Strings, and fragments""",embedded in references,Hidden in annotation layers,GenURL
1802.09206,9.0,http://dx.doi.org/10.5281/zenodo.251456,References,"""URLs with schemes such as http, https, ftp, sftp, git, magnet"", URLs with subdomain, ""URLs with paths, query Strings, and fragments""",embedded in references,Hidden in annotation layers,Project
1802.09206,,http://sci.esa.int/gaia/,Future Work,"""URLs with schemes such as http, https, ftp, sftp, git, magnet"", URLs with subdomain, URLs with trailing slashes, ""URLs with paths, query Strings, and fragments""",embedded in footnotes,,GenURL
1802.09206,9.0,https://doi.org/10.5281/zenodo.251456,References,"""URLs with schemes such as http, https, ftp, sftp, git, magnet"", ""URLs with paths, query Strings, and fragments""",embedded in references,,Project
1802.09206,3.0,https://github.com/jellis18/PAL2,Methodology,"""URLs with schemes such as http, https, ftp, sftp, git, magnet"", ""URLs with paths, query Strings, and fragments""",embedded in footnotes,,Project
1802.09206,3.0,https://github.com/LindleyLentati/TempoNest,Methodology,"""URLs with schemes such as http, https, ftp, sftp, git, magnet"", ""URLs with paths, query Strings, and fragments""",embedded in footnotes,,Project
1802.09206,9.0,http://adsabs.harvard.edu/abs/2014LRR....17....4W,References,"""URLs with schemes such as http, https, ftp, sftp, git, magnet"", URLs with subdomain, ""URLs with paths, query Strings, and fragments""",embedded in references,Hidden in annotation layers,GenURL
1802.09206,9.0,http://adsabs.harvard.edu/abs/2015ApJ...813...65T,References,"""URLs with schemes such as http, https, ftp, sftp, git, magnet"", URLs with subdomain, ""URLs with paths, query Strings, and fragments""",embedded in references,Hidden in annotation layers,GenURL
1901.00005,7.0,https://www.cosmos.esa.int/gaia,References,"""URLs with schemes such as http, https, ftp, sftp, git, magnet"", ""URLs with paths, query Strings, and fragments"", URLs with subdomain","split across lines, embedded in references",,GenURL
1901.00005,7.0,https://www.cosmos.esa.int/web/gaia/dpac/consortium,References,"""URLs with schemes such as http, https, ftp, sftp, git, magnet"", ""URLs with paths, query Strings, and fragments"", URLs with subdomain","split across lines, embedded in references",,GenURL
1901.02923,10.0,http://www.jstor.org/stable/23245561,References,"""URLs with schemes such as http, https, ftp, sftp, git, magnet"", ""URLs with paths, query Strings, and fragments""",embedded in references,,GenURL
1901.02923,10.0,https://www.eia.gov/electricity/monthly/,References,"""URLs with schemes such as http, https, ftp, sftp, git, magnet"", URLs with trailing slashes, ""URLs with paths, query Strings, and fragments""","split across lines, embedded in references",,TPD
1901.02923,10.0,https://www.energycentral.com/c/ec/ferc-settlements-illustrate-attempts-game-demand-response-programs,References,"""URLs with schemes such as http, https, ftp, sftp, git, magnet"", ""URLs with paths, query Strings, and fragments""","split across lines, embedded in references",,GenURL
1901.03299,10.0,http://cdn.intechweb.org/pdfs/13495.pdf%5Cnhttp://www.intechopen.com/source/pdfs/13495/InTech-P300_based_brain_computer_interface_paradigm_design.pdf,References,"URLs with escape characters, ""URLs with schemes such as http, https, ftp, sftp, git, magnet"", URLs with subdomain, ""URLs with paths, query Strings, and fragments""","split across lines, embedded in references",,GenURL
1901.03299,10.0,http://iopscience.iop.org/article/10.1088/1741-2560/4/2/R01/pdf,References,"""URLs with schemes such as http, https, ftp, sftp, git, magnet"", URLs with subdomain, ""URLs with paths, query Strings, and fragments""","split across lines, embedded in references",,GenURL
1901.03299,10.0,http://linkinghub.elsevier.com/retrieve/pii/0013469488901496,References,"""URLs with schemes such as http, https, ftp, sftp, git, magnet"", URLs with subdomain, ""URLs with paths, query Strings, and fragments""",embedded in references,,GenURL
1901.03299,10.0,http://web.stanford.edu/~hastie/ElemStatLearn/printings/ESLII_print12.pdf,References,"""URLs with schemes such as http, https, ftp, sftp, git, magnet"", URLs with subdomain, URLs with unicode characters, ""URLs with paths, query Strings, and fragments""","embedded in references, split across lines",,GenURL
1901.03299,10.0,http://www.ncbi.nlm.nih.gov/pubmed/12048038,References,"""URLs with schemes such as http, https, ftp, sftp, git, magnet"", URLs with subdomain, ""URLs with paths, query Strings, and fragments""",embedded in references,,GenURL
1901.03299,10.0,http://www.ncbi.nlm.nih.gov/pubmed/20347387http://www.pubmedcentral.nih.gov/articlerender.fcgi?artid=PMC2879474,References,"""URLs with schemes such as http, https, ftp, sftp, git, magnet"", URLs with subdomain, ""URLs with paths, query Strings, and fragments""","split across lines, embedded in references",,GenURL
1901.03299,1.0,http://www.tandfonline.com/10.1080/2326263X.2018.1552357,Header,"""URLs with schemes such as http, https, ftp, sftp, git, magnet"", ""URLs with paths, query Strings, and fragments""",,,GenURL
1901.03299,10.0,http://www.tandfonline.com/doi/abs/10.1080/00401706.1968.10490530#.VSr0bt93PeQ,References,"""URLs with schemes such as http, https, ftp, sftp, git, magnet"", ""URLs with paths, query Strings, and fragments""","split across lines, embedded in references",,GenURL
1901.03299,10.0,https://www.degruyter.com/view/j/mms.2012.19.issue-3/v10178-012-0037-4/v10178-012-0037-4.xml,References,"""URLs with schemes such as http, https, ftp, sftp, git, magnet"", ""URLs with paths, query Strings, and fragments""","split across lines, embedded in references",,GenURL
1901.03299,11.0,https://ac.els-cdn.com/S0301051106001396/1-s2.0-S0301051106001396-main.pdf?_tid=97940708-389c-4f94-97b9-e9afb06c4548&acdnat=1525103613_c14a43c6940d85488ed7ba692b3ea6dd,References,"""URLs with schemes such as http, https, ftp, sftp, git, magnet"", URLs with subdomain, ""URLs with paths, query Strings, and fragments""","split across lines, split across pages, embedded in references",,GenURL
1901.03299,11.0,https://hal.archives-ouvertes.fr/hal-00521054/document,References,"""URLs with schemes such as http, https, ftp, sftp, git, magnet"", URLs with subdomain, ""URLs with paths, query Strings, and fragments""","split across lines, embedded in references",,GenURL
1901.04687,9.0,http://www.pascal-network.org/challenges/VOC/voc2007/workshop/index.html,References,"""URLs with schemes such as http, https, ftp, sftp, git, magnet"", ""URLs with paths, query Strings, and fragments""","embedded in references, split across lines",,TPD
1901.04687,10.0,https://arxiv.org/abs/1711.05908,References,"""URLs with schemes such as http, https, ftp, sftp, git, magnet"", ""URLs with paths, query Strings, and fragments""",embedded in references,,GenURL
1901.10437,10.0,http://arxiv.org/abs/1704.06840,References,"""URLs with schemes such as http, https, ftp, sftp, git, magnet"", ""URLs with paths, query Strings, and fragments""","split across lines, embedded in references",,GenURL
1901.10437,6.0,http://www.statistics4u.com/fundstat_eng/cc_optim_meth_brutefrc.html,Results and Discussion,"""URLs with schemes such as http, https, ftp, sftp, git, magnet"", ""URLs with paths, query Strings, and fragments""",,Hidden in annotation layers,GenURL
1901.10437,10.0,https://doi.org/10.1111/j.1083-6101.2006.00025.x,References,"""URLs with schemes such as http, https, ftp, sftp, git, magnet"", ""URLs with paths, query Strings, and fragments""",embedded in references,,GenURL
1901.10437,10.0,https://doi.org/10.1145/3038912.3052613,References,"""URLs with schemes such as http, https, ftp, sftp, git, magnet"", ""URLs with paths, query Strings, and fragments""",embedded in references,,GenURL
1901.10437,6.0,https://www.faceplusplus.com,Results and Discussion,"""URLs with schemes such as http, https, ftp, sftp, git, magnet""",embedded in footnotes,,TPS
1901.10437,10.0,https://investor.fb.com/investor-news/press-release-details/2018/Facebook-Reports-Second-Quarter-2018-Results/default.aspx,References,"""URLs with schemes such as http, https, ftp, sftp, git, magnet"", URLs with subdomain, ""URLs with paths, query Strings, and fragments""","split across lines, embedded in references",,GenURL
1901.10437,10.0,https://www.blog.google/products/ads/ads-and-analytics-innovations-for-a-mobile-first-world/,References,"""URLs with schemes such as http, https, ftp, sftp, git, magnet"", ""URLs with paths, query Strings, and fragments"", URLs with trailing slashes","split across lines, embedded in references",,GenURL
1901.10437,10.0,https://www.beckershospitalreview.com/human-capital-and-risk/gender-ratio-of-nurses-across-50-states.html,References,"""URLs with paths, query Strings, and fragments"", ""URLs with schemes such as http, https, ftp, sftp, git, magnet""","split across lines, embedded in references",,GenURL
1901.10437,10.0,https://www.reuters.com/article/us-amazon-com-jobs-automation-insight/amazon-scraps-secret-ai-recruiting-tool-that-showed-bias-against-women-idUSKCN1MK08G,References,"""URLs with schemes such as http, https, ftp, sftp, git, magnet"", ""URLs with paths, query Strings, and fragments""","split across lines, embedded in references",,GenURL
1901.1055,10.0,http://proceedings.mlr.press/v104/du19a.html,References,"""URLs with schemes such as http, https, ftp, sftp, git, magnet"", URLs with subdomain, ""URLs with paths, query Strings, and fragments""",embedded in references,,GenURL
1901.1055,10.0,https://CRAN.R-project.org/doc/Rnews/,References,"""URLs with schemes such as http, https, ftp, sftp, git, magnet"", URLs with subdomain, ""URLs with paths, query Strings, and fragments"", URLs with trailing slashes",embedded in references,,GenURL
1901.1055,10.0,https://CRAN.R-project.org/package=grf,References,"""URLs with schemes such as http, https, ftp, sftp, git, magnet"", URLs with subdomain, ""URLs with paths, query Strings, and fragments""",embedded in references,,TPS
1901.1055,1.0,https://doi.org/,Abstract,"""URLs with schemes such as http, https, ftp, sftp, git, magnet"", URLs with trailing slashes",,,GenURL
1901.1055,10.0,https://doi.org/10.1007/s10618-014-0383-9,References,"""URLs with schemes such as http, https, ftp, sftp, git, magnet"", ""URLs with paths, query Strings, and fragments""",embedded in references,,GenURL
1901.1055,10.0,https://doi.org/10.1023/A:1010933404324,References,"""URLs with schemes such as http, https, ftp, sftp, git, magnet"", ""URLs with paths, query Strings, and fragments""","split across lines, embedded in references",,GenURL
1901.1055,10.0,https://doi.org/10.18637/jss.v081.i02,References,"""URLs with schemes such as http, https, ftp, sftp, git, magnet"", ""URLs with paths, query Strings, and fragments""",embedded in references,,TPS
1901.1055,12.0,https://github.com/tuye0305/prophet,References,"""URLs with schemes such as http, https, ftp, sftp, git, magnet"", ""URLs with paths, query Strings, and fragments""",,,Project
1902.00579,6.0,https://evalai.cloudcv.org/web/challenges/challenge-page/161/overview,Methodology,"""URLs with schemes such as http, https, ftp, sftp, git, magnet"", ""URLs with paths, query Strings, and fragments""","split across lines, embedded in footnotes",,GenURL
1902.00579,6.0,https://visualdialog.org/data,Methodology,"""URLs with schemes such as http, https, ftp, sftp, git, magnet"", ""URLs with paths, query Strings, and fragments""","split across lines, embedded in footnotes",,TPD
1902.00579,8.0,https://visualdialog.org/challenge/2019,Results and Discussion,"""URLs with schemes such as http, https, ftp, sftp, git, magnet"", ""URLs with paths, query Strings, and fragments""","split across lines, embedded in footnotes",,GenURL
1902.00579,9.0,https://evalai.cloudcv.org/web/challenges/challenge-page/103/leaderboard/298,Results and Discussion,"""URLs with schemes such as http, https, ftp, sftp, git, magnet"", URLs with subdomain, ""URLs with paths, query Strings, and fragments""","split across lines, embedded in captions",,GenURL
1902.00579,9.0,https://evalai.cloudcv.org/web/challenges/challenge-page/161/leaderboard/483,Results and Discussion,"""URLs with schemes such as http, https, ftp, sftp, git, magnet"", URLs with subdomain, ""URLs with paths, query Strings, and fragments""","split across lines, embedded in captions",,GenURL
1902.01117,8.0,https://www.microsoft.com/en-us/hololens,Methodology,"""URLs with schemes such as http, https, ftp, sftp, git, magnet"", ""URLs with paths, query Strings, and fragments""",embedded in footnotes,,GenURL
1902.01117,9.0,https://msdn.microsoft.com/en-us/library/hh361572(v=oﬃce.14).aspx ,Methodology,"""URLs with schemes such as http, https, ftp, sftp, git, magnet"", URLs with subdomain, ""URLs with paths, query Strings, and fragments""",embedded in footnotes,Shortened URLs that redirect to a longer address,TPS
1902.01117,9.0,https://www.leapmotion.com/,Methodology,"""URLs with schemes such as http, https, ftp, sftp, git, magnet"", URLs with trailing slashes",embedded in footnotes,,GenURL
1902.02949,15.0,http://archive.ics.uci.edu/ml,References,"""URLs with schemes such as http, https, ftp, sftp, git, magnet"", URLs with subdomain, ""URLs with paths, query Strings, and fragments""","split across lines, embedded in references",,TPD
1902.02949,16.0,https://doi.org/10.1109/TEVC.2018.2808689,References,"""URLs with schemes such as http, https, ftp, sftp, git, magnet"", ""URLs with paths, query Strings, and fragments""",embedded in references,,GenURL
1902.02949,16.0,https://doi.org/10.1109/TNNLS.2018.2881143,References,"""URLs with schemes such as http, https, ftp, sftp, git, magnet"", ""URLs with paths, query Strings, and fragments""",embedded in references,,GenURL
1902.04324,15.0,http://arxiv.org/abs/1510.06896,References,"""URLs with schemes such as http, https, ftp, sftp, git, magnet"", ""URLs with paths, query Strings, and fragments""",embedded in references,Hidden in annotation layers,GenURL
1902.04324,1.0,http://www.asc.tuwien.ac.at/winfried,Abstract,"""URLs with schemes such as http, https, ftp, sftp, git, magnet"", URLs with subdomain, ""URLs with paths, query Strings, and fragments""",embedded in footnotes,,GenURL
1902.04324,1.0,http://www.harald-hofstaetter.at,Abstract,"""URLs with schemes such as http, https, ftp, sftp, git, magnet""",embedded in footnotes,,GenURL
1902.04324,13.0,https://doi.org/10.1006/jcph.2001.6956,References,"""URLs with schemes such as http, https, ftp, sftp, git, magnet"", ""URLs with paths, query Strings, and fragments""",embedded in references,Hidden in annotation layers,GenURL
1902.04324,15.0,https://doi.org/10.1016/j.aml.2018.03.001,References,"""URLs with schemes such as http, https, ftp, sftp, git, magnet"", ""URLs with paths, query Strings, and fragments""","split across lines, embedded in references",Hidden in annotation layers,GenURL
1902.04324,15.0,https://doi.org/10.1016/j.cam.2019.02.011,References,"""URLs with schemes such as http, https, ftp, sftp, git, magnet"", ""URLs with paths, query Strings, and fragments""","split across lines, embedded in references",Hidden in annotation layers,GenURL
1902.04324,1.0,https://mat.ug.edu.pl/kmalina,Abstract,"""URLs with schemes such as http, https, ftp, sftp, git, magnet"", URLs with subdomain, ""URLs with paths, query Strings, and fragments""",embedded in footnotes,,GenURL
1902.04324,1.0,https://www.maths.ox.ac.uk/people/pranav.singh,Abstract,"""URLs with schemes such as http, https, ftp, sftp, git, magnet"", URLs with subdomain, ""URLs with paths, query Strings, and fragments""",embedded in footnotes,,GenURL
1902.04992,9.0,https://people.eecs.berkeley.edu/~jhoffman/domainadapt,Introduction,"""URLs with schemes such as http, https, ftp, sftp, git, magnet"", ""URLs with paths, query Strings, and fragments"", URLs with subdomain, URLs with unicode characters",embedded in captions,,GenURL
1902.04992,65.0,https://sites.google.com/site/vandaldepthnet/,Methodology,"""URLs with schemes such as http, https, ftp, sftp, git, magnet"", URLs with subdomain, URLs with trailing slashes, ""URLs with paths, query Strings, and fragments""",,,Project
1902.04992,67.0,http://www.phash.org/,Methodology,"""URLs with schemes such as http, https, ftp, sftp, git, magnet"", URLs with trailing slashes",embedded in footnotes,,Project
1902.04992,80.0,https://github.com/BVLC/caﬀe/wiki/Model-Zoo,Methodology,"""URLs with schemes such as http, https, ftp, sftp, git, magnet"", ""URLs with paths, query Strings, and fragments""",embedded in footnotes,,Project
1902.04992,47.0,https://github.com/engharat/SBADAGAN,Methodology,"""URLs with schemes such as http, https, ftp, sftp, git, magnet"", ""URLs with paths, query Strings, and fragments""",embedded in footnotes,,Project
1902.04992,95.0,https://github.com/fchollet/keras,References,"""URLs with schemes such as http, https, ftp, sftp, git, magnet"", ""URLs with paths, query Strings, and fragments""",embedded in references,,Project
1902.04992,84.0,https://github.com/fmcarlucci/de2co,Conclusions,"""URLs with schemes such as http, https, ftp, sftp, git, magnet"", ""URLs with paths, query Strings, and fragments""",,,Project
1902.04992,76.0,https://github.com/fmcarlucci/de2co,Methodology,"""URLs with schemes such as http, https, ftp, sftp, git, magnet"", ""URLs with paths, query Strings, and fragments""",split across lines,,Project
1902.04992,8.0,https://images.google.com/,Introduction,"""URLs with schemes such as http, https, ftp, sftp, git, magnet"", URLs with subdomain, URLs with trailing slashes",embedded in footnotes,,GenURL
1902.04992,67.0,www.blender.org,Methodology,URLs without scheme,embedded in footnotes,,TPS
1902.04992,68.0,https://sites.google.com/site/vandaldepthnet/,Methodology,"""URLs with schemes such as http, https, ftp, sftp, git, magnet"", URLs with subdomain, URLs with trailing slashes, ""URLs with paths, query Strings, and fragments""",embedded in footnotes,,Project
1902.04992,70.0,http://www.csie.ntu.edu.tw/cjlin/liblinear/,Methodology,"""URLs with schemes such as http, https, ftp, sftp, git, magnet"", URLs with subdomain, ""URLs with paths, query Strings, and fragments"", URLs with trailing slashes",embedded in footnotes,,TPS
1902.04992,8.0,https://www.instagram.com/,Introduction,"""URLs with schemes such as http, https, ftp, sftp, git, magnet"", URLs with trailing slashes",embedded in footnotes,,GenURL
1902.04992,8.0,https://www.pinterest.com/,Introduction,"""URLs with schemes such as http, https, ftp, sftp, git, magnet"", URLs with trailing slashes",embedded in footnotes,,Project
1902.04992,2.0,mailto:fabiom.carlucci@gmail.com,Abstract,"""URLs with schemes such as http, https, ftp, sftp, git, magnet""",embedded in footnotes,Hidden in annotation layers,GenURL
1902.04992,79.0,http://opencv.org/,Methodology,"URLs with trailing slashes, ""URLs with schemes such as http, https, ftp, sftp, git, magnet""",embedded in footnotes,,TPS
1902.05009,11.0,http://archive.ics.uci.edu/ml,References,"""URLs with schemes such as http, https, ftp, sftp, git, magnet"", URLs with subdomain, ""URLs with paths, query Strings, and fragments""",embedded in references,,TPD
1902.05009,11.0,http://www.cs.toronto.edu/~delve/data/ringnorm/desc.html,References,"""URLs with schemes such as http, https, ftp, sftp, git, magnet"", URLs with unicode characters, ""URLs with paths, query Strings, and fragments"", URLs with subdomain","split across lines, embedded in references",,TPD
1902.05009,11.0,https://cloud.google.com/automl/,References,"""URLs with schemes such as http, https, ftp, sftp, git, magnet"", URLs with subdomain, URLs with trailing slashes, ""URLs with paths, query Strings, and fragments""",embedded in references,,GenURL
1902.05009,1.0,https://doi.org/10.1145/3290605.3300911,Abstract,"""URLs with schemes such as http, https, ftp, sftp, git, magnet"", ""URLs with paths, query Strings, and fragments""",embedded in footnotes,,APS
1902.05009,1.0,https://doi.org/10.1145/3290605.3300911,Abstract,"""URLs with schemes such as http, https, ftp, sftp, git, magnet"", ""URLs with paths, query Strings, and fragments""",split across lines,Hidden in metadata,APS
1902.05009,2.0,https://github.com/HDI-Project/ATMSeer,Introduction,"""URLs with schemes such as http, https, ftp, sftp, git, magnet"", ""URLs with paths, query Strings, and fragments""",embedded in footnotes,,Project
1902.05009,11.0,https://medium.com/@MLJARofficial/automl-comparison-4b01229fae5e,References,"""URLs with schemes such as http, https, ftp, sftp, git, magnet"", ""URLs with paths, query Strings, and fragments""","split across lines, embedded in references",,GenURL
1902.05009,11.0,https://mljar.com/,References,"""URLs with schemes such as http, https, ftp, sftp, git, magnet"", URLs with trailing slashes",embedded in references,,TPS
1902.05009,11.0,https://sigopt.com/,References,"""URLs with schemes such as http, https, ftp, sftp, git, magnet"", URLs with trailing slashes",embedded in references,,TPS
1902.05009,11.0,https://www.openml.org/d/949,References,"""URLs with schemes such as http, https, ftp, sftp, git, magnet"", ""URLs with paths, query Strings, and fragments""","split across lines, embedded in references",,TPD
1902.06636,14.0,http://arxiv.org/abs/1602.08296,References,"""URLs with schemes such as http, https, ftp, sftp, git, magnet"", ""URLs with paths, query Strings, and fragments""",embedded in references,Hidden in annotation layers,GenURL
1902.06636,14.0,http://arxiv.org/abs/1801.02634,References,"""URLs with schemes such as http, https, ftp, sftp, git, magnet"", ""URLs with paths, query Strings, and fragments""",embedded in references,Hidden in annotation layers,Project
1902.06636,14.0,http://arxiv.org/abs/1807.06208,References,"""URLs with schemes such as http, https, ftp, sftp, git, magnet"", ""URLs with paths, query Strings, and fragments""",embedded in references,Hidden in annotation layers,GenURL
1902.06636,4.0,https://healpix.jpl.nasa.gov/html/facilitiesnode8.htm,Methodology,"""URLs with schemes such as http, https, ftp, sftp, git, magnet"", URLs with subdomain, ""URLs with paths, query Strings, and fragments""",split across lines,,GenURL
1902.06636,10.0,http://javiercarron.com/publications,Results and Discussion,"""URLs with schemes such as http, https, ftp, sftp, git, magnet"", ""URLs with paths, query Strings, and fragments""",,,GenURL
1902.06636,13.0,http://www.esa.int/Planck,References,"""URLs with schemes such as http, https, ftp, sftp, git, magnet"", ""URLs with paths, query Strings, and fragments""",split across lines,,GenURL
1902.06636,14.0,https://cosmologist.info/notes/CAMB.pdf,References,"""URLs with schemes such as http, https, ftp, sftp, git, magnet"", ""URLs with paths, query Strings, and fragments""","split across lines, embedded in references",,GenURL
1902.08379,12.0,http://dx.doi.org/10.1287/opre.4.5.503,References,"""URLs with schemes such as http, https, ftp, sftp, git, magnet"", URLs with subdomain, ""URLs with paths, query Strings, and fragments""",embedded in references,,GenURL
1902.08379,13.0,http://gamma.cs.unc.edu/RVO2/,References,"""URLs with schemes such as http, https, ftp, sftp, git, magnet"", URLs with subdomain, ""URLs with paths, query Strings, and fragments"", URLs with trailing slashes",embedded in references,,TPS
1902.08379,11.0,https://doi.org/10.1007/s10846-016-0338-z,References,"""URLs with schemes such as http, https, ftp, sftp, git, magnet"", ""URLs with paths, query Strings, and fragments""",embedded in references,,GenURL
1902.08379,12.0,https://doi.org/10.1145/967900.967919,References,"""URLs with schemes such as http, https, ftp, sftp, git, magnet"", ""URLs with paths, query Strings, and fragments""",embedded in references,,GenURL
1902.10875,8.0,http://dx.doi.org/10.1007/s00158-011-0666-3,References,"""URLs with schemes such as http, https, ftp, sftp, git, magnet"", ""URLs with paths, query Strings, and fragments""",embedded in references,Hidden in annotation layers,TPS
1902.10875,8.0,http://dx.doi.org/10.5281/zenodo.11365,References,"""URLs with schemes such as http, https, ftp, sftp, git, magnet"", ""URLs with paths, query Strings, and fragments""","split across lines, embedded in references",Hidden in annotation layers,TPS
1902.10875,1.0,http://research.intusurg.com/dvrkwiki,Introduction,"""URLs with schemes such as http, https, ftp, sftp, git, magnet"", URLs with subdomain, ""URLs with paths, query Strings, and fragments""",embedded in footnotes,,GenURL
1902.10875,8.0,https://github.com/cvxgrp/scs,References,"""URLs with schemes such as http, https, ftp, sftp, git, magnet"", ""URLs with paths, query Strings, and fragments""","split across lines, embedded in references",,Project
1902.10875,7.0,https://github.com/WPI-AIM/dvrk_dynamics_identification,Conclusions,"""URLs with schemes such as http, https, ftp, sftp, git, magnet"", ""URLs with paths, query Strings, and fragments""",embedded in footnotes,,Project
1902.10875,8.0,https://zenodo.org/record/11365,References,"""URLs with schemes such as http, https, ftp, sftp, git, magnet"", ""URLs with paths, query Strings, and fragments""","split across lines, embedded in references",,TPS
2001.00228,4.0,http://openedx.seas.gwu.edu,Methodology,"""URLs with schemes such as http, https, ftp, sftp, git, magnet"", URLs with subdomain",,,GenURL
2001.00228,7.0,http://lorenabarba.com,References,"""URLs with schemes such as http, https, ftp, sftp, git, magnet""",,,GenURL
2001.00228,7.0,http://openedgroup.org/fellowship,References,"""URLs with schemes such as http, https, ftp, sftp, git, magnet"", ""URLs with paths, query Strings, and fragments""",,Hidden in annotation layers,GenURL
2001.00228,7.0,https://doi.org/10.21105/jose.00021,References,"""URLs with schemes such as http, https, ftp, sftp, git, magnet"", ""URLs with paths, query Strings, and fragments""",embedded in references,Hidden in annotation layers,TPS
2001.00228,3.0,https://github.com/engineersCode/EngComp,Methodology,"""URLs with schemes such as http, https, ftp, sftp, git, magnet"", ""URLs with paths, query Strings, and fragments""",split across lines,,Project
2001.00228,5.0,https://github.com/ibleducation/jupyter-edx-grader-xblock,Methodology,"""URLs with schemes such as http, https, ftp, sftp, git, magnet"", ""URLs with paths, query Strings, and fragments""",split across lines,,Project
2001.00228,5.0,https://github.com/ibleducation/jupyter-viewer-xblock,Methodology,"""URLs with schemes such as http, https, ftp, sftp, git, magnet"", ""URLs with paths, query Strings, and fragments""",split across lines,,Project
2001.00228,7.0,https://numfocus.org,References,"""URLs with schemes such as http, https, ftp, sftp, git, magnet""",,,GenURL
2001.00228,3.0,https://youtu.be/4-P0gptDT40,Methodology,"""URLs with schemes such as http, https, ftp, sftp, git, magnet"", ""URLs with paths, query Strings, and fragments""",,,GenURL
2001.02746,11.0,http://dx.doi.org/0.1145/2556288.2557327,References,"""URLs with schemes such as http, https, ftp, sftp, git, magnet"", URLs with subdomain, ""URLs with paths, query Strings, and fragments""",embedded in references,,GenURL
2001.02746,11.0,http://dx.doi.org/10.1002/(SICI)1521-4036(200001)42:1<17::AID-BIMJ17>3.0.CO;2-U,References,"""URLs with schemes such as http, https, ftp, sftp, git, magnet""","split across lines, embedded in references",,GenURL
2001.02746,13.0,http://dx.doi.org/10.1002/j.2162-6057.2001.tb01045.x,References,"""URLs with schemes such as http, https, ftp, sftp, git, magnet"", URLs with subdomain, ""URLs with paths, query Strings, and fragments""",embedded in references,,GenURL
2001.02746,11.0,http://dx.doi.org/10.1002/sim.3561,References,"""URLs with schemes such as http, https, ftp, sftp, git, magnet"", URLs with subdomain, ""URLs with paths, query Strings, and fragments""",embedded in references,,GenURL
2001.02746,12.0,http://dx.doi.org/10.1007/978-0-85729-224-7_22,References,"""URLs with schemes such as http, https, ftp, sftp, git, magnet"", URLs with subdomain, ""URLs with paths, query Strings, and fragments""",embedded in references,,GenURL
2001.02746,12.0,http://dx.doi.org/10.1007/978-3-319-27261-0_50,References,"""URLs with schemes such as http, https, ftp, sftp, git, magnet"", URLs with subdomain, ""URLs with paths, query Strings, and fragments""",embedded in references,,GenURL
2001.02746,13.0,http://dx.doi.org/10.1007/978-3-642-87617-2_14,References,"""URLs with schemes such as http, https, ftp, sftp, git, magnet"", URLs with subdomain, ""URLs with paths, query Strings, and fragments""",embedded in references,,GenURL
2001.02746,13.0,http://dx.doi.org/10.1007/s00163-015-0212-1,References,"""URLs with schemes such as http, https, ftp, sftp, git, magnet"", URLs with subdomain, ""URLs with paths, query Strings, and fragments""",embedded in references,,GenURL
2001.02746,12.0,http://dx.doi.org/10.1016/0142-694X(91)90003-F,References,"""URLs with schemes such as http, https, ftp, sftp, git, magnet"", URLs with subdomain, ""URLs with paths, query Strings, and fragments""",embedded in references,,GenURL
2001.02746,12.0,http://dx.doi.org/10.1016/j.csda.2006.05.024,References,"""URLs with schemes such as http, https, ftp, sftp, git, magnet"", URLs with subdomain, ""URLs with paths, query Strings, and fragments""",embedded in references,,GenURL
2001.02746,12.0,http://dx.doi.org/10.1016/j.destud.2007.09.001,References,"""URLs with schemes such as http, https, ftp, sftp, git, magnet"", URLs with subdomain, ""URLs with paths, query Strings, and fragments""",embedded in references,,GenURL
2001.02746,13.0,http://dx.doi.org/10.1016/S0142-694X(02)00034-0,References,"""URLs with schemes such as http, https, ftp, sftp, git, magnet"", URLs with subdomain, ""URLs with paths, query Strings, and fragments""",embedded in references,,GenURL
2001.02746,12.0,http://dx.doi.org/10.1016/S0166-4115(08)62386-9,References,"""URLs with schemes such as http, https, ftp, sftp, git, magnet"", URLs with subdomain, ""URLs with paths, query Strings, and fragments""",embedded in references,,GenURL
2001.02746,13.0,http://dx.doi.org/10.1017/S0890060400000536,References,"""URLs with schemes such as http, https, ftp, sftp, git, magnet"", URLs with subdomain, ""URLs with paths, query Strings, and fragments""",embedded in references,,GenURL
2001.02746,11.0,http://dx.doi.org/10.1037/h0021659,References,"""URLs with schemes such as http, https, ftp, sftp, git, magnet"", URLs with subdomain, ""URLs with paths, query Strings, and fragments""",embedded in references,,GenURL
2001.02746,12.0,http://dx.doi.org/10.1037/h0040755,References,"""URLs with schemes such as http, https, ftp, sftp, git, magnet"", URLs with subdomain, ""URLs with paths, query Strings, and fragments""",embedded in references,,GenURL
2001.02746,12.0,http://dx.doi.org/10.1037/h0046364,References,"""URLs with schemes such as http, https, ftp, sftp, git, magnet"", URLs with subdomain, ""URLs with paths, query Strings, and fragments""",embedded in references,,GenURL
2001.02746,12.0,http://dx.doi.org/10.1037/h0048850,References,"""URLs with schemes such as http, https, ftp, sftp, git, magnet"", URLs with subdomain, ""URLs with paths, query Strings, and fragments""",embedded in references,,GenURL
2001.02746,12.0,http://dx.doi.org/10.1037/h0093502,References,"""URLs with schemes such as http, https, ftp, sftp, git, magnet"", URLs with subdomain, ""URLs with paths, query Strings, and fragments""",embedded in references,,GenURL
2001.02746,11.0,http://dx.doi.org/10.1037/h0093599,References,"""URLs with schemes such as http, https, ftp, sftp, git, magnet"", URLs with subdomain, ""URLs with paths, query Strings, and fragments""",embedded in references,,GenURL
2001.02746,11.0,http://dx.doi.org/10.1057/palgrave.ivs.9500131,References,"""URLs with schemes such as http, https, ftp, sftp, git, magnet"", URLs with subdomain, ""URLs with paths, query Strings, and fragments""",embedded in references,,GenURL
2001.02746,11.0,http://dx.doi.org/10.1080/00031305.2017.1305291,References,"""URLs with schemes such as http, https, ftp, sftp, git, magnet"", URLs with subdomain, ""URLs with paths, query Strings, and fragments""",embedded in references,,GenURL
2001.02746,12.0,http://dx.doi.org/10.1080/21650349.2018.1463178,References,"""URLs with schemes such as http, https, ftp, sftp, git, magnet"", URLs with subdomain, ""URLs with paths, query Strings, and fragments""",embedded in references,,GenURL
2001.02746,11.0,http://dx.doi.org/10.1111/1467-8721.00202,References,"""URLs with schemes such as http, https, ftp, sftp, git, magnet"", URLs with subdomain, ""URLs with paths, query Strings, and fragments""",embedded in references,,GenURL
2001.02746,11.0,http://dx.doi.org/10.1115/1.2830844,References,"""URLs with schemes such as http, https, ftp, sftp, git, magnet"", URLs with subdomain, ""URLs with paths, query Strings, and fragments""",embedded in references,,GenURL
2001.02746,11.0,http://dx.doi.org/10.1115/detc2016-59926,References,"""URLs with schemes such as http, https, ftp, sftp, git, magnet"", URLs with subdomain, ""URLs with paths, query Strings, and fragments""",embedded in references,,GenURL
2001.02746,12.0,http://dx.doi.org/10.1145/1254960.1254987,References,"""URLs with schemes such as http, https, ftp, sftp, git, magnet"", URLs with subdomain, ""URLs with paths, query Strings, and fragments""",embedded in references,,GenURL
2001.02746,13.0,http://dx.doi.org/10.1145/1718918.1718938,References,"""URLs with schemes such as http, https, ftp, sftp, git, magnet"", URLs with subdomain, ""URLs with paths, query Strings, and fragments""",embedded in references,,TPS
2001.02746,11.0,http://dx.doi.org/10.1145/2076354.2076386,References,"""URLs with schemes such as http, https, ftp, sftp, git, magnet"", URLs with subdomain, ""URLs with paths, query Strings, and fragments""",embedded in references,,GenURL
2001.02746,12.0,http://dx.doi.org/10.1145/237091.237119,References,"""URLs with schemes such as http, https, ftp, sftp, git, magnet"", URLs with subdomain, ""URLs with paths, query Strings, and fragments""",embedded in references,,GenURL
2001.02746,11.0,http://dx.doi.org/10.1145/2399016.2399069,References,"""URLs with schemes such as http, https, ftp, sftp, git, magnet"", URLs with subdomain, ""URLs with paths, query Strings, and fragments""",embedded in references,,GenURL
2001.02746,13.0,http://dx.doi.org/10.1145/2556288.2557394,References,"""URLs with schemes such as http, https, ftp, sftp, git, magnet"", URLs with subdomain, ""URLs with paths, query Strings, and fragments""",embedded in references,,TPS
2001.02746,13.0,http://dx.doi.org/10.1145/2675133.2675239,References,"""URLs with schemes such as http, https, ftp, sftp, git, magnet"", URLs with subdomain, ""URLs with paths, query Strings, and fragments""",embedded in references,,GenURL
2001.02746,13.0,http://dx.doi.org/10.1145/2757226.2757230,References,"""URLs with schemes such as http, https, ftp, sftp, git, magnet"", URLs with subdomain, ""URLs with paths, query Strings, and fragments""",embedded in references,,GenURL
2001.02746,12.0,http://dx.doi.org/10.1145/2939672.2939754,References,"""URLs with schemes such as http, https, ftp, sftp, git, magnet"", URLs with subdomain, ""URLs with paths, query Strings, and fragments""",embedded in references,,TPS
2001.02746,13.0,http://dx.doi.org/10.1145/2998181.2998208,References,"""URLs with schemes such as http, https, ftp, sftp, git, magnet"", URLs with subdomain, ""URLs with paths, query Strings, and fragments""",embedded in references,,GenURL
2001.02746,11.0,http://dx.doi.org/10.1145/3025453.3025464,References,"""URLs with schemes such as http, https, ftp, sftp, git, magnet"", URLs with subdomain, ""URLs with paths, query Strings, and fragments""",embedded in references,,GenURL
2001.02746,12.0,http://dx.doi.org/10.1145/3025453.3025825,References,"""URLs with schemes such as http, https, ftp, sftp, git, magnet"", URLs with subdomain, ""URLs with paths, query Strings, and fragments""",embedded in references,,GenURL
2001.02746,11.0,http://dx.doi.org/10.1145/3059454.3059477,References,"""URLs with schemes such as http, https, ftp, sftp, git, magnet"", URLs with subdomain, ""URLs with paths, query Strings, and fragments""",embedded in references,,GenURL
2001.02746,11.0,http://dx.doi.org/10.1145/317426.317444,References,"""URLs with schemes such as http, https, ftp, sftp, git, magnet"", URLs with subdomain, ""URLs with paths, query Strings, and fragments""",embedded in references,,TPS
2001.02746,1.0,http://dx.doi.org/10.1145/3313831.3376746,Footer,"""URLs with schemes such as http, https, ftp, sftp, git, magnet"", URLs with subdomain, ""URLs with paths, query Strings, and fragments""",embedded in footnotes,,TPS
2001.02746,11.0,http://dx.doi.org/10.1145/3325480.3325497,References,"""URLs with schemes such as http, https, ftp, sftp, git, magnet"", URLs with subdomain, ""URLs with paths, query Strings, and fragments""",embedded in references,,TPS
2001.02746,12.0,http://dx.doi.org/10.1287/mnsc.40.11.1514,References,"""URLs with schemes such as http, https, ftp, sftp, git, magnet"", URLs with subdomain, ""URLs with paths, query Strings, and fragments""",embedded in references,,TPS
2001.02746,12.0,http://dx.doi.org/10.1515/humor-2012-0015,References,"""URLs with schemes such as http, https, ftp, sftp, git, magnet"", URLs with subdomain, ""URLs with paths, query Strings, and fragments""",embedded in references,,GenURL
2001.02746,11.0,http://dx.doi.org/10.2466/PR0.4.3.343-350,References,"""URLs with schemes such as http, https, ftp, sftp, git, magnet"", URLs with subdomain, ""URLs with paths, query Strings, and fragments""",embedded in references,,GenURL
2001.02746,11.0,http://dx.doi.org/10.2514/6.2019-2347,References,"""URLs with schemes such as http, https, ftp, sftp, git, magnet"", URLs with subdomain, ""URLs with paths, query Strings, and fragments""",embedded in references,,GenURL
2001.02746,12.0,http://dx.doi.org/10.3233/jid-2013-0018,References,"""URLs with schemes such as http, https, ftp, sftp, git, magnet"", URLs with subdomain, ""URLs with paths, query Strings, and fragments""",embedded in references,,GenURL
2001.02746,12.0,http://dx.doi.org/10.5281/zenodo.2596847,References,"""URLs with schemes such as http, https, ftp, sftp, git, magnet"", URLs with subdomain, ""URLs with paths, query Strings, and fragments""",embedded in references,,GenURL
2001.02746,12.0,https://mindnode.com/,References,"""URLs with schemes such as http, https, ftp, sftp, git, magnet"", URLs with trailing slashes",embedded in references,,TPS
2001.02746,12.0,https://www.mindmeister.com/,References,"""URLs with schemes such as http, https, ftp, sftp, git, magnet"", URLs with trailing slashes",embedded in references,,TPS
2001.02746,12.0,https://www.mindomo.com/,References,"""URLs with schemes such as http, https, ftp, sftp, git, magnet"", URLs with trailing slashes",embedded in references,,TPS
2001.05815,1.0,http://arxiv.org/abs/2001.05815v1,Header,"""URLs with schemes such as http, https, ftp, sftp, git, magnet"", ""URLs with paths, query Strings, and fragments""",,"Hidden in annotation layers, Hidden in metadata",GenURL
2001.05815,11.0,https://arxiv.org/abs/1705.03585,References,"""URLs with schemes such as http, https, ftp, sftp, git, magnet"", ""URLs with paths, query Strings, and fragments""",embedded in references,,GenURL
2001.05815,11.0,https://arxiv.org/abs/1707.02226,References,"""URLs with schemes such as http, https, ftp, sftp, git, magnet"", ""URLs with paths, query Strings, and fragments""",embedded in references,,GenURL
2001.05815,11.0,https://arxiv.org/abs/1905.03797,References,"""URLs with schemes such as http, https, ftp, sftp, git, magnet"", ""URLs with paths, query Strings, and fragments""",embedded in references,,GenURL
2001.11605,1.0,https://www.minorplanetcenter.net/mpec/K19/K19RA6.html,Introduction,"""URLs with schemes such as http, https, ftp, sftp, git, magnet"", ""URLs with paths, query Strings, and fragments""",embedded in footnotes,,GenURL
2001.11605,9.0,http://doi.org/10.1006/icar.1995.1190,References,"""URLs with schemes such as http, https, ftp, sftp, git, magnet"", ""URLs with paths, query Strings, and fragments""",embedded in references,Hidden in annotation layers,TPD
2001.11605,10.0,http://doi.org/10.1006/icar.2000.6383,References,"""URLs with schemes such as http, https, ftp, sftp, git, magnet"", ""URLs with paths, query Strings, and fragments""",embedded in references,Hidden in annotation layers,GenURL
2001.11605,10.0,http://doi.org/10.1006/icar.2000.6420,References,"""URLs with schemes such as http, https, ftp, sftp, git, magnet"", ""URLs with paths, query Strings, and fragments""",embedded in references,Hidden in annotation layers,GenURL
2001.11605,10.0,http://doi.org/10.1006/icar.2002.6850,References,"""URLs with schemes such as http, https, ftp, sftp, git, magnet"", ""URLs with paths, query Strings, and fragments""",embedded in references,Hidden in annotation layers,GenURL
2001.11605,11.0,http://doi.org/10.1007/BF00896489,References,"""URLs with schemes such as http, https, ftp, sftp, git, magnet"", ""URLs with paths, query Strings, and fragments""",embedded in references,Hidden in annotation layers,GenURL
2001.11605,10.0,http://doi.org/10.1016/j.icarus.2008.12.044,References,"""URLs with schemes such as http, https, ftp, sftp, git, magnet"", ""URLs with paths, query Strings, and fragments""",embedded in references,Hidden in annotation layers,GenURL
2001.11605,10.0,http://doi.org/10.1016/j.icarus.2011.02.007,References,"""URLs with schemes such as http, https, ftp, sftp, git, magnet"", ""URLs with paths, query Strings, and fragments""",embedded in references,Hidden in annotation layers,GenURL
2001.11605,10.0,http://doi.org/10.1016/j.icarus.2011.12.010,References,"""URLs with schemes such as http, https, ftp, sftp, git, magnet"", ""URLs with paths, query Strings, and fragments""",embedded in references,Hidden in annotation layers,GenURL
2001.11605,10.0,http://doi.org/10.1016/j.pss.2003.12.002,References,"""URLs with schemes such as http, https, ftp, sftp, git, magnet"", ""URLs with paths, query Strings, and fragments""",embedded in references,Hidden in annotation layers,GenURL
2001.11605,10.0,http://doi.org/10.1038/nature25020,References,"""URLs with schemes such as http, https, ftp, sftp, git, magnet"", ""URLs with paths, query Strings, and fragments""",embedded in references,Hidden in annotation layers,GenURL
2001.11605,10.0,http://doi.org/10.1038/s41550-019-0816-x,References,"""URLs with schemes such as http, https, ftp, sftp, git, magnet"", ""URLs with paths, query Strings, and fragments""",embedded in references,Hidden in annotation layers,GenURL
2001.11605,10.0,http://doi.org/10.1038/s41550-019-0931-8,References,"""URLs with schemes such as http, https, ftp, sftp, git, magnet"", ""URLs with paths, query Strings, and fragments""",embedded in references,Hidden in annotation layers,GenURL
2001.11605,10.0,http://doi.org/10.1038/s41586-018-0254-4,References,"""URLs with schemes such as http, https, ftp, sftp, git, magnet"", ""URLs with paths, query Strings, and fragments""",embedded in references,Hidden in annotation layers,GenURL
2001.11605,10.0,http://doi.org/10.1051/0004-6361/201527628,References,"""URLs with schemes such as http, https, ftp, sftp, git, magnet"", ""URLs with paths, query Strings, and fragments""",embedded in references,Hidden in annotation layers,GenURL
2001.11605,10.0,http://doi.org/10.1051/0004-6361/201833582,References,"""URLs with schemes such as http, https, ftp, sftp, git, magnet"", ""URLs with paths, query Strings, and fragments""",embedded in references,Hidden in annotation layers,GenURL
2001.11605,10.0,http://doi.org/10.1051/0004-6361/201833960,References,"""URLs with schemes such as http, https, ftp, sftp, git, magnet"", ""URLs with paths, query Strings, and fragments""",embedded in references,Hidden in annotation layers,GenURL
2001.11605,10.0,http://doi.org/10.1051/0004-6361/201936959,References,"""URLs with schemes such as http, https, ftp, sftp, git, magnet"", ""URLs with paths, query Strings, and fragments""",embedded in references,Hidden in annotation layers,GenURL
2001.11605,10.0,http://doi.org/10.1086/169155,References,"""URLs with schemes such as http, https, ftp, sftp, git, magnet"", ""URLs with paths, query Strings, and fragments""",embedded in references,Hidden in annotation layers,GenURL
2001.11605,10.0,http://doi.org/10.1086/173824,References,"""URLs with schemes such as http, https, ftp, sftp, git, magnet"", ""URLs with paths, query Strings, and fragments""",embedded in references,Hidden in annotation layers,GenURL
2001.11605,10.0,http://doi.org/10.1088/0004-6256/136/5/2204,References,"""URLs with schemes such as http, https, ftp, sftp, git, magnet"", ""URLs with paths, query Strings, and fragments""",embedded in references,Hidden in annotation layers,GenURL
2001.11605,10.0,http://doi.org/10.1088/0004-6256/147/1/24,References,"""URLs with schemes such as http, https, ftp, sftp, git, magnet"", ""URLs with paths, query Strings, and fragments""",embedded in references,Hidden in annotation layers,GenURL
2001.11605,10.0,http://doi.org/10.1088/0004-637X/704/1/733,References,"""URLs with schemes such as http, https, ftp, sftp, git, magnet"", ""URLs with paths, query Strings, and fragments""",embedded in references,Hidden in annotation layers,GenURL
2001.11605,10.0,http://doi.org/10.1093/mnras/stz075,References,"""URLs with schemes such as http, https, ftp, sftp, git, magnet"", ""URLs with paths, query Strings, and fragments""",embedded in references,Hidden in annotation layers,GenURL
2001.11605,9.0,http://doi.org/10.1117/12.856027,References,"""URLs with schemes such as http, https, ftp, sftp, git, magnet"", ""URLs with paths, query Strings, and fragments""",embedded in references,Hidden in annotation layers,GenURL
2001.11605,10.0,http://doi.org/10.1126/science.257.5078.1926,References,"""URLs with schemes such as http, https, ftp, sftp, git, magnet"", ""URLs with paths, query Strings, and fragments""",embedded in references,Hidden in annotation layers,GenURL
2001.11605,10.0,http://doi.org/10.3847/0004-637X/825/1/51,References,"""URLs with schemes such as http, https, ftp, sftp, git, magnet"", ""URLs with paths, query Strings, and fragments""",embedded in references,Hidden in annotation layers,GenURL
2001.11605,10.0,http://doi.org/10.3847/0067-0049/226/1/3,References,"""URLs with schemes such as http, https, ftp, sftp, git, magnet"", ""URLs with paths, query Strings, and fragments""",embedded in references,Hidden in annotation layers,GenURL
2001.11605,10.0,http://doi.org/10.3847/1538-3881/aa5c8a,References,"""URLs with schemes such as http, https, ftp, sftp, git, magnet"", ""URLs with paths, query Strings, and fragments""",embedded in references,Hidden in annotation layers,GenURL
2001.11605,10.0,http://doi.org/10.3847/2041-8213/aa9989,References,"""URLs with schemes such as http, https, ftp, sftp, git, magnet"", ""URLs with paths, query Strings, and fragments""",embedded in references,Hidden in annotation layers,GenURL
2001.11605,10.0,http://doi.org/10.3847/2515-5172/ab449c,References,"""URLs with schemes such as http, https, ftp, sftp, git, magnet"", ""URLs with paths, query Strings, and fragments""",embedded in references,Hidden in annotation layers,GenURL
2001.11605,10.0,http://doi.org/10.3847/2515-5172/ab5f69,References,"""URLs with schemes such as http, https, ftp, sftp, git, magnet"", ""URLs with paths, query Strings, and fragments""",embedded in references,Hidden in annotation layers,GenURL
2001.11605,1.0,http://orcid.org/0000-0001-8617-2425,Title & Authors,"""URLs with schemes such as http, https, ftp, sftp, git, magnet"", ""URLs with paths, query Strings, and fragments""",,Hidden in annotation layers,GenURL
2001.11605,1.0,http://orcid.org/0000-0001-8923-488X,Title & Authors,"""URLs with schemes such as http, https, ftp, sftp, git, magnet"", ""URLs with paths, query Strings, and fragments""",,Hidden in annotation layers,GenURL
2001.11605,1.0,http://orcid.org/0000-0001-9784-6886,Title & Authors,"""URLs with schemes such as http, https, ftp, sftp, git, magnet"", ""URLs with paths, query Strings, and fragments""",,Hidden in annotation layers,GenURL
2001.11605,1.0,http://orcid.org/0000-0002-9298-7484,Title & Authors,"""URLs with schemes such as http, https, ftp, sftp, git, magnet"", ""URLs with paths, query Strings, and fragments""",,Hidden in annotation layers,GenURL
2001.11605,1.0,http://orcid.org/0000-0003-0250-9911,Title & Authors,"""URLs with schemes such as http, https, ftp, sftp, git, magnet"", ""URLs with paths, query Strings, and fragments""",,Hidden in annotation layers,GenURL
2001.11605,1.0,http://orcid.org/0000-0003-2354-0766,Title & Authors,"""URLs with schemes such as http, https, ftp, sftp, git, magnet"", ""URLs with paths, query Strings, and fragments""",,Hidden in annotation layers,GenURL
2001.11605,1.0,http://orcid.org/0000-0003-2781-6897,Title & Authors,"""URLs with schemes such as http, https, ftp, sftp, git, magnet"", ""URLs with paths, query Strings, and fragments""",,Hidden in annotation layers,GenURL
2001.11605,1.0,http://orcid.org/0000-0003-3257-4490,Title & Authors,"""URLs with schemes such as http, https, ftp, sftp, git, magnet"", ""URLs with paths, query Strings, and fragments""",,Hidden in annotation layers,GenURL
2001.11605,1.0,http://orcid.org/0000-0003-4365-1455,Title & Authors,"""URLs with schemes such as http, https, ftp, sftp, git, magnet"", ""URLs with paths, query Strings, and fragments""",,Hidden in annotation layers,GenURL
2001.11605,2.0,https://ssd.jpl.nasa.gov/sbdb.cgi?sstr=2I;old=0;orb=0;cov=0;log=0;cad=0\#elem,Introduction,"""URLs with schemes such as http, https, ftp, sftp, git, magnet"", URLs with subdomain, ""URLs with paths, query Strings, and fragments"", URLs with escape characters","split across lines, embedded in footnotes",,TPD
2001.11605,3.0,http://www.eso.org/sci/software/pipelines/muse/muse-pipe-recipes.html,Methodology,"""URLs with schemes such as http, https, ftp, sftp, git, magnet"", ""URLs with paths, query Strings, and fragments""","embedded in footnotes, split across lines",,TPS
2001.11605,10.0,https://arxiv.org/abs/1909.12144,References,"""URLs with schemes such as http, https, ftp, sftp, git, magnet"", ""URLs with paths, query Strings, and fragments""",embedded in references,,GenURL
2001.11605,10.0,https://arxiv.org/abs/1910.02547,References,"""URLs with schemes such as http, https, ftp, sftp, git, magnet"", ""URLs with paths, query Strings, and fragments""",embedded in references,,GenURL
2001.11605,10.0,https://arxiv.org/abs/1910.03222,References,"""URLs with schemes such as http, https, ftp, sftp, git, magnet"", ""URLs with paths, query Strings, and fragments""",embedded in references,,GenURL
2001.11605,10.0,https://arxiv.org/abs/1910.12785,References,"""URLs with schemes such as http, https, ftp, sftp, git, magnet"", ""URLs with paths, query Strings, and fragments""",embedded in references,,GenURL
2001.11605,10.0,https://arxiv.org/abs/1910.14004,References,"""URLs with schemes such as http, https, ftp, sftp, git, magnet"", ""URLs with paths, query Strings, and fragments""",embedded in references,,GenURL
2001.11605,11.0,https://arxiv.org/abs/1911.05902,References,"""URLs with schemes such as http, https, ftp, sftp, git, magnet"", ""URLs with paths, query Strings, and fragments""",embedded in references,,GenURL
2001.11605,11.0,https://arxiv.org/abs/1912.05318,References,"""URLs with schemes such as http, https, ftp, sftp, git, magnet"", ""URLs with paths, query Strings, and fragments""",embedded in references,,GenURL
2001.11605,10.0,https://arxiv.org/abs/1912.05422,References,"""URLs with schemes such as http, https, ftp, sftp, git, magnet"", ""URLs with paths, query Strings, and fragments""",embedded in references,,GenURL
2001.11605,10.0,https://arxiv.org/abs/1912.06161,References,"""URLs with schemes such as http, https, ftp, sftp, git, magnet"", ""URLs with paths, query Strings, and fragments""",embedded in references,,GenURL
2001.11605,11.0,https://arxiv.org/abs/2001.04865,References,"""URLs with schemes such as http, https, ftp, sftp, git, magnet"", ""URLs with paths, query Strings, and fragments""",embedded in references,,GenURL
2001.11605,10.0,http://www.cbat.eps.harvard.edu/iau/cbet/004600/CBET004691.txt,References,"""URLs with schemes such as http, https, ftp, sftp, git, magnet"", URLs with subdomain, ""URLs with paths, query Strings, and fragments""","split across lines, embedded in references",,GenURL
2001.11605,11.0,http://ascl.net/1610.004,References,"""URLs with schemes such as http, https, ftp, sftp, git, magnet"", ""URLs with paths, query Strings, and fragments""",embedded in references,,TPS
2001.11605,1.0,mailto:michele.t.bannister@gmail.com,Footer,"""URLs with schemes such as http, https, ftp, sftp, git, magnet""",embedded in footnotes,,GenURL
2002.0745,5.0,https://lirias.kuleuven.be/retrieve/531418,References,"""URLs with schemes such as http, https, ftp, sftp, git, magnet"", URLs with subdomain, ""URLs with paths, query Strings, and fragments""","split across lines, embedded in references",,GenURL
2002.0745,5.0,https://www.esat.kuleuven.be/psi/spraak/downloads/,References,"""URLs with schemes such as http, https, ftp, sftp, git, magnet"", URLs with subdomain, URLs with trailing slashes, ""URLs with paths, query Strings, and fragments""","split across lines, embedded in references",,TPD
2002.0745,5.0,https://www.fluent.ai/research/fluent-speech-commands/,References,"""URLs with schemes such as http, https, ftp, sftp, git, magnet"", ""URLs with paths, query Strings, and fragments"", URLs with trailing slashes","split across lines, embedded in references",,TPD
2002.07795,9.0,http://images.nvidia.com/content/volta-architecture/pdf/volta-architecture-whitepaper.pdf,References,"""URLs with schemes such as http, https, ftp, sftp, git, magnet"", URLs with subdomain, ""URLs with paths, query Strings, and fragments""","split across lines, embedded in references",,GenURL
2002.07795,9.0,http://man7.org/linux/man-pages/man8/ld.so.8.html,References,"""URLs with schemes such as http, https, ftp, sftp, git, magnet"", ""URLs with paths, query Strings, and fragments""",embedded in references,,GenURL
2002.07795,9.0,https://docs.nvidia.com/cuda/cuda-compiler-driver-nvcc,References,"""URLs with schemes such as http, https, ftp, sftp, git, magnet"", URLs with subdomain, ""URLs with paths, query Strings, and fragments""",embedded in references,,TPS
2002.07795,9.0,https://docs.nvidia.com/cuda/cuda-runtime-api,References,"""URLs with schemes such as http, https, ftp, sftp, git, magnet"", ""URLs with paths, query Strings, and fragments"", URLs with subdomain",embedded in references,,TPS
2002.07795,9.0,https://docs.nvidia.com/cuda/pdf/CUDABinaryUtilities.pdf,References,"""URLs with schemes such as http, https, ftp, sftp, git, magnet"", URLs with subdomain, ""URLs with paths, query Strings, and fragments""",embedded in references,,GenURL
2002.07795,9.0,https://docs.nvidia.com/cuda/pdf/ptxisa6.4.pdf,References,"""URLs with schemes such as http, https, ftp, sftp, git, magnet"", URLs with subdomain, ""URLs with paths, query Strings, and fragments""",embedded in references,,GenURL
2002.07795,9.0,https://docs.nvidia.com/deploy/nvml-api,References,"""URLs with schemes such as http, https, ftp, sftp, git, magnet"", URLs with subdomain, ""URLs with paths, query Strings, and fragments""",embedded in references,,TPS
2002.07795,9.0,https://github.com/NervanaSystems/maxas,References,"""URLs with schemes such as http, https, ftp, sftp, git, magnet"", ""URLs with paths, query Strings, and fragments""",embedded in references,,Project
2002.07795,7.0,https://github.com/NMSU-PEARL/GPUs-Energy,Conclusions,"""URLs with schemes such as http, https, ftp, sftp, git, magnet"", ""URLs with paths, query Strings, and fragments""","split across lines, embedded in footnotes",,Project
2002.07795,9.0,https://icl.utk.edu/papi,References,"""URLs with schemes such as http, https, ftp, sftp, git, magnet"", URLs with subdomain, ""URLs with paths, query Strings, and fragments""",embedded in references,,TPS
2002.07795,9.0,https://scholarworks.umass.edu/dissertations_2/1164,References,"""URLs with schemes such as http, https, ftp, sftp, git, magnet"", URLs with subdomain, ""URLs with paths, query Strings, and fragments""",embedded in references,,GenURL
2002.07795,9.0,https://www.techpowerup.com/gpu-specs/geforce-gtx-1080.c2839,References,"""URLs with schemes such as http, https, ftp, sftp, git, magnet"", ""URLs with paths, query Strings, and fragments""","split across lines, embedded in references",,TPD
2002.07795,9.0,https://www.techpowerup.com/gpu-specs/geforce-gtx-titan-x.c2632,References,"""URLs with schemes such as http, https, ftp, sftp, git, magnet"", ""URLs with paths, query Strings, and fragments""","split across lines, embedded in references",,TPD
2002.07795,9.0,https://www.techpowerup.com/gpu-specs/titan-rtx.c3311,References,"""URLs with schemes such as http, https, ftp, sftp, git, magnet"", ""URLs with paths, query Strings, and fragments""",embedded in references,,TPD
2002.07898,10.0,https://app.dimensions.ai/details/publication/pub.1061614193,References,"""URLs with schemes such as http, https, ftp, sftp, git, magnet"", ""URLs with paths, query Strings, and fragments"", URLs with subdomain",embedded in references,,GenURL
2002.07898,10.0,https://doi.org/10.1016/j.patcog.2015.12.005,References,"""URLs with schemes such as http, https, ftp, sftp, git, magnet"", ""URLs with paths, query Strings, and fragments""",embedded in references,,GenURL
2002.07898,10.0,https://doi.org/10.1109/TIP.2006.881969,References,"""URLs with schemes such as http, https, ftp, sftp, git, magnet"", ""URLs with paths, query Strings, and fragments""",embedded in references,,GenURL
2002.07898,10.0,https://hal.archives-ouvertes.fr/hal-02461768,References,"""URLs with schemes such as http, https, ftp, sftp, git, magnet"", URLs with subdomain, ""URLs with paths, query Strings, and fragments""","split across lines, embedded in references",,GenURL
2002.08103,1.0,http://arxiv.org/abs/2002.08103v2,Header,"""URLs with schemes such as http, https, ftp, sftp, git, magnet"", ""URLs with paths, query Strings, and fragments""",,"Hidden in annotation layers, Hidden in metadata",GenURL
2002.08103,3.0,https://arxiv.org/abs/2002.08103,Introduction,"""URLs with schemes such as http, https, ftp, sftp, git, magnet"", ""URLs with paths, query Strings, and fragments""",,,GenURL
2002.08103,15.0,https://github.com/pmonnin/tcn3r,Methodology,"""URLs with schemes such as http, https, ftp, sftp, git, magnet""",embedded in footnotes,,Project
2002.08103,7.0,https://pgxlod.loria.fr,Results and Discussion,"""URLs with schemes such as http, https, ftp, sftp, git, magnet"", URLs with subdomain",embedded in footnotes,,TPD
2002.08103,14.0,https://pgxlod.loria.fr,Methodology,"""URLs with schemes such as http, https, ftp, sftp, git, magnet"", URLs with subdomain",embedded in footnotes,,TPD
2002.08103,14.0,https://pgxo.loria.fr,Methodology,"""URLs with schemes such as http, https, ftp, sftp, git, magnet"", URLs with subdomain",embedded in footnotes,,TPD
2002.0814,1.0,http://arxiv.org/abs/2002.08140v1,Header,"""URLs with schemes such as http, https, ftp, sftp, git, magnet"", ""URLs with paths, query Strings, and fragments""",,"Hidden in annotation layers, Hidden in metadata",GenURL
2002.0814,1.0,http://burst.sci.monash.edu/minbar/,Introduction,"""URLs with schemes such as http, https, ftp, sftp, git, magnet"", URLs with subdomain, ""URLs with paths, query Strings, and fragments"", URLs with trailing slashes",embedded in footnotes,,TPD
2002.0814,1.0,http://www.iop.org/journals/raa,Header,"""URLs with paths, query Strings, and fragments"", ""URLs with schemes such as http, https, ftp, sftp, git, magnet""",,,GenURL
2002.0814,5.0,http://AstroSat-ssc.iucaa.in/?q=laxpcData,Results and Discussion,"""URLs with schemes such as http, https, ftp, sftp, git, magnet"", URLs with subdomain, ""URLs with paths, query Strings, and fragments""",embedded in footnotes,,GenURL
2002.0814,5.0,http://heasarc.nasa.gov/ftools,Results and Discussion,"""URLs with schemes such as http, https, ftp, sftp, git, magnet"", URLs with subdomain, ""URLs with paths, query Strings, and fragments""",embedded in footnotes,,TPS
2002.0814,5.0,https://astrobrowse.issdc.gov.in/astro_archive/archive,Results and Discussion,"""URLs with schemes such as http, https, ftp, sftp, git, magnet"", URLs with subdomain, ""URLs with paths, query Strings, and fragments""",embedded in footnotes,,TPD
2002.0814,1.0,http://www.raa-journal.org,Header,"""URLs with schemes such as http, https, ftp, sftp, git, magnet""",,,GenURL
2002.0814,5.0,https://heasarc.gsfc.nasa.gov/ftools,Results and Discussion,"""URLs with schemes such as http, https, ftp, sftp, git, magnet"", URLs with subdomain, ""URLs with paths, query Strings, and fragments""",embedded in footnotes,,TPS
2002.0814,6.0,http://maxi.riken.jp/star_data/J1326-621/J1326-621.html,Results and Discussion,"""URLs with schemes such as http, https, ftp, sftp, git, magnet"", URLs with subdomain, ""URLs with paths, query Strings, and fragments""",embedded in footnotes,,TPD
2002.0988,17.0,http://doi.acm.org/10.1145/2489247.2489250,References,"""URLs with schemes such as http, https, ftp, sftp, git, magnet"", ""URLs with paths, query Strings, and fragments"", URLs with subdomain",,,GenURL
2002.0988,17.0,http://doi.acm.org/10.1145/2827872,References,"""URLs with schemes such as http, https, ftp, sftp, git, magnet"", ""URLs with paths, query Strings, and fragments"", URLs with subdomain","split across lines, embedded in references",,GenURL
2002.0988,11.0,https://www.ibm.com/support/knowledgecenter/SSSA5P_12.8.0/ilog.odms.cplex.help/CPLEX/homepages/usrmancplex.html,Methodology,"""URLs with schemes such as http, https, ftp, sftp, git, magnet"", ""URLs with paths, query Strings, and fragments""","split across lines, embedded in footnotes",,TPS
2002.0988,16.0,https://doi.org/10.1007/11787181_11,References,"""URLs with schemes such as http, https, ftp, sftp, git, magnet"", ""URLs with paths, query Strings, and fragments""",,,GenURL
2002.0988,16.0,https://doi.org/10.1007/978-1-4614-6170-8_310,References,"""URLs with schemes such as http, https, ftp, sftp, git, magnet"", ""URLs with paths, query Strings, and fragments""","split across lines, embedded in references",,TPS
2002.0988,16.0,https://doi.org/10.1007/978-1-4614-6170-8_316,References,"""URLs with schemes such as http, https, ftp, sftp, git, magnet"", ""URLs with paths, query Strings, and fragments""",,,TPS
2002.0988,17.0,https://doi.org/10.1007/978-3-319-64167-6_4,References,"""URLs with schemes such as http, https, ftp, sftp, git, magnet"", ""URLs with paths, query Strings, and fragments""","split across lines, embedded in references",,GenURL
2002.0988,17.0,https://doi.org/10.1007/978-3-642-21881-1_40,References,"""URLs with schemes such as http, https, ftp, sftp, git, magnet"", ""URLs with paths, query Strings, and fragments""",,,GenURL
2002.0988,18.0,https://doi.org/10.1007/s10589-015-9804-y,References,"""URLs with schemes such as http, https, ftp, sftp, git, magnet"", ""URLs with paths, query Strings, and fragments""","split across lines, embedded in references",,GenURL
2002.0988,17.0,https://doi.org/10.1007/s10994-015-5487-y,References,"""URLs with schemes such as http, https, ftp, sftp, git, magnet"", ""URLs with paths, query Strings, and fragments""","split across lines, embedded in references",,GenURL
2002.0988,16.0,https://doi.org/10.1016/j.ins.2019.03.001,References,"""URLs with schemes such as http, https, ftp, sftp, git, magnet"", ""URLs with paths, query Strings, and fragments""","split across lines, embedded in references",,GenURL
2002.0988,17.0,https://doi.org/10.1109/ICDMW.2012.100,References,"""URLs with schemes such as http, https, ftp, sftp, git, magnet"", ""URLs with paths, query Strings, and fragments""","split across lines, embedded in references",,GenURL
2002.0988,17.0,http://www.sciencedirect.com/science/article/pii/S0166218X12002843,References,"""URLs with schemes such as http, https, ftp, sftp, git, magnet"", ""URLs with paths, query Strings, and fragments""","split across lines, embedded in references",,GenURL
2002.10137,6.0,https://cg.cs.tsinghua.edu.cn/people/~Yongjin/Yongjin.htm,Methodology,"URLs with unicode characters, ""URLs with paths, query Strings, and fragments"", ""URLs with schemes such as http, https, ftp, sftp, git, magnet"", URLs with subdomain",embedded in footnotes,,GenURL
2002.10137,11.0,https://doi.org/10.1007/s11263-019-01251-8,References,"""URLs with schemes such as http, https, ftp, sftp, git, magnet"", ""URLs with paths, query Strings, and fragments""",embedded in references,,GenURL
2002.10137,6.0,https://github.com/yiranran/Audio-driven-TalkingFace-HeadPose,Methodology,"""URLs with schemes such as http, https, ftp, sftp, git, magnet"", ""URLs with paths, query Strings, and fragments""",embedded in footnotes,,Project
2002.10137,2.0,https://github.com/yiranran/Audio-driven-TalkingFace-HeadPose,Introduction,"""URLs with schemes such as http, https, ftp, sftp, git, magnet"", ""URLs with paths, query Strings, and fragments""",embedded in footnotes,,Project
2002.10937,8.0,http://www.cs.jhu.edu/~mdredze/datasets/sentiment/,Methodology,"""URLs with schemes such as http, https, ftp, sftp, git, magnet"", URLs with subdomain, URLs with unicode characters, ""URLs with paths, query Strings, and fragments"", URLs with trailing slashes",embedded in footnotes,,TPD
2002.10937,8.0,https://appen.com/,Methodology,"""URLs with schemes such as http, https, ftp, sftp, git, magnet""",embedded in footnotes,,GenURL
2002.10937,8.0,https://code.google.com/archive/p/word2vec/,Methodology,"""URLs with schemes such as http, https, ftp, sftp, git, magnet"", URLs with subdomain, ""URLs with paths, query Strings, and fragments"", URLs with trailing slashes",embedded in footnotes,,TPS
2002.10937,10.0,https://github.com/1146976048qq/IATN,Methodology,"""URLs with schemes such as http, https, ftp, sftp, git, magnet"", ""URLs with paths, query Strings, and fragments""",embedded in footnotes,,Project
2002.10937,8.0,https://github.com/hsqmlzno1/HATN/tree/master/raw_data,Methodology,"""URLs with schemes such as http, https, ftp, sftp, git, magnet"", ""URLs with paths, query Strings, and fragments""",embedded in footnotes,,Project
2002.10937,14.0,https://github.com/jitinkrishnan/Diversity-Based-Generalization,Conclusions,"""URLs with schemes such as http, https, ftp, sftp, git, magnet"", ""URLs with paths, query Strings, and fragments""",,,Project
2002.10937,8.0,https://www.figure-eight.com,Methodology,"""URLs with schemes such as http, https, ftp, sftp, git, magnet""",embedded in footnotes,,GenURL
2002.10937,13.0,https://www.yelp.com/dataset/challenge,Results and Discussion,"""URLs with schemes such as http, https, ftp, sftp, git, magnet"", ""URLs with paths, query Strings, and fragments""",embedded in footnotes,,TPD
2002.11,16.0,https://doi.org/10.1002/jsc.2148,References,"""URLs with schemes such as http, https, ftp, sftp, git, magnet"", ""URLs with paths, query Strings, and fragments""",embedded in references,,GenURL
2002.11,16.0,https://doi.org/10.1007/978-3-030-17277-0_8,References,"""URLs with schemes such as http, https, ftp, sftp, git, magnet"", ""URLs with paths, query Strings, and fragments""",embedded in references,,GenURL
2002.11,16.0,https://doi.org/10.1515/iss-2017-0035,References,"""URLs with schemes such as http, https, ftp, sftp, git, magnet"", ""URLs with paths, query Strings, and fragments""",embedded in references,,GenURL
2002.11,3.0,https://eugdpr.org,Introduction,"""URLs with schemes such as http, https, ftp, sftp, git, magnet""",embedded in footnotes,,GenURL
2002.11,10.0,https://github.com/ethereum/wiki/wiki/JSON-RPC,Methodology,"""URLs with schemes such as http, https, ftp, sftp, git, magnet"", ""URLs with paths, query Strings, and fragments""",embedded in footnotes,,TPS
2002.11,4.0,https://hadoop.apache.org,Related Works & Background,"""URLs with schemes such as http, https, ftp, sftp, git, magnet"", URLs with subdomain",embedded in footnotes,,TPS
2101.01133,7.0,http://dx.doi.org/10.1109/CVPR.2016.438,References,"""URLs with schemes such as http, https, ftp, sftp, git, magnet"", ""URLs with paths, query Strings, and fragments""","split across lines, embedded in references",,TPD
2101.01133,7.0,https://doi.org/10.1117/12.2513117,References,"""URLs with schemes such as http, https, ftp, sftp, git, magnet"", ""URLs with paths, query Strings, and fragments""","split across lines, embedded in references",,GenURL
2101.01133,7.0,https://stm.sciencemag.org/content/8/337/337ra64,References,"""URLs with schemes such as http, https, ftp, sftp, git, magnet"", URLs with subdomain, ""URLs with paths, query Strings, and fragments""","split across lines, embedded in references",,GenURL
2101.0293,7.0,http://quantum-machine.org/datasets/,Methodology,"""URLs with schemes such as http, https, ftp, sftp, git, magnet"", ""URLs with paths, query Strings, and fragments"", URLs with trailing slashes",split across lines,,TPD
2101.0293,7.0,http://www.deepmd.org/database/deeppot-se-data/,Methodology,"""URLs with schemes such as http, https, ftp, sftp, git, magnet"", ""URLs with paths, query Strings, and fragments"", URLs with trailing slashes",split across lines,,TPD
2101.0293,8.0,https://arxiv.org/abs/1312.6203,References,"""URLs with schemes such as http, https, ftp, sftp, git, magnet"", ""URLs with paths, query Strings, and fragments""",embedded in references,,GenURL
2101.0293,8.0,https://arxiv.org/abs/1412.6980,References,"""URLs with schemes such as http, https, ftp, sftp, git, magnet"", ""URLs with paths, query Strings, and fragments""",embedded in references,,GenURL
2101.0293,8.0,https://arxiv.org/abs/1609.02907,References,"""URLs with schemes such as http, https, ftp, sftp, git, magnet"", ""URLs with paths, query Strings, and fragments""",embedded in references,,GenURL
2101.0293,8.0,https://arxiv.org/abs/1707.01478,References,"""URLs with schemes such as http, https, ftp, sftp, git, magnet"", ""URLs with paths, query Strings, and fragments""",embedded in references,,GenURL
2101.0293,8.0,https://arxiv.org/abs/1709.05584,References,"""URLs with schemes such as http, https, ftp, sftp, git, magnet"", ""URLs with paths, query Strings, and fragments""",embedded in references,,GenURL
2101.0293,8.0,https://arxiv.org/abs/1806.03536,References,"""URLs with schemes such as http, https, ftp, sftp, git, magnet"", ""URLs with paths, query Strings, and fragments""",embedded in references,,GenURL
2101.0293,8.0,https://arxiv.org/abs/1810.00826,References,"""URLs with schemes such as http, https, ftp, sftp, git, magnet"", ""URLs with paths, query Strings, and fragments""",embedded in references,,GenURL
2101.0293,8.0,https://arxiv.org/abs/1812.08434,References,"""URLs with schemes such as http, https, ftp, sftp, git, magnet"", ""URLs with paths, query Strings, and fragments""",embedded in references,,GenURL
2101.0293,8.0,https://arxiv.org/abs/1912.01398,References,"""URLs with schemes such as http, https, ftp, sftp, git, magnet"", ""URLs with paths, query Strings, and fragments""",embedded in references,,GenURL
2101.0293,1.0,mailto:ch-wang@outlook.com,Footer,"""URLs with schemes such as http, https, ftp, sftp, git, magnet""",embedded in footnotes,,GenURL
2101.0293,1.0,mailto:duanw@tsinghua.edu.cn,Footer,"""URLs with schemes such as http, https, ftp, sftp, git, magnet""",embedded in footnotes,,GenURL
2101.05661,13.0,http://dx.doi.org/10.1109/CVPR.2017.351,References,"""URLs with schemes such as http, https, ftp, sftp, git, magnet"", ""URLs with paths, query Strings, and fragments"", URLs with subdomain","split across lines, embedded in references",,GenURL
2101.05661,13.0,https://allegro.ai/enterprise/,References,"""URLs with schemes such as http, https, ftp, sftp, git, magnet"", ""URLs with paths, query Strings, and fragments"", URLs with trailing slashes",embedded in references,,GenURL
2101.05661,13.0,https://allegro.ai/trains-open-source/,References,"""URLs with schemes such as http, https, ftp, sftp, git, magnet"", ""URLs with paths, query Strings, and fragments"", URLs with trailing slashes",embedded in references,,TPS
2101.05661,13.0,https://arc.aiaa.org/doi/abs/10.2514/6.2020-1376,References,"""URLs with schemes such as http, https, ftp, sftp, git, magnet"", ""URLs with paths, query Strings, and fragments"", URLs with subdomain","split across lines, embedded in references",,GenURL
2101.05661,12.0,https://arc.aiaa.org/doi/abs/10.2514/6.2020-1457,References,"""URLs with schemes such as http, https, ftp, sftp, git, magnet"", URLs with subdomain, ""URLs with paths, query Strings, and fragments""","split across lines, embedded in references",,GenURL
2101.05661,13.0,https://aws.amazon.com/,References,"""URLs with schemes such as http, https, ftp, sftp, git, magnet"", URLs with trailing slashes, URLs with subdomain",embedded in references,,GenURL
2101.05661,13.0,https://aws.amazon.com/ec2/,References,"""URLs with schemes such as http, https, ftp, sftp, git, magnet"", URLs with subdomain, URLs with trailing slashes, ""URLs with paths, query Strings, and fragments""","split across lines, embedded in references",,GenURL
2101.05661,13.0,https://aws.amazon.com/ec2/pricing/on-demand/,References,"""URLs with schemes such as http, https, ftp, sftp, git, magnet"", URLs with subdomain, URLs with trailing slashes, ""URLs with paths, query Strings, and fragments""","split across lines, embedded in references",,GenURL
2101.05661,13.0,https://aws.amazon.com/govcloud-us/,References,"""URLs with schemes such as http, https, ftp, sftp, git, magnet"", URLs with subdomain, URLs with trailing slashes, ""URLs with paths, query Strings, and fragments""","split across lines, embedded in references",,GenURL
2101.05661,13.0,https://aws.amazon.com/sagemaker/,References,"""URLs with schemes such as http, https, ftp, sftp, git, magnet"", URLs with subdomain, URLs with trailing slashes, ""URLs with paths, query Strings, and fragments""",embedded in references,,GenURL
2101.05661,13.0,https://aws.amazon.com/sagemaker/pricing/,References,"""URLs with schemes such as http, https, ftp, sftp, git, magnet"", URLs with subdomain, URLs with trailing slashes, ""URLs with paths, query Strings, and fragments""","split across lines, embedded in references",,GenURL
2101.05661,13.0,https://azure.microsoft.com/en-us/services/machine-learning/,References,"""URLs with schemes such as http, https, ftp, sftp, git, magnet"", URLs with subdomain, URLs with trailing slashes, ""URLs with paths, query Strings, and fragments""","split across lines, embedded in references",,GenURL
2101.05661,13.0,https://cloud.google.com/ai-platform,References,"""URLs with schemes such as http, https, ftp, sftp, git, magnet"", URLs with subdomain, ""URLs with paths, query Strings, and fragments""",embedded in references,,GenURL
2101.05661,13.0,https://docs.paperspace.com/gradient/instances/instance-types,References,"""URLs with schemes such as http, https, ftp, sftp, git, magnet"", URLs with subdomain, URLs with trailing slashes","split across lines, embedded in references",,GenURL
2101.05661,12.0,https://github.com/autognc/bran,Conclusions,"""URLs with schemes such as http, https, ftp, sftp, git, magnet"", ""URLs with paths, query Strings, and fragments""",embedded in footnotes,,TPS
2101.05661,12.0,https://github.com/autognc/ravenML,Conclusions,"""URLs with schemes such as http, https, ftp, sftp, git, magnet"", ""URLs with paths, query Strings, and fragments""",embedded in footnotes,,Project
2101.05661,12.0,https://github.com/autognc/ravenML-dataset-plugins,Conclusions,"""URLs with schemes such as http, https, ftp, sftp, git, magnet"", ""URLs with paths, query Strings, and fragments""",embedded in footnotes,,Project
2101.05661,12.0,https://github.com/autognc/ravenML-train-plugins,Conclusions,"""URLs with schemes such as http, https, ftp, sftp, git, magnet"", ""URLs with paths, query Strings, and fragments""",embedded in footnotes,,Project
2101.05661,12.0,https://github.com/autognc/starfish,Conclusions,"""URLs with schemes such as http, https, ftp, sftp, git, magnet"", ""URLs with paths, query Strings, and fragments""",embedded in footnotes,,Project
2101.05661,12.0,https://github.com/autognc/starfish-scripts,Conclusions,"""URLs with schemes such as http, https, ftp, sftp, git, magnet"", ""URLs with paths, query Strings, and fragments""",embedded in footnotes,,TPS
2101.05661,13.0,https://github.com/brickmack/Blender-Spaceflight-models,References,"""URLs with schemes such as http, https, ftp, sftp, git, magnet"", ""URLs with paths, query Strings, and fragments""","split across lines, embedded in references",,TPD
2101.05661,13.0,https://gradient.paperspace.com/,References,"""URLs with schemes such as http, https, ftp, sftp, git, magnet"", URLs with subdomain, URLs with trailing slashes",embedded in references,,GenURL
2101.05661,13.0,https://kubernetes.io/,References,"""URLs with schemes such as http, https, ftp, sftp, git, magnet"", URLs with trailing slashes",embedded in references,,TPS
2101.05661,13.0,https://mlflow.org/,References,"""URLs with schemes such as http, https, ftp, sftp, git, magnet"", URLs with trailing slashes","split across lines, embedded in references",,TPS
2101.05661,13.0,https://neptune.ai/,References,"""URLs with schemes such as http, https, ftp, sftp, git, magnet"", URLs with trailing slashes",embedded in references,,GenURL
2101.05661,13.0,https://polyaxon.com/polyaxon-ce/,References,"""URLs with schemes such as http, https, ftp, sftp, git, magnet"", ""URLs with paths, query Strings, and fragments"", URLs with trailing slashes",embedded in references,,TPS
2101.05661,13.0,https://polyaxon.com/polyaxon-ee/,References,"""URLs with schemes such as http, https, ftp, sftp, git, magnet"", ""URLs with paths, query Strings, and fragments"", URLs with trailing slashes",embedded in references,,TPS
2101.05661,13.0,https://www.comet.ml/site/,References,"""URLs with schemes such as http, https, ftp, sftp, git, magnet"", ""URLs with paths, query Strings, and fragments"", URLs with trailing slashes","split across lines, embedded in references",,TPS
2101.05661,13.0,https://www.kubeflow.org/,References,"""URLs with schemes such as http, https, ftp, sftp, git, magnet"", URLs with trailing slashes","split across lines, embedded in references",,TPS
2101.09275,11.0,http://arxiv.org/abs/arXiv:1011.1669v3,References,"""URLs with schemes such as http, https, ftp, sftp, git, magnet"", ""URLs with paths, query Strings, and fragments""",embedded in references,Hidden in annotation layers,GenURL
2101.09275,11.0,http://dx.doi.org/10.1002/2014GL061109,References,"""URLs with schemes such as http, https, ftp, sftp, git, magnet"", URLs with subdomain, ""URLs with paths, query Strings, and fragments""",embedded in references,Hidden in annotation layers,GenURL
2101.09275,11.0,http://dx.doi.org/10.1002/2015GL063370,References,"""URLs with schemes such as http, https, ftp, sftp, git, magnet"", URLs with subdomain, ""URLs with paths, query Strings, and fragments""",embedded in references,Hidden in annotation layers,GenURL
2101.09275,11.0,http://dx.doi.org/10.1002/jgra.50102,References,"""URLs with schemes such as http, https, ftp, sftp, git, magnet"", URLs with subdomain, ""URLs with paths, query Strings, and fragments""","split across lines, embedded in references",Hidden in annotation layers,GenURL
2101.09275,11.0,http://dx.doi.org/10.1007/s00585-999-0307-y,References,"""URLs with schemes such as http, https, ftp, sftp, git, magnet"", URLs with subdomain, ""URLs with paths, query Strings, and fragments""",embedded in references,Hidden in annotation layers,GenURL
2101.09275,11.0,http://dx.doi.org/10.1016/j.asr.2007.05.064,References,"""URLs with schemes such as http, https, ftp, sftp, git, magnet"", URLs with subdomain, ""URLs with paths, query Strings, and fragments""","split across lines, embedded in references",Hidden in annotation layers,GenURL
2101.09275,11.0,http://dx.doi.org/10.1016/j.physrep.2005.10.003,References,"""URLs with schemes such as http, https, ftp, sftp, git, magnet"", URLs with subdomain, ""URLs with paths, query Strings, and fragments""","split across lines, embedded in references",Hidden in annotation layers,GenURL
2101.09275,12.0,http://dx.doi.org/10.1029/1999GL900435,References,"""URLs with schemes such as http, https, ftp, sftp, git, magnet"", URLs with subdomain, ""URLs with paths, query Strings, and fragments""","split across lines, embedded in references",Hidden in annotation layers,GenURL
2101.09275,12.0,http://dx.doi.org/10.1029/2000GL012383,References,"""URLs with schemes such as http, https, ftp, sftp, git, magnet"", URLs with subdomain, ""URLs with paths, query Strings, and fragments""","split across lines, embedded in references",Hidden in annotation layers,GenURL
2101.09275,11.0,http://dx.doi.org/10.1029/2001GL013385,References,"""URLs with schemes such as http, https, ftp, sftp, git, magnet"", URLs with subdomain, ""URLs with paths, query Strings, and fragments""","split across lines, embedded in references",Hidden in annotation layers,GenURL
2101.09275,12.0,http://dx.doi.org/10.1029/2001JA900056,References,"""URLs with schemes such as http, https, ftp, sftp, git, magnet"", URLs with subdomain, ""URLs with paths, query Strings, and fragments""","split across lines, embedded in references",Hidden in annotation layers,GenURL
2101.09275,11.0,http://dx.doi.org/10.1029/2001JA900180,References,"""URLs with schemes such as http, https, ftp, sftp, git, magnet"", URLs with subdomain, ""URLs with paths, query Strings, and fragments""","split across lines, embedded in references",Hidden in annotation layers,GenURL
2101.09275,12.0,http://dx.doi.org/10.1029/2003JA010198,References,"""URLs with schemes such as http, https, ftp, sftp, git, magnet"", URLs with subdomain, ""URLs with paths, query Strings, and fragments""","split across lines, embedded in references",Hidden in annotation layers,GenURL
2101.09275,12.0,http://dx.doi.org/10.1029/2008JA013693,References,"""URLs with schemes such as http, https, ftp, sftp, git, magnet"", URLs with subdomain, ""URLs with paths, query Strings, and fragments""",embedded in references,Hidden in annotation layers,GenURL
2101.09275,11.0,http://dx.doi.org/10.1029/2010JA015332,References,"""URLs with schemes such as http, https, ftp, sftp, git, magnet"", URLs with subdomain, ""URLs with paths, query Strings, and fragments""","split across lines, embedded in references",Hidden in annotation layers,GenURL
2101.09275,11.0,http://dx.doi.org/10.1029/2017GL076880,References,"""URLs with schemes such as http, https, ftp, sftp, git, magnet"", URLs with subdomain, ""URLs with paths, query Strings, and fragments""","split across lines, embedded in references",Hidden in annotation layers,GenURL
2101.09275,12.0,http://dx.doi.org/10.1029/2020JA028066,References,"""URLs with schemes such as http, https, ftp, sftp, git, magnet"", URLs with subdomain, ""URLs with paths, query Strings, and fragments""","split across lines, embedded in references",Hidden in annotation layers,GenURL
2101.09275,11.0,http://dx.doi.org/10.1029/2020JA028093,References,"""URLs with schemes such as http, https, ftp, sftp, git, magnet"", URLs with subdomain, ""URLs with paths, query Strings, and fragments""","split across lines, embedded in references",Hidden in annotation layers,GenURL
2101.09275,11.0,http://dx.doi.org/10.1029/94GL01284,References,"""URLs with schemes such as http, https, ftp, sftp, git, magnet"", URLs with subdomain, ""URLs with paths, query Strings, and fragments""",embedded in references,Hidden in annotation layers,GenURL
2101.09275,12.0,http://dx.doi.org/10.1029/97JA00385,References,"""URLs with schemes such as http, https, ftp, sftp, git, magnet"", URLs with subdomain, ""URLs with paths, query Strings, and fragments""",embedded in references,Hidden in annotation layers,GenURL
2101.09275,11.0,http://dx.doi.org/10.1029/98GL02111,References,"""URLs with schemes such as http, https, ftp, sftp, git, magnet"", URLs with subdomain, ""URLs with paths, query Strings, and fragments""","split across lines, embedded in references",Hidden in annotation layers,GenURL
2101.09275,12.0,http://dx.doi.org/10.1029/98JA00760,References,"""URLs with schemes such as http, https, ftp, sftp, git, magnet"", URLs with subdomain, ""URLs with paths, query Strings, and fragments""","split across lines, embedded in references",Hidden in annotation layers,GenURL
2101.09275,11.0,http://dx.doi.org/10.1063/1.4976854,References,"""URLs with schemes such as http, https, ftp, sftp, git, magnet"", URLs with subdomain, ""URLs with paths, query Strings, and fragments""",embedded in references,Hidden in annotation layers,GenURL
2101.09275,12.0,http://dx.doi.org/10.1063/1.863734,References,"""URLs with schemes such as http, https, ftp, sftp, git, magnet"", URLs with subdomain, ""URLs with paths, query Strings, and fragments""","split across lines, embedded in references",Hidden in annotation layers,GenURL
2101.09275,11.0,http://dx.doi.org/10.1088/0031-8949/20/3-4/006,References,"""URLs with schemes such as http, https, ftp, sftp, git, magnet"", URLs with subdomain, ""URLs with paths, query Strings, and fragments""","split across lines, embedded in references",Hidden in annotation layers,GenURL
2101.09275,11.0,http://dx.doi.org/10.1088/0031-8949/30/1/015,References,"""URLs with schemes such as http, https, ftp, sftp, git, magnet"", URLs with subdomain, ""URLs with paths, query Strings, and fragments""",embedded in references,Hidden in annotation layers,GenURL
2101.09275,11.0,http://dx.doi.org/10.1103/PhysRevE.69.055401,References,"""URLs with schemes such as http, https, ftp, sftp, git, magnet"", URLs with subdomain, ""URLs with paths, query Strings, and fragments""",embedded in references,Hidden in annotation layers,GenURL
2101.09275,11.0,http://dx.doi.org/10.1103/PhysRevLett.102.225004,References,"""URLs with schemes such as http, https, ftp, sftp, git, magnet"", URLs with subdomain, ""URLs with paths, query Strings, and fragments""",embedded in references,Hidden in annotation layers,GenURL
2101.09275,11.0,http://dx.doi.org/10.1103/PhysRevLett.116.145101,References,"""URLs with schemes such as http, https, ftp, sftp, git, magnet"", URLs with subdomain, ""URLs with paths, query Strings, and fragments""","split across lines, embedded in references",Hidden in annotation layers,GenURL
2101.09275,11.0,http://dx.doi.org/10.1103/PhysRevLett.121.135102,References,"""URLs with schemes such as http, https, ftp, sftp, git, magnet"", URLs with subdomain, ""URLs with paths, query Strings, and fragments""",embedded in references,Hidden in annotation layers,GenURL
2101.09275,11.0,http://dx.doi.org/10.1103/PhysRevLett.81.826,References,"""URLs with schemes such as http, https, ftp, sftp, git, magnet"", URLs with subdomain, ""URLs with paths, query Strings, and fragments""",embedded in references,Hidden in annotation layers,GenURL
2101.09275,12.0,http://dx.doi.org/10.1103/PhysRevLett.83.2344,References,"""URLs with schemes such as http, https, ftp, sftp, git, magnet"", URLs with subdomain, ""URLs with paths, query Strings, and fragments""",embedded in references,Hidden in annotation layers,GenURL
2101.09275,11.0,http://dx.doi.org/10.5194/npg-11-313-2004,References,"""URLs with schemes such as http, https, ftp, sftp, git, magnet"", URLs with subdomain, ""URLs with paths, query Strings, and fragments""","split across lines, embedded in references",Hidden in annotation layers,GenURL
2101.09275,11.0,http://dx.doi.org/10.5194/npg-9-101-2002,References,"""URLs with schemes such as http, https, ftp, sftp, git, magnet"", URLs with subdomain, ""URLs with paths, query Strings, and fragments""",embedded in references,Hidden in annotation layers,GenURL
2101.09275,12.0,http://dx.doi.org/https://doi.org/10.1029/2018GL080757,References,"""URLs with schemes such as http, https, ftp, sftp, git, magnet"", URLs with subdomain, ""URLs with paths, query Strings, and fragments""",embedded in references,Hidden in annotation layers,GenURL
2101.09275,11.0,http://journals.aps.org/pr/abstract/10.1103/PhysRev.108.546,References,"""URLs with schemes such as http, https, ftp, sftp, git, magnet"", URLs with subdomain, ""URLs with paths, query Strings, and fragments""",embedded in references,Hidden in annotation layers,GenURL
2101.09275,12.0,https://agupubs.onlinelibrary.wiley.com/doi/pdf/10.1029/2018GL080757,References,"""URLs with schemes such as http, https, ftp, sftp, git, magnet"", URLs with subdomain, ""URLs with paths, query Strings, and fragments""",embedded in references,,GenURL
2101.09275,12.0,https://agupubs.onlinelibrary.wiley.com/doi/pdf/10.1029/2020JA028066,References,"""URLs with schemes such as http, https, ftp, sftp, git, magnet"", URLs with subdomain, ""URLs with paths, query Strings, and fragments""",embedded in references,,GenURL
2101.09275,11.0,https://agupubs.onlinelibrary.wiley.com/doi/pdf/10.1029/2020JA028093,References,"""URLs with schemes such as http, https, ftp, sftp, git, magnet"", URLs with subdomain, ""URLs with paths, query Strings, and fragments""",embedded in references,,GenURL
2101.09275,11.0,https://arxiv.org/abs/2011.14941,References,"""URLs with schemes such as http, https, ftp, sftp, git, magnet"", ""URLs with paths, query Strings, and fragments""",embedded in references,Hidden in annotation layers,GenURL
2101.09275,11.0,https://github.com/ihutch/helmhole,References,"""URLs with schemes such as http, https, ftp, sftp, git, magnet"", ""URLs with paths, query Strings, and fragments""",embedded in references,Hidden in annotation layers,Project
2101.09275,1.0,mailto:ihutch@mit.edu,Title & Authors,"""URLs with schemes such as http, https, ftp, sftp, git, magnet""",embedded in footnotes,,GenURL
2101.09573,1.0,http://arxiv.org/abs/2101.09573v2,Header,"""URLs with schemes such as http, https, ftp, sftp, git, magnet"", ""URLs with paths, query Strings, and fragments""",,"Hidden in annotation layers, Hidden in metadata",APS
2101.09573,10.0,http://www.math.uiuc.edu/Macaulay2/,References,"""URLs with schemes such as http, https, ftp, sftp, git, magnet"", ""URLs with paths, query Strings, and fragments"", URLs with subdomain, URLs with trailing slashes",embedded in references,,TPS
2101.09573,10.0,http://www2.macaulay2.com/Macaulay2/doc/Macaulay2-1.16/share/doc/Macaulay2/Macaulay2Doc/html/_random__K__Rational__Point.html,References,"""URLs with schemes such as http, https, ftp, sftp, git, magnet"", ""URLs with paths, query Strings, and fragments""",embedded in references,,TPS
2101.09573,10.0,https://github.com/Macaulay2/M2/tree/master/M2/Macaulay2/packages,References,"""URLs with schemes such as http, https, ftp, sftp, git, magnet"", ""URLs with paths, query Strings, and fragments""",embedded in references,,Project
2101.09573,10.0,https://github.com/Macaulay2/M2/tree/master/M2/Macaulay2/packages,References,"""URLs with schemes such as http, https, ftp, sftp, git, magnet"", ""URLs with paths, query Strings, and fragments""",embedded in references,,Project
2101.09573,10.0,https://github.com/Macaulay2/M2/tree/master/M2/Macaulay2/packages,References,"""URLs with schemes such as http, https, ftp, sftp, git, magnet"", ""URLs with paths, query Strings, and fragments""",embedded in references,,Project
2101.09573,10.0,https://github.com/Macaulay2/Workshop-2020-Cleveland/blob/FastLinAlg/FastLinAlg/M2/RandomPoints.m2,References,"""URLs with schemes such as http, https, ftp, sftp, git, magnet"", ""URLs with paths, query Strings, and fragments""",embedded in references,,TPS
2101.09831,8.0,http://arxiv.org/abs/2009.06499,References,"""URLs with schemes such as http, https, ftp, sftp, git, magnet"", ""URLs with paths, query Strings, and fragments""",embedded in references,Hidden in annotation layers,GenURL
2101.09831,8.0,http://arxiv.org/abs/2010.07817,References,"""URLs with schemes such as http, https, ftp, sftp, git, magnet"", ""URLs with paths, query Strings, and fragments""",embedded in references,Hidden in annotation layers,GenURL
2101.09831,8.0,http://arxiv.org/abs/2010.09761,References,"""URLs with schemes such as http, https, ftp, sftp, git, magnet"", ""URLs with paths, query Strings, and fragments""",embedded in references,Hidden in annotation layers,GenURL
2101.09831,8.0,http://arxiv.org/abs/2010.15188,References,"""URLs with schemes such as http, https, ftp, sftp, git, magnet"", ""URLs with paths, query Strings, and fragments""",embedded in references,Hidden in annotation layers,GenURL
2101.09831,8.0,http://arxiv.org/abs/2011.08176,References,"""URLs with schemes such as http, https, ftp, sftp, git, magnet"", ""URLs with paths, query Strings, and fragments""",embedded in references,Hidden in annotation layers,GenURL
2101.09831,8.0,http://doi.org/10.1007/s11214-017-0438-5,References,"""URLs with schemes such as http, https, ftp, sftp, git, magnet"", ""URLs with paths, query Strings, and fragments""",embedded in references,,GenURL
2101.09831,8.0,http://doi.org/10.1016/j.icarus.2010.02.013,References,"""URLs with schemes such as http, https, ftp, sftp, git, magnet"", ""URLs with paths, query Strings, and fragments""",embedded in references,,GenURL
2101.09831,8.0,http://doi.org/10.1016/j.icarus.2017.05.001,References,"""URLs with schemes such as http, https, ftp, sftp, git, magnet"", ""URLs with paths, query Strings, and fragments""",embedded in references,,GenURL
2101.09831,8.0,http://doi.org/10.1016/j.pss.2015.01.011,References,"""URLs with schemes such as http, https, ftp, sftp, git, magnet"", ""URLs with paths, query Strings, and fragments""",embedded in references,,GenURL
2101.09831,8.0,http://doi.org/10.1038/s41550-020-1174-4,References,"""URLs with schemes such as http, https, ftp, sftp, git, magnet"", ""URLs with paths, query Strings, and fragments""",embedded in references,,GenURL
2101.09831,8.0,http://doi.org/10.1038/s41586-020-2649-2,References,"""URLs with schemes such as http, https, ftp, sftp, git, magnet"", ""URLs with paths, query Strings, and fragments""",embedded in references,,TPS
2101.09831,8.0,http://doi.org/10.1051/0004-6361/201833511,References,"""URLs with schemes such as http, https, ftp, sftp, git, magnet"", ""URLs with paths, query Strings, and fragments""",embedded in references,,GenURL
2101.09831,8.0,http://doi.org/10.1089/ast.2017.1783,References,"""URLs with schemes such as http, https, ftp, sftp, git, magnet"", ""URLs with paths, query Strings, and fragments""",embedded in references,,GenURL
2101.09831,8.0,http://doi.org/10.1089/ast.2020.2244,References,"""URLs with schemes such as http, https, ftp, sftp, git, magnet"", ""URLs with paths, query Strings, and fragments""",embedded in references,,GenURL
2101.09831,8.0,http://doi.org/10.1109/MCSE.2007.55,References,"""URLs with schemes such as http, https, ftp, sftp, git, magnet"", ""URLs with paths, query Strings, and fragments""",embedded in references,,TPS
2101.09831,8.0,http://doi.org/10.5281/zenodo.4034416,References,"""URLs with schemes such as http, https, ftp, sftp, git, magnet"", ""URLs with paths, query Strings, and fragments""",embedded in references,,Project
2101.09831,1.0,http://orcid.org/0000-0001-8379-1909,Title & Authors,"""URLs with schemes such as http, https, ftp, sftp, git, magnet"", ""URLs with paths, query Strings, and fragments""",,Hidden in annotation layers,GenURL
2101.09831,1.0,http://orcid.org/0000-0002-1386-1710,Title & Authors,"""URLs with schemes such as http, https, ftp, sftp, git, magnet"", ""URLs with paths, query Strings, and fragments""",,Hidden in annotation layers,GenURL
2101.09831,1.0,http://orcid.org/0000-0003-0429-9487,Title & Authors,"""URLs with schemes such as http, https, ftp, sftp, git, magnet"", ""URLs with paths, query Strings, and fragments""",,Hidden in annotation layers,GenURL
2101.09831,1.0,http://orcid.org/0000-0003-3962-8957,Title & Authors,"""URLs with schemes such as http, https, ftp, sftp, git, magnet"", ""URLs with paths, query Strings, and fragments""",,Hidden in annotation layers,GenURL
2101.09831,1.0,mailto:alexander.akins@jpl.nasa.gov,Title & Authors,"""URLs with schemes such as http, https, ftp, sftp, git, magnet""",embedded in footnotes,,GenURL
2101.10587,8.0,http://arxiv.org/abs/1508.01991,References,"""URLs with schemes such as http, https, ftp, sftp, git, magnet"", ""URLs with paths, query Strings, and fragments""","embedded in references, split across lines",,GenURL
2101.10587,8.0,http://arxiv.org/abs/1508.01991,References,"""URLs with schemes such as http, https, ftp, sftp, git, magnet"", ""URLs with paths, query Strings, and fragments""",embedded in references,Hidden in annotation layers,GenURL
2101.10587,9.0,http://arxiv.org/abs/1911.09787,References,"""URLs with schemes such as http, https, ftp, sftp, git, magnet"", ""URLs with paths, query Strings, and fragments""",embedded in references,,GenURL
2101.10587,1.0,https://www.nlm.nih.gov/bsd/medline_cit_counts_yr_pub.html,Introduction,"""URLs with schemes such as http, https, ftp, sftp, git, magnet"", URLs with subdomain, ""URLs with paths, query Strings, and fragments""",,,TPD
2101.10587,7.0,http://bioasq.org,Related Works & Background,"""URLs with schemes such as http, https, ftp, sftp, git, magnet""",embedded in footnotes,,GenURL
2101.10587,9.0,http://proceedings.mlr.press/v85/sachan18a.html,References,"""URLs with schemes such as http, https, ftp, sftp, git, magnet"", URLs with subdomain, ""URLs with paths, query Strings, and fragments""",embedded in references,,GenURL
2101.10587,7.0,https://www.ncbi.nlm.nih.gov/research/coronavirus/,Results and Discussion,"""URLs with schemes such as http, https, ftp, sftp, git, magnet"", URLs with subdomain, URLs with trailing slashes, ""URLs with paths, query Strings, and fragments""",embedded in footnotes,,TPD
2101.10587,9.0,http://www.aclweb.org/anthology/P/P14/P14-5010,References,"""URLs with schemes such as http, https, ftp, sftp, git, magnet"", ""URLs with paths, query Strings, and fragments""",embedded in references,,Project
2101.10587,8.0,http://www.aclweb.org/anthology/N16-1150,References,"""URLs with schemes such as http, https, ftp, sftp, git, magnet"", ""URLs with paths, query Strings, and fragments""","embedded in references, split across lines",,GenURL
2101.10587,8.0,https://www.aclweb.org/anthology/D17-1284,References,"""URLs with schemes such as http, https, ftp, sftp, git, magnet"", ""URLs with paths, query Strings, and fragments""","embedded in references, split across lines",,GenURL
2101.10587,9.0,http://papers.nips.cc/paper/7181-attention-is-all-you-need.pdf,References,"""URLs with schemes such as http, https, ftp, sftp, git, magnet"", ""URLs with paths, query Strings, and fragments"", URLs with subdomain","embedded in references, split across lines",,GenURL
2101.10587,9.0,http://www.akbc.ws/2017/papers/22_paper.pdf,References,"""URLs with schemes such as http, https, ftp, sftp, git, magnet"", ""URLs with paths, query Strings, and fragments""",embedded in references,,GenURL
2101.10587,8.0,https://arxiv.org/abs/1508.01991,References,"""URLs with schemes such as http, https, ftp, sftp, git, magnet"", ""URLs with paths, query Strings, and fragments""",embedded in references,,GenURL
2101.10587,8.0,https://arxiv.org/abs/1808.07699,References,"""URLs with schemes such as http, https, ftp, sftp, git, magnet"", ""URLs with paths, query Strings, and fragments""","embedded in references, split across lines",,GenURL
2101.10587,8.0,https://arxiv.org/abs/1808.07699,References,"""URLs with schemes such as http, https, ftp, sftp, git, magnet"", ""URLs with paths, query Strings, and fragments""",embedded in references,Hidden in annotation layers,GenURL
2101.10587,9.0,https://doi.org/10.1007/978-3-030-45442-5_29,References,"""URLs with schemes such as http, https, ftp, sftp, git, magnet"", ""URLs with paths, query Strings, and fragments""","embedded in references, split across lines",,TPS
2101.10587,9.0,https://doi.org/10.1093/bioinformatics/btw343,References,"""URLs with schemes such as http, https, ftp, sftp, git, magnet"", ""URLs with paths, query Strings, and fragments""",embedded in references,,TPS
2101.10587,9.0,https://doi.org/10.1093/bioinformatics/btz142,References,"""URLs with schemes such as http, https, ftp, sftp, git, magnet"", ""URLs with paths, query Strings, and fragments""","embedded in references, split across lines",,TPS
2101.10587,9.0,https://doi.org/10.1093/bioinformatics/btz682,References,"""URLs with schemes such as http, https, ftp, sftp, git, magnet"", ""URLs with paths, query Strings, and fragments""","embedded in references, split across lines",,Project
2101.10587,9.0,https://doi.org/10.1093/database/baw068,References,"""URLs with schemes such as http, https, ftp, sftp, git, magnet"", ""URLs with paths, query Strings, and fragments""","embedded in references, split across lines",,TPD
2101.10587,9.0,https://doi.org/10.1109/BIBM.2015.7359761,References,"""URLs with schemes such as http, https, ftp, sftp, git, magnet"", ""URLs with paths, query Strings, and fragments""",embedded in references,,GenURL
2101.10587,9.0,https://doi.org/10.18653/v1/D19-6219,References,"""URLs with schemes such as http, https, ftp, sftp, git, magnet"", ""URLs with paths, query Strings, and fragments""",embedded in references,,GenURL
2101.10587,9.0,https://doi.org/10.18653/v1/N16-1030,References,"""URLs with schemes such as http, https, ftp, sftp, git, magnet"", ""URLs with paths, query Strings, and fragments""","embedded in references, split across lines, split across pages",,GenURL
2101.10587,9.0,https://doi.org/10.18653/v1/P18-1010,References,"""URLs with schemes such as http, https, ftp, sftp, git, magnet"", ""URLs with paths, query Strings, and fragments""",embedded in references,,GenURL
2101.10587,9.0,https://doi.org/10.18653/v1/P19-1335,References,"""URLs with schemes such as http, https, ftp, sftp, git, magnet"", ""URLs with paths, query Strings, and fragments""",embedded in references,,GenURL
2101.10587,9.0,https://doi.org/10.18653/v1/W19-5034,References,"""URLs with schemes such as http, https, ftp, sftp, git, magnet"", ""URLs with paths, query Strings, and fragments""","embedded in references, split across lines",,TPS
2101.10587,9.0,https://doi.org/10.24432/C5G59C,References,"""URLs with schemes such as http, https, ftp, sftp, git, magnet"", ""URLs with paths, query Strings, and fragments""",embedded in references,,TPD
2101.10587,9.0,https://doi.org/10.3115/977035.977059,References,"""URLs with schemes such as http, https, ftp, sftp, git, magnet"", ""URLs with paths, query Strings, and fragments""",embedded in references,,GenURL
2101.10587,9.0,http://www.akbc.ws/2017/papers/22_paper.pdf,References,"""URLs with schemes such as http, https, ftp, sftp, git, magnet"", ""URLs with paths, query Strings, and fragments""",embedded in references,,GenURL
2101.10587,9.0,https://academic.oup.com/bioinformatics/article-pdf/35/19/3794/30061745/btz142.pdf,References,"""URLs with schemes such as http, https, ftp, sftp, git, magnet"", URLs with subdomain, ""URLs with paths, query Strings, and fragments""","embedded in references, split across lines",,GenURL
2101.10587,9.0,https://academic.oup.com/bioinformatics/article-pdf/36/4/1234/32527770/btz682.pdf,References,"""URLs with schemes such as http, https, ftp, sftp, git, magnet"", URLs with subdomain, ""URLs with paths, query Strings, and fragments""","embedded in references, split across lines",,GenURL
2101.10587,9.0,https://www.clips.uantwerpen.be/conll2000/chunking/,References,"""URLs with schemes such as http, https, ftp, sftp, git, magnet"", URLs with subdomain, URLs with trailing slashes, ""URLs with paths, query Strings, and fragments""",embedded in references,,GenURL
2101.10587,9.0,https://www.ncbi.nlm.nih.gov/pmc/articles/PMC4908368/,References,"""URLs with schemes such as http, https, ftp, sftp, git, magnet"", URLs with subdomain, URLs with trailing slashes, ""URLs with paths, query Strings, and fragments""",embedded in references,,GenURL
2101.10777,13.0,https://github.com/facebookresearch/detectron2,References,"""URLs with schemes such as http, https, ftp, sftp, git, magnet"", ""URLs with paths, query Strings, and fragments""",embedded in references,,Project
2101.10777,13.0,https://github.com/Lyken17/pytorch-OpCounter,References,"""URLs with schemes such as http, https, ftp, sftp, git, magnet"", ""URLs with paths, query Strings, and fragments""","split across lines, embedded in references",,TPS
2101.10777,8.0,https://www.youtube.com/watch?v=Wgo_5xnvn8M,Results and Discussion,"""URLs with schemes such as http, https, ftp, sftp, git, magnet"", ""URLs with paths, query Strings, and fragments""",embedded in footnotes,,GenURL
2102.02393,12.0,https://wdi.centralesupelec.fr/users/valiron/qplmfps/papers/qs01t3.pdf,Introduction,"""URLs with schemes such as http, https, ftp, sftp, git, magnet"", ""URLs with paths, query Strings, and fragments""","split across lines, embedded in references",,GenURL
2102.02393,103.0,http://www-users.york.ac.uk/~rc973/LPAssumptions.html,Methodology,"""URLs with schemes such as http, https, ftp, sftp, git, magnet"", URLs with subdomain, URLs with unicode characters, ""URLs with paths, query Strings, and fragments""",,,GenURL
2102.02393,184.0,https://en.wikipedia.org/wiki/Hat_puzzle,Methodology,"""URLs with schemes such as http, https, ftp, sftp, git, magnet"", URLs with subdomain, ""URLs with paths, query Strings, and fragments""",,Hidden in annotation layers,GenURL
2102.02393,64.0,https://en.wikipedia.org/wiki/Hat_puzzle,Related Works & Background,"""URLs with schemes such as http, https, ftp, sftp, git, magnet"", URLs with subdomain, ""URLs with paths, query Strings, and fragments""",split across lines,Hidden in annotation layers,GenURL
2102.02393,12.0,https://github.com/rogercolbeck/LPAssumptions,Introduction,"""URLs with schemes such as http, https, ftp, sftp, git, magnet"", URLs with subdomain, ""URLs with paths, query Strings, and fragments""",embedded in references,,Project
2102.02393,167.0,https://wdi.centralesupelec.fr/users/valiron/qplmfps/papers/qs01t3.pdf,Methodology,"""URLs with schemes such as http, https, ftp, sftp, git, magnet"", URLs with subdomain, ""URLs with paths, query Strings, and fragments""",embedded in footnotes,,GenURL
2102.02393,227.0,https://wdi.centralesupelec.fr/users/valiron/qplmfps/papers/qs01t3.pdf,Conclusions,"""URLs with schemes such as http, https, ftp, sftp, git, magnet"", URLs with subdomain, ""URLs with paths, query Strings, and fragments""",embedded in footnotes,,GenURL
2102.02393,234.0,http://www-oldurls.inf.ethz.ch/personal/fukudak/lect/pclect/notes2016/,References,"""URLs with schemes such as http, https, ftp, sftp, git, magnet"", URLs with subdomain, ""URLs with paths, query Strings, and fragments"", URLs with trailing slashes","embedded in references, split across lines",,GenURL
2102.02393,240.0,https://worthwhile.typepad.com/worthwhile_canadian_initi/2009/01/why-theres-so-little-good-evidence-that-fiscal-or-monetary-policy-works.html,References,"""URLs with schemes such as http, https, ftp, sftp, git, magnet"", ""URLs with paths, query Strings, and fragments"", URLs with subdomain","split across lines, embedded in references",,GenURL
2102.02393,193.0,https://www.youtube.com/watch?v=MaRjP5H0vR4,Methodology,"""URLs with schemes such as http, https, ftp, sftp, git, magnet"", ""URLs with paths, query Strings, and fragments""",,Hidden in annotation layers,GenURL
2102.0404,1.0,http://arxiv.org/abs/2102.04040v1,Header,"""URLs with schemes such as http, https, ftp, sftp, git, magnet"", ""URLs with paths, query Strings, and fragments""",,"Hidden in annotation layers, Hidden in metadata",GenURL
2102.0404,3.0,https://github.com/Kyubyong/g2p,Methodology,"""URLs with schemes such as http, https, ftp, sftp, git, magnet"", ""URLs with paths, query Strings, and fragments""",embedded in footnotes,,Project
2102.0404,1.0,https://speechresearch.github.io/lightspeech,Abstract,"""URLs with schemes such as http, https, ftp, sftp, git, magnet"", URLs with subdomain, ""URLs with paths, query Strings, and fragments""",,,APD
2102.0404,5.0,https://keithito.com/LJ-Speech-Dataset/,References,"""URLs with schemes such as http, https, ftp, sftp, git, magnet"", URLs with trailing slashes, ""URLs with paths, query Strings, and fragments""",embedded in references,,TPD
2102.07455,5.0,http://arxiv.org/abs/1908.07324,References,"""URLs with schemes such as http, https, ftp, sftp, git, magnet"", ""URLs with paths, query Strings, and fragments""","split across lines, embedded in references",,GenURL
2102.07455,5.0,http://ceur-ws.org/Vol-2563/aics_29.pdf,References,"""URLs with schemes such as http, https, ftp, sftp, git, magnet"", ""URLs with paths, query Strings, and fragments""",embedded in references,,GenURL
2102.07455,5.0,https://doi.org/10.1109/WF-IoT48130.2020.9221276,References,"""URLs with schemes such as http, https, ftp, sftp, git, magnet"", ""URLs with paths, query Strings, and fragments""",embedded in references,,GenURL
2102.07455,5.0,https://doi.org/10.1145/3410992.3411005,References,"""URLs with schemes such as http, https, ftp, sftp, git, magnet"", ""URLs with paths, query Strings, and fragments""","split across lines, embedded in references",,GenURL
2102.07455,5.0,https://doi.org/10.1145/3410992.3411014,References,"""URLs with schemes such as http, https, ftp, sftp, git, magnet"", ""URLs with paths, query Strings, and fragments""","split across lines, embedded in references",,TPS
2102.07455,5.0,https://doi.org/10.1145/3423423.3423433,References,"""URLs with schemes such as http, https, ftp, sftp, git, magnet"", ""URLs with paths, query Strings, and fragments""",embedded in references,,Project
2102.0851,16.0,http://arxiv.org/abs/1903.08804,References,"""URLs with schemes such as http, https, ftp, sftp, git, magnet"", ""URLs with paths, query Strings, and fragments""",embedded in references,,GenURL
2102.0851,1.0,http://arxiv.org/abs/2102.08510v2,Header,"""URLs with schemes such as http, https, ftp, sftp, git, magnet"", ""URLs with paths, query Strings, and fragments""",,"Hidden in annotation layers, Hidden in metadata",GenURL
2102.0851,13.0,https://github.com/michelleblom/primaries,Methodology,"""URLs with schemes such as http, https, ftp, sftp, git, magnet"", ""URLs with paths, query Strings, and fragments""",,,Project
2102.0851,8.0,https://github.com/michelleblom/primaries,Methodology,"""URLs with schemes such as http, https, ftp, sftp, git, magnet"", ""URLs with paths, query Strings, and fragments""",embedded in footnotes,,Project
2102.0851,8.0,https://github.com/pbstark/SHANGRLA,Methodology,"""URLs with schemes such as http, https, ftp, sftp, git, magnet"", ""URLs with paths, query Strings, and fragments""",embedded in footnotes,,Project
2102.0851,13.0,www.thegreenpapers.com/P20,Methodology,"""URLs with schemes such as http, https, ftp, sftp, git, magnet"", ""URLs with paths, query Strings, and fragments""",embedded in footnotes,,TPD
2102.0851,16.0,https://www.usenix.org/jets/issues/0301/stark,References,"""URLs with schemes such as http, https, ftp, sftp, git, magnet"", ""URLs with paths, query Strings, and fragments""",embedded in references,,GenURL
2102.11153,2.0,https://www.skatelescope.org/,Methodology,"URLs with trailing slashes, ""URLs with schemes such as http, https, ftp, sftp, git, magnet""",embedded in footnotes,Hidden in annotation layers,GenURL
2102.11153,17.0,http://arxiv.org/abs/1102.1523,References,"""URLs with schemes such as http, https, ftp, sftp, git, magnet"", ""URLs with paths, query Strings, and fragments""",embedded in references,Hidden in annotation layers,TPS
2102.11153,16.0,http://arxiv.org/abs/1104.2932,References,"""URLs with schemes such as http, https, ftp, sftp, git, magnet"", ""URLs with paths, query Strings, and fragments""",embedded in references,Hidden in annotation layers,GenURL
2102.11153,16.0,http://arxiv.org/abs/1611.00036,References,"""URLs with schemes such as http, https, ftp, sftp, git, magnet"", ""URLs with paths, query Strings, and fragments""",embedded in references,Hidden in annotation layers,GenURL
2102.11153,16.0,http://arxiv.org/abs/1709.06099,References,"""URLs with schemes such as http, https, ftp, sftp, git, magnet"", ""URLs with paths, query Strings, and fragments""",embedded in references,Hidden in annotation layers,GenURL
2102.11153,16.0,http://arxiv.org/abs/2009.06197,References,"""URLs with schemes such as http, https, ftp, sftp, git, magnet"", ""URLs with paths, query Strings, and fragments""",embedded in references,Hidden in annotation layers,GenURL
2102.11153,16.0,http://arxiv.org/abs/2010.02907,References,"""URLs with schemes such as http, https, ftp, sftp, git, magnet"", ""URLs with paths, query Strings, and fragments""",embedded in references,Hidden in annotation layers,GenURL
2102.11153,16.0,http://arxiv.org/abs/2010.09579,References,"""URLs with schemes such as http, https, ftp, sftp, git, magnet"", ""URLs with paths, query Strings, and fragments""",embedded in references,Hidden in annotation layers,GenURL
2102.11153,16.0,http://arxiv.org/abs/2011.10815,References,"""URLs with schemes such as http, https, ftp, sftp, git, magnet"", ""URLs with paths, query Strings, and fragments""",embedded in references,Hidden in annotation layers,GenURL
2102.11153,17.0,http://arxiv.org/abs/2011.13789,References,"""URLs with schemes such as http, https, ftp, sftp, git, magnet"", ""URLs with paths, query Strings, and fragments""",embedded in references,Hidden in annotation layers,GenURL
2102.11153,16.0,http://arxiv.org/abs/2012.11616,References,"""URLs with schemes such as http, https, ftp, sftp, git, magnet"", ""URLs with paths, query Strings, and fragments""",embedded in references,Hidden in annotation layers,GenURL
2102.11153,17.0,http://arxiv.org/abs/2102.04946,References,"""URLs with schemes such as http, https, ftp, sftp, git, magnet"", ""URLs with paths, query Strings, and fragments""",embedded in references,Hidden in annotation layers,GenURL
2102.11153,15.0,http://doi.org/10.5281/zenodo.438045,References,"""URLs with schemes such as http, https, ftp, sftp, git, magnet"", ""URLs with paths, query Strings, and fragments""",embedded in references,,GenURL
2102.11153,17.0,http://dx.doi.org/10.1007/978-3-540-85122-6,References,"""URLs with schemes such as http, https, ftp, sftp, git, magnet"", URLs with subdomain, ""URLs with paths, query Strings, and fragments""",embedded in references,Hidden in annotation layers,GenURL
2102.11153,16.0,http://dx.doi.org/10.1007/BF02933588,References,"""URLs with schemes such as http, https, ftp, sftp, git, magnet"", URLs with subdomain, ""URLs with paths, query Strings, and fragments""",embedded in references,Hidden in annotation layers,GenURL
2102.11153,16.0,http://dx.doi.org/10.1016/S0370-1573(02)00135-7,References,"""URLs with schemes such as http, https, ftp, sftp, git, magnet"", URLs with subdomain, ""URLs with paths, query Strings, and fragments""",embedded in references,Hidden in annotation layers,GenURL
2102.11153,16.0,http://dx.doi.org/10.1017/pasa.2019.51,References,"""URLs with schemes such as http, https, ftp, sftp, git, magnet"", URLs with subdomain, ""URLs with paths, query Strings, and fragments""",embedded in references,Hidden in annotation layers,GenURL
2102.11153,16.0,http://dx.doi.org/10.1038/nature25792,References,"""URLs with schemes such as http, https, ftp, sftp, git, magnet"", URLs with subdomain, ""URLs with paths, query Strings, and fragments""",embedded in references,Hidden in annotation layers,GenURL
2102.11153,16.0,http://dx.doi.org/10.1046/j.1365-8711.1998.01053.x,References,"""URLs with schemes such as http, https, ftp, sftp, git, magnet"", URLs with subdomain, ""URLs with paths, query Strings, and fragments""",embedded in references,Hidden in annotation layers,GenURL
2102.11153,17.0,http://dx.doi.org/10.1046/j.1365-8711.1998.01937.x,References,"""URLs with schemes such as http, https, ftp, sftp, git, magnet"", URLs with subdomain, ""URLs with paths, query Strings, and fragments""",embedded in references,Hidden in annotation layers,GenURL
2102.11153,16.0,http://dx.doi.org/10.1046/j.1365-8711.1998.02052.x,References,"""URLs with schemes such as http, https, ftp, sftp, git, magnet"", URLs with subdomain, ""URLs with paths, query Strings, and fragments""",embedded in references,Hidden in annotation layers,GenURL
2102.11153,17.0,http://dx.doi.org/10.1046/j.1365-8711.2002.05620.x,References,"""URLs with schemes such as http, https, ftp, sftp, git, magnet"", URLs with subdomain, ""URLs with paths, query Strings, and fragments""",embedded in references,Hidden in annotation layers,GenURL
2102.11153,16.0,http://dx.doi.org/10.1046/j.1365-8711.2003.06439.x,References,"""URLs with schemes such as http, https, ftp, sftp, git, magnet"", URLs with subdomain, ""URLs with paths, query Strings, and fragments""",embedded in references,Hidden in annotation layers,GenURL
2102.11153,16.0,http://dx.doi.org/10.1051/0004-6361/201525830,References,"""URLs with schemes such as http, https, ftp, sftp, git, magnet"", URLs with subdomain, ""URLs with paths, query Strings, and fragments""",embedded in references,Hidden in annotation layers,GenURL
2102.11153,16.0,http://dx.doi.org/10.1051/0004-6361/201833910,References,"""URLs with schemes such as http, https, ftp, sftp, git, magnet"", URLs with subdomain, ""URLs with paths, query Strings, and fragments""",embedded in references,Hidden in annotation layers,GenURL
2102.11153,16.0,http://dx.doi.org/10.1051/0004-6361/202038071,References,"""URLs with schemes such as http, https, ftp, sftp, git, magnet"", URLs with subdomain, ""URLs with paths, query Strings, and fragments""",embedded in references,Hidden in annotation layers,GenURL
2102.11153,16.0,http://dx.doi.org/10.1086/153390,References,"""URLs with schemes such as http, https, ftp, sftp, git, magnet"", URLs with subdomain, ""URLs with paths, query Strings, and fragments""",embedded in references,Hidden in annotation layers,GenURL
2102.11153,16.0,http://dx.doi.org/10.1086/155588,References,"""URLs with schemes such as http, https, ftp, sftp, git, magnet"", URLs with subdomain, ""URLs with paths, query Strings, and fragments""",embedded in references,Hidden in annotation layers,GenURL
2102.11153,16.0,http://dx.doi.org/10.1086/160184,References,"""URLs with schemes such as http, https, ftp, sftp, git, magnet"", URLs with subdomain, ""URLs with paths, query Strings, and fragments""",embedded in references,Hidden in annotation layers,GenURL
2102.11153,16.0,http://dx.doi.org/10.1086/173015,References,"""URLs with schemes such as http, https, ftp, sftp, git, magnet"", URLs with subdomain, ""URLs with paths, query Strings, and fragments""",embedded in references,Hidden in annotation layers,GenURL
2102.11153,16.0,http://dx.doi.org/10.1086/305997,References,"""URLs with schemes such as http, https, ftp, sftp, git, magnet"", URLs with subdomain, ""URLs with paths, query Strings, and fragments""",embedded in references,Hidden in annotation layers,GenURL
2102.11153,16.0,http://dx.doi.org/10.1086/307220,References,"""URLs with schemes such as http, https, ftp, sftp, git, magnet"", URLs with subdomain, ""URLs with paths, query Strings, and fragments""",embedded in references,Hidden in annotation layers,GenURL
2102.11153,16.0,http://dx.doi.org/10.1086/309179,References,"""URLs with schemes such as http, https, ftp, sftp, git, magnet"", URLs with subdomain, ""URLs with paths, query Strings, and fragments""",embedded in references,Hidden in annotation layers,GenURL
2102.11153,16.0,http://dx.doi.org/10.1086/312195,References,"""URLs with schemes such as http, https, ftp, sftp, git, magnet"", URLs with subdomain, ""URLs with paths, query Strings, and fragments""",embedded in references,Hidden in annotation layers,GenURL
2102.11153,16.0,http://dx.doi.org/10.1086/317248,References,"""URLs with schemes such as http, https, ftp, sftp, git, magnet"", URLs with subdomain, ""URLs with paths, query Strings, and fragments""",embedded in references,Hidden in annotation layers,GenURL
2102.11153,16.0,http://dx.doi.org/10.1086/318284,References,"""URLs with schemes such as http, https, ftp, sftp, git, magnet"", URLs with subdomain, ""URLs with paths, query Strings, and fragments""","embedded in references, split across lines",Hidden in annotation layers,GenURL
2102.11153,16.0,http://dx.doi.org/10.1086/383343,References,"""URLs with schemes such as http, https, ftp, sftp, git, magnet"", URLs with subdomain, ""URLs with paths, query Strings, and fragments""",embedded in references,Hidden in annotation layers,GenURL
2102.11153,16.0,http://dx.doi.org/10.1086/427087,References,"""URLs with schemes such as http, https, ftp, sftp, git, magnet"", URLs with subdomain, ""URLs with paths, query Strings, and fragments""",embedded in references,Hidden in annotation layers,GenURL
2102.11153,16.0,http://dx.doi.org/10.1086/505417,References,"""URLs with schemes such as http, https, ftp, sftp, git, magnet"", URLs with subdomain, ""URLs with paths, query Strings, and fragments""",embedded in references,Hidden in annotation layers,GenURL
2102.11153,16.0,http://dx.doi.org/10.1086/517963,References,"""URLs with schemes such as http, https, ftp, sftp, git, magnet"", URLs with subdomain, ""URLs with paths, query Strings, and fragments""",embedded in references,Hidden in annotation layers,GenURL
2102.11153,16.0,http://dx.doi.org/10.1088/0004-637X/737/2/97,References,"""URLs with schemes such as http, https, ftp, sftp, git, magnet"", URLs with subdomain, ""URLs with paths, query Strings, and fragments""",embedded in references,Hidden in annotation layers,GenURL
2102.11153,17.0,http://dx.doi.org/10.1088/0004-637X/815/1/51,References,"""URLs with schemes such as http, https, ftp, sftp, git, magnet"", URLs with subdomain, ""URLs with paths, query Strings, and fragments""",embedded in references,Hidden in annotation layers,GenURL
2102.11153,16.0,http://dx.doi.org/10.1088/0034-4885/75/8/086901,References,"""URLs with schemes such as http, https, ftp, sftp, git, magnet"", URLs with subdomain, ""URLs with paths, query Strings, and fragments""",embedded in references,Hidden in annotation layers,GenURL
2102.11153,16.0,http://dx.doi.org/10.1088/1475-7516/2011/07/034,References,"""URLs with schemes such as http, https, ftp, sftp, git, magnet"", URLs with subdomain, ""URLs with paths, query Strings, and fragments""",embedded in references,Hidden in annotation layers,GenURL
2102.11153,16.0,http://dx.doi.org/10.1088/1475-7516/2014/12/029,References,"""URLs with schemes such as http, https, ftp, sftp, git, magnet"", URLs with subdomain, ""URLs with paths, query Strings, and fragments""",embedded in references,Hidden in annotation layers,GenURL
2102.11153,16.0,http://dx.doi.org/10.1088/1475-7516/2015/10/039,References,"""URLs with schemes such as http, https, ftp, sftp, git, magnet"", URLs with subdomain, ""URLs with paths, query Strings, and fragments""",embedded in references,Hidden in annotation layers,GenURL
2102.11153,16.0,http://dx.doi.org/10.1088/1475-7516/2019/06/025,References,"""URLs with schemes such as http, https, ftp, sftp, git, magnet"", URLs with subdomain, ""URLs with paths, query Strings, and fragments""",embedded in references,Hidden in annotation layers,GenURL
2102.11153,16.0,http://dx.doi.org/10.1088/1475-7516/2019/09/024,References,"""URLs with schemes such as http, https, ftp, sftp, git, magnet"", URLs with subdomain, ""URLs with paths, query Strings, and fragments""",embedded in references,Hidden in annotation layers,GenURL
2102.11153,16.0,http://dx.doi.org/10.1088/1475-7516/2020/11/052,References,"""URLs with schemes such as http, https, ftp, sftp, git, magnet"", URLs with subdomain, ""URLs with paths, query Strings, and fragments""",embedded in references,Hidden in annotation layers,GenURL
2102.11153,16.0,http://dx.doi.org/10.1088/1475-7516/2020/12/003,References,"""URLs with schemes such as http, https, ftp, sftp, git, magnet"", URLs with subdomain, ""URLs with paths, query Strings, and fragments""",embedded in references,Hidden in annotation layers,GenURL
2102.11153,16.0,http://dx.doi.org/10.1088/2041-8205/763/1/L20,References,"""URLs with schemes such as http, https, ftp, sftp, git, magnet"", URLs with subdomain, ""URLs with paths, query Strings, and fragments""",embedded in references,Hidden in annotation layers,GenURL
2102.11153,16.0,http://dx.doi.org/10.1093/mnras/156.1.1P,References,"""URLs with schemes such as http, https, ftp, sftp, git, magnet"", URLs with subdomain, ""URLs with paths, query Strings, and fragments""",embedded in references,Hidden in annotation layers,GenURL
2102.11153,16.0,http://dx.doi.org/10.1093/mnras/290.4.651,References,"""URLs with schemes such as http, https, ftp, sftp, git, magnet"", URLs with subdomain, ""URLs with paths, query Strings, and fragments""",embedded in references,Hidden in annotation layers,GenURL
2102.11153,16.0,http://dx.doi.org/10.1093/mnras/staa1524,References,"""URLs with schemes such as http, https, ftp, sftp, git, magnet"", URLs with subdomain, ""URLs with paths, query Strings, and fragments""",embedded in references,Hidden in annotation layers,GenURL
2102.11153,16.0,http://dx.doi.org/10.1093/mnras/staa2548,References,"""URLs with schemes such as http, https, ftp, sftp, git, magnet"", URLs with subdomain, ""URLs with paths, query Strings, and fragments""",embedded in references,Hidden in annotation layers,GenURL
2102.11153,16.0,http://dx.doi.org/10.1093/mnras/staa279,References,"""URLs with schemes such as http, https, ftp, sftp, git, magnet"", URLs with subdomain, ""URLs with paths, query Strings, and fragments""",embedded in references,Hidden in annotation layers,GenURL
2102.11153,16.0,http://dx.doi.org/10.1093/mnras/staa2854,References,"""URLs with schemes such as http, https, ftp, sftp, git, magnet"", URLs with subdomain, ""URLs with paths, query Strings, and fragments""",embedded in references,Hidden in annotation layers,GenURL
2102.11153,16.0,http://dx.doi.org/10.1093/mnras/staa2986,References,"""URLs with schemes such as http, https, ftp, sftp, git, magnet"", URLs with subdomain, ""URLs with paths, query Strings, and fragments""",embedded in references,Hidden in annotation layers,GenURL
2102.11153,16.0,http://dx.doi.org/10.1093/mnras/staa3168,References,"""URLs with schemes such as http, https, ftp, sftp, git, magnet"", URLs with subdomain, ""URLs with paths, query Strings, and fragments""",embedded in references,Hidden in annotation layers,GenURL
2102.11153,17.0,http://dx.doi.org/10.1093/mnras/staa3677,References,"""URLs with schemes such as http, https, ftp, sftp, git, magnet"", URLs with subdomain, ""URLs with paths, query Strings, and fragments""",embedded in references,Hidden in annotation layers,GenURL
2102.11153,16.0,http://dx.doi.org/10.1093/mnras/staa3856,References,"""URLs with schemes such as http, https, ftp, sftp, git, magnet"", URLs with subdomain, ""URLs with paths, query Strings, and fragments""",embedded in references,Hidden in annotation layers,GenURL
2102.11153,17.0,http://dx.doi.org/10.1093/mnras/staa604,References,"""URLs with schemes such as http, https, ftp, sftp, git, magnet"", URLs with subdomain, ""URLs with paths, query Strings, and fragments""","embedded in references, split across lines",Hidden in annotation layers,GenURL
2102.11153,17.0,http://dx.doi.org/10.1093/mnras/stab027,References,"""URLs with schemes such as http, https, ftp, sftp, git, magnet"", URLs with subdomain, ""URLs with paths, query Strings, and fragments""",embedded in references,Hidden in annotation layers,GenURL
2102.11153,16.0,http://dx.doi.org/10.1093/mnras/stt1082,References,"""URLs with schemes such as http, https, ftp, sftp, git, magnet"", URLs with subdomain, ""URLs with paths, query Strings, and fragments""",embedded in references,Hidden in annotation layers,GenURL
2102.11153,16.0,http://dx.doi.org/10.1093/mnras/stt520,References,"""URLs with schemes such as http, https, ftp, sftp, git, magnet"", URLs with subdomain, ""URLs with paths, query Strings, and fragments""",embedded in references,Hidden in annotation layers,GenURL
2102.11153,16.0,http://dx.doi.org/10.1093/mnras/stu1666,References,"""URLs with schemes such as http, https, ftp, sftp, git, magnet"", URLs with subdomain, ""URLs with paths, query Strings, and fragments""",embedded in references,Hidden in annotation layers,GenURL
2102.11153,16.0,http://dx.doi.org/10.1093/mnras/stu2474,References,"""URLs with schemes such as http, https, ftp, sftp, git, magnet"", URLs with subdomain, ""URLs with paths, query Strings, and fragments""",embedded in references,Hidden in annotation layers,GenURL
2102.11153,17.0,http://dx.doi.org/10.1093/mnras/stu792,References,"""URLs with schemes such as http, https, ftp, sftp, git, magnet"", URLs with subdomain, ""URLs with paths, query Strings, and fragments""",embedded in references,Hidden in annotation layers,GenURL
2102.11153,17.0,http://dx.doi.org/10.1093/mnras/stv855,References,"""URLs with schemes such as http, https, ftp, sftp, git, magnet"", URLs with subdomain, ""URLs with paths, query Strings, and fragments""",embedded in references,Hidden in annotation layers,GenURL
2102.11153,16.0,http://dx.doi.org/10.1093/mnras/stv961,References,"""URLs with schemes such as http, https, ftp, sftp, git, magnet"", URLs with subdomain, ""URLs with paths, query Strings, and fragments""",embedded in references,Hidden in annotation layers,GenURL
2102.11153,16.0,http://dx.doi.org/10.1093/mnras/stw1229,References,"""URLs with schemes such as http, https, ftp, sftp, git, magnet"", URLs with subdomain, ""URLs with paths, query Strings, and fragments""",embedded in references,Hidden in annotation layers,GenURL
2102.11153,16.0,http://dx.doi.org/10.1093/mnras/stw248,References,"""URLs with schemes such as http, https, ftp, sftp, git, magnet"", URLs with subdomain, ""URLs with paths, query Strings, and fragments""",embedded in references,Hidden in annotation layers,GenURL
2102.11153,17.0,http://dx.doi.org/10.1093/mnras/stw2556,References,"""URLs with schemes such as http, https, ftp, sftp, git, magnet"", URLs with subdomain, ""URLs with paths, query Strings, and fragments""",embedded in references,Hidden in annotation layers,GenURL
2102.11153,16.0,http://dx.doi.org/10.1093/mnras/stw2679,References,"""URLs with schemes such as http, https, ftp, sftp, git, magnet"", URLs with subdomain, ""URLs with paths, query Strings, and fragments""",embedded in references,Hidden in annotation layers,GenURL
2102.11153,17.0,http://dx.doi.org/10.1093/mnras/stw2901,References,"""URLs with schemes such as http, https, ftp, sftp, git, magnet"", URLs with subdomain, ""URLs with paths, query Strings, and fragments""",embedded in references,Hidden in annotation layers,GenURL
2102.11153,16.0,http://dx.doi.org/10.1093/mnras/stw482,References,"""URLs with schemes such as http, https, ftp, sftp, git, magnet"", URLs with subdomain, ""URLs with paths, query Strings, and fragments""",embedded in references,Hidden in annotation layers,GenURL
2102.11153,17.0,http://dx.doi.org/10.1093/mnras/stx2130,References,"""URLs with schemes such as http, https, ftp, sftp, git, magnet"", URLs with subdomain, ""URLs with paths, query Strings, and fragments""",embedded in references,Hidden in annotation layers,GenURL
2102.11153,16.0,http://dx.doi.org/10.1093/mnras/stx2662,References,"""URLs with schemes such as http, https, ftp, sftp, git, magnet"", URLs with subdomain, ""URLs with paths, query Strings, and fragments""",embedded in references,Hidden in annotation layers,TPD
2102.11153,16.0,http://dx.doi.org/10.1093/mnras/sty1266,References,"""URLs with schemes such as http, https, ftp, sftp, git, magnet"", URLs with subdomain, ""URLs with paths, query Strings, and fragments""",embedded in references,Hidden in annotation layers,GenURL
2102.11153,16.0,http://dx.doi.org/10.1093/mnras/sty1495,References,"""URLs with schemes such as http, https, ftp, sftp, git, magnet"", URLs with subdomain, ""URLs with paths, query Strings, and fragments""",embedded in references,Hidden in annotation layers,GenURL
2102.11153,17.0,http://dx.doi.org/10.1093/mnras/sty3143,References,"""URLs with schemes such as http, https, ftp, sftp, git, magnet"", URLs with subdomain, ""URLs with paths, query Strings, and fragments""",embedded in references,Hidden in annotation layers,GenURL
2102.11153,16.0,http://dx.doi.org/10.1093/mnras/sty346,References,"""URLs with schemes such as http, https, ftp, sftp, git, magnet"", URLs with subdomain, ""URLs with paths, query Strings, and fragments""",embedded in references,Hidden in annotation layers,GenURL
2102.11153,16.0,http://dx.doi.org/10.1093/mnras/sty535,References,"""URLs with schemes such as http, https, ftp, sftp, git, magnet"", URLs with subdomain, ""URLs with paths, query Strings, and fragments""",embedded in references,Hidden in annotation layers,GenURL
2102.11153,16.0,http://dx.doi.org/10.1093/mnras/stz1916,References,"""URLs with schemes such as http, https, ftp, sftp, git, magnet"", URLs with subdomain, ""URLs with paths, query Strings, and fragments""",embedded in references,Hidden in annotation layers,GenURL
2102.11153,16.0,http://dx.doi.org/10.1093/mnras/stz2799,References,"""URLs with schemes such as http, https, ftp, sftp, git, magnet"", URLs with subdomain, ""URLs with paths, query Strings, and fragments""",embedded in references,Hidden in annotation layers,GenURL
2102.11153,17.0,http://dx.doi.org/10.1093/mnrasl/slt074,References,"""URLs with schemes such as http, https, ftp, sftp, git, magnet"", URLs with subdomain, ""URLs with paths, query Strings, and fragments""",embedded in references,Hidden in annotation layers,GenURL
2102.11153,16.0,http://dx.doi.org/10.1103/PhysRevD.100.123522,References,"""URLs with schemes such as http, https, ftp, sftp, git, magnet"", URLs with subdomain, ""URLs with paths, query Strings, and fragments""",embedded in references,Hidden in annotation layers,GenURL
2102.11153,16.0,http://dx.doi.org/10.1103/PhysRevD.72.043529,References,"""URLs with schemes such as http, https, ftp, sftp, git, magnet"", URLs with subdomain, ""URLs with paths, query Strings, and fragments""",embedded in references,Hidden in annotation layers,GenURL
2102.11153,16.0,http://dx.doi.org/10.1103/PhysRevD.74.023522,References,"""URLs with schemes such as http, https, ftp, sftp, git, magnet"", URLs with subdomain, ""URLs with paths, query Strings, and fragments""",embedded in references,Hidden in annotation layers,GenURL
2102.11153,17.0,http://dx.doi.org/10.1103/PhysRevD.82.063522,References,"""URLs with schemes such as http, https, ftp, sftp, git, magnet"", URLs with subdomain, ""URLs with paths, query Strings, and fragments""",embedded in references,Hidden in annotation layers,GenURL
2102.11153,16.0,http://dx.doi.org/10.1103/PhysRevD.83.103006,References,"""URLs with schemes such as http, https, ftp, sftp, git, magnet"", URLs with subdomain, ""URLs with paths, query Strings, and fragments""",embedded in references,Hidden in annotation layers,GenURL
2102.11153,16.0,http://dx.doi.org/10.1103/PhysRevD.85.083509,References,"""URLs with schemes such as http, https, ftp, sftp, git, magnet"", URLs with subdomain, ""URLs with paths, query Strings, and fragments""",embedded in references,Hidden in annotation layers,GenURL
2102.11153,16.0,http://dx.doi.org/10.1103/PhysRevD.86.083540,References,"""URLs with schemes such as http, https, ftp, sftp, git, magnet"", URLs with subdomain, ""URLs with paths, query Strings, and fragments""",embedded in references,Hidden in annotation layers,GenURL
2102.11153,16.0,http://dx.doi.org/10.1103/PhysRevD.91.083514,References,"""URLs with schemes such as http, https, ftp, sftp, git, magnet"", URLs with subdomain, ""URLs with paths, query Strings, and fragments""","embedded in references, split across lines",Hidden in annotation layers,GenURL
2102.11153,16.0,http://dx.doi.org/10.1103/PhysRevD.92.083532,References,"""URLs with schemes such as http, https, ftp, sftp, git, magnet"", URLs with subdomain, ""URLs with paths, query Strings, and fragments""",embedded in references,Hidden in annotation layers,GenURL
2102.11153,16.0,http://dx.doi.org/10.1103/PhysRevD.93.083517,References,"""URLs with schemes such as http, https, ftp, sftp, git, magnet"", URLs with subdomain, ""URLs with paths, query Strings, and fragments""","embedded in references, split across lines",Hidden in annotation layers,GenURL
2102.11153,16.0,http://dx.doi.org/10.1103/PhysRevLett.100.091303,References,"""URLs with schemes such as http, https, ftp, sftp, git, magnet"", URLs with subdomain, ""URLs with paths, query Strings, and fragments""",embedded in references,Hidden in annotation layers,GenURL
2102.11153,16.0,http://dx.doi.org/10.1103/PhysRevLett.73.215,References,"""URLs with schemes such as http, https, ftp, sftp, git, magnet"", URLs with subdomain, ""URLs with paths, query Strings, and fragments""",embedded in references,Hidden in annotation layers,GenURL
2102.11153,16.0,http://dx.doi.org/10.1111/j.1365-2966.2004.08017.x,References,"""URLs with schemes such as http, https, ftp, sftp, git, magnet"", URLs with subdomain, ""URLs with paths, query Strings, and fragments""",embedded in references,Hidden in annotation layers,GenURL
2102.11153,16.0,http://dx.doi.org/10.1111/j.1365-2966.2004.08416.x,References,"""URLs with schemes such as http, https, ftp, sftp, git, magnet"", URLs with subdomain, ""URLs with paths, query Strings, and fragments""",embedded in references,Hidden in annotation layers,GenURL
2102.11153,16.0,http://dx.doi.org/10.1111/j.1365-2966.2007.11872.x,References,"""URLs with schemes such as http, https, ftp, sftp, git, magnet"", URLs with subdomain, ""URLs with paths, query Strings, and fragments""",embedded in references,Hidden in annotation layers,GenURL
2102.11153,17.0,http://dx.doi.org/10.1111/j.1365-2966.2007.12631.x,References,"""URLs with schemes such as http, https, ftp, sftp, git, magnet"", URLs with subdomain, ""URLs with paths, query Strings, and fragments""",embedded in references,Hidden in annotation layers,GenURL
2102.11153,16.0,http://dx.doi.org/10.1111/j.1365-2966.2009.14389.x,References,"""URLs with schemes such as http, https, ftp, sftp, git, magnet"", URLs with subdomain, ""URLs with paths, query Strings, and fragments""",embedded in references,Hidden in annotation layers,GenURL
2102.11153,16.0,http://dx.doi.org/10.1111/j.1365-2966.2009.15313.x,References,"""URLs with schemes such as http, https, ftp, sftp, git, magnet"", URLs with subdomain, ""URLs with paths, query Strings, and fragments""",embedded in references,Hidden in annotation layers,GenURL
2102.11153,16.0,http://dx.doi.org/10.22323/1.277.0037,References,"""URLs with schemes such as http, https, ftp, sftp, git, magnet"", URLs with subdomain, ""URLs with paths, query Strings, and fragments""",embedded in references,Hidden in annotation layers,GenURL
2102.11153,16.0,http://dx.doi.org/10.3847/0067-0049/222/2/22,References,"""URLs with schemes such as http, https, ftp, sftp, git, magnet"", URLs with subdomain, ""URLs with paths, query Strings, and fragments""",embedded in references,Hidden in annotation layers,TPS
2102.11153,16.0,http://dx.doi.org/10.3847/1538-4357/aa63e7,References,"""URLs with schemes such as http, https, ftp, sftp, git, magnet"", URLs with subdomain, ""URLs with paths, query Strings, and fragments""",embedded in references,Hidden in annotation layers,GenURL
2102.11153,17.0,http://dx.doi.org/10.3847/1538-4357/aadba0,References,"""URLs with schemes such as http, https, ftp, sftp, git, magnet"", URLs with subdomain, ""URLs with paths, query Strings, and fragments""",embedded in references,Hidden in annotation layers,GenURL
2102.11153,16.0,http://dx.doi.org/10.5281/zenodo.3991818,References,"""URLs with schemes such as http, https, ftp, sftp, git, magnet"", URLs with subdomain, ""URLs with paths, query Strings, and fragments""",embedded in references,Hidden in annotation layers,TPD
2102.11153,16.0,http://adsabs.harvard.edu/abs/2003MNRAS.341..369D,References,"""URLs with schemes such as http, https, ftp, sftp, git, magnet"", URLs with subdomain, ""URLs with paths, query Strings, and fragments""",embedded in references,Hidden in annotation layers,GenURL
2102.11153,17.0,http://www.skiesanduniverses.org/page/page-3/page-22/,References,"""URLs with schemes such as http, https, ftp, sftp, git, magnet"", ""URLs with paths, query Strings, and fragments"", URLs with trailing slashes",embedded in references,Hidden in annotation layers,TPD
2102.11153,16.0,http://www.scipy.org/,References,"URLs with trailing slashes, ""URLs with schemes such as http, https, ftp, sftp, git, magnet""",embedded in references,,TPS
2102.11153,18.0,http://intensitymapping.physics.ox.ac.uk/CRIME.html,References,"""URLs with schemes such as http, https, ftp, sftp, git, magnet"", ""URLs with paths, query Strings, and fragments"", URLs with subdomain",embedded in footnotes,Hidden in annotation layers,TPS
2102.11153,5.0,https://bitbucket.org/caw11/bifft/src/master/,Methodology,"""URLs with schemes such as http, https, ftp, sftp, git, magnet"", ""URLs with paths, query Strings, and fragments"", URLs with trailing slashes",embedded in footnotes,Hidden in annotation layers,APS
2102.11153,16.0,https://doi.org/10.5281/zenodo.3991818,References,"""URLs with schemes such as http, https, ftp, sftp, git, magnet"", ""URLs with paths, query Strings, and fragments""",embedded in references,,TPD
2102.11153,5.0,https://pylians3.readthedocs.io/en/master/Bk.html,Methodology,"""URLs with schemes such as http, https, ftp, sftp, git, magnet"", URLs with subdomain, ""URLs with paths, query Strings, and fragments""",embedded in footnotes,Hidden in annotation layers,TPS
2102.11153,16.0,https://ui.adsabs.harvard.edu/abs/1975ApJ...196....1P,References,"""URLs with schemes such as http, https, ftp, sftp, git, magnet"", URLs with subdomain, ""URLs with paths, query Strings, and fragments""",embedded in references,Hidden in annotation layers,GenURL
2102.11153,16.0,https://ui.adsabs.harvard.edu/abs/1982ApJ...259..474F,References,"""URLs with schemes such as http, https, ftp, sftp, git, magnet"", URLs with subdomain, ""URLs with paths, query Strings, and fragments""",embedded in references,Hidden in annotation layers,GenURL
2102.11153,16.0,https://ui.adsabs.harvard.edu/abs/2013MNRAS.434.1239B,References,"""URLs with schemes such as http, https, ftp, sftp, git, magnet"", URLs with subdomain, ""URLs with paths, query Strings, and fragments""",embedded in references,Hidden in annotation layers,GenURL
2102.11153,16.0,https://ui.adsabs.harvard.edu/abs/2019arXiv190407155A,References,"""URLs with schemes such as http, https, ftp, sftp, git, magnet"", URLs with subdomain, ""URLs with paths, query Strings, and fragments""",embedded in references,Hidden in annotation layers,GenURL
2102.11153,18.0,http://pla.esac.esa.int/pla,References,"""URLs with schemes such as http, https, ftp, sftp, git, magnet"", ""URLs with paths, query Strings, and fragments"", URLs with subdomain",embedded in footnotes,Hidden in annotation layers,TPD
2102.11975,8.0,http://arxiv.org/abs/https://academic.oup.com/mnras/article-pdf/477/4/5238/24865216/sty979.pdf,References,"""URLs with schemes such as http, https, ftp, sftp, git, magnet"", URLs with subdomain, ""URLs with paths, query Strings, and fragments""","split across lines, embedded in references",Hidden in annotation layers,GenURL
2102.11975,8.0,http://arxiv.org/abs/https://aip.scitation.org/doi/pdf/10.1063/1.2141897,References,"""URLs with schemes such as http, https, ftp, sftp, git, magnet"", ""URLs with paths, query Strings, and fragments"", URLs with subdomain",embedded in references,Hidden in annotation layers,GenURL
2102.11975,8.0,http://arxiv.org/abs/https://aip.scitation.org/doi/pdf/10.1063/1.861619,References,"""URLs with schemes such as http, https, ftp, sftp, git, magnet"", ""URLs with paths, query Strings, and fragments"", URLs with subdomain",embedded in references,Hidden in annotation layers,GenURL
2102.11975,8.0,http://arxiv.org/abs/https://doi.org/10.1063/1.2017942,References,"""URLs with schemes such as http, https, ftp, sftp, git, magnet"", ""URLs with paths, query Strings, and fragments""",embedded in references,Hidden in annotation layers,GenURL
2102.11975,8.0,http://arxiv.org/abs/https://doi.org/10.1063/1.3093477,References,"""URLs with schemes such as http, https, ftp, sftp, git, magnet"", ""URLs with paths, query Strings, and fragments""",embedded in references,Hidden in annotation layers,GenURL
2102.11975,8.0,http://arxiv.org/abs/https://doi.org/10.1063/1.3514586,References,"""URLs with schemes such as http, https, ftp, sftp, git, magnet"", ""URLs with paths, query Strings, and fragments""",embedded in references,Hidden in annotation layers,GenURL
2102.11975,8.0,http://arxiv.org/abs/https://doi.org/10.1063/1.5008278,References,"""URLs with schemes such as http, https, ftp, sftp, git, magnet"", ""URLs with paths, query Strings, and fragments""",embedded in references,Hidden in annotation layers,GenURL
2102.11975,8.0,http://dx.doi.org/10.1002/andp.19113390503,References,"""URLs with schemes such as http, https, ftp, sftp, git, magnet"", URLs with subdomain, ""URLs with paths, query Strings, and fragments""",embedded in references,Hidden in annotation layers,GenURL
2102.11975,8.0,http://dx.doi.org/10.1017/S0022377899007515,References,"""URLs with schemes such as http, https, ftp, sftp, git, magnet"", URLs with subdomain, ""URLs with paths, query Strings, and fragments""",embedded in references,Hidden in annotation layers,GenURL
2102.11975,8.0,http://dx.doi.org/10.1063/1.2017942,References,"""URLs with schemes such as http, https, ftp, sftp, git, magnet"", URLs with subdomain, ""URLs with paths, query Strings, and fragments""",embedded in references,Hidden in annotation layers,GenURL
2102.11975,8.0,http://dx.doi.org/10.1063/1.2141897,References,"""URLs with schemes such as http, https, ftp, sftp, git, magnet"", URLs with subdomain, ""URLs with paths, query Strings, and fragments""",embedded in references,Hidden in annotation layers,GenURL
2102.11975,8.0,http://dx.doi.org/10.1063/1.3093477,References,"""URLs with schemes such as http, https, ftp, sftp, git, magnet"", URLs with subdomain, ""URLs with paths, query Strings, and fragments""",embedded in references,Hidden in annotation layers,GenURL
2102.11975,8.0,http://dx.doi.org/10.1063/1.3514586,References,"""URLs with schemes such as http, https, ftp, sftp, git, magnet"", URLs with subdomain, ""URLs with paths, query Strings, and fragments""","split across lines, embedded in references",Hidden in annotation layers,GenURL
2102.11975,8.0,http://dx.doi.org/10.1063/1.5008278,References,"""URLs with schemes such as http, https, ftp, sftp, git, magnet"", URLs with subdomain, ""URLs with paths, query Strings, and fragments""",embedded in references,Hidden in annotation layers,GenURL
2102.11975,8.0,http://dx.doi.org/10.1063/1.861619,References,"""URLs with schemes such as http, https, ftp, sftp, git, magnet"", URLs with subdomain, ""URLs with paths, query Strings, and fragments""","split across lines, embedded in references",Hidden in annotation layers,GenURL
2102.11975,8.0,http://dx.doi.org/10.1086/308038,References,"""URLs with schemes such as http, https, ftp, sftp, git, magnet"", URLs with subdomain, ""URLs with paths, query Strings, and fragments""","split across lines, embedded in references",Hidden in annotation layers,GenURL
2102.11975,8.0,http://dx.doi.org/10.1086/379156,References,"""URLs with schemes such as http, https, ftp, sftp, git, magnet"", URLs with subdomain, ""URLs with paths, query Strings, and fragments""","split across lines, embedded in references",Hidden in annotation layers,GenURL
2102.11975,8.0,http://dx.doi.org/10.1086/498445,References,"""URLs with schemes such as http, https, ftp, sftp, git, magnet"", URLs with subdomain, ""URLs with paths, query Strings, and fragments""","split across lines, embedded in references",Hidden in annotation layers,GenURL
2102.11975,8.0,http://dx.doi.org/10.1086/521297,References,"""URLs with schemes such as http, https, ftp, sftp, git, magnet"", URLs with subdomain, ""URLs with paths, query Strings, and fragments""",embedded in references,Hidden in annotation layers,GenURL
2102.11975,8.0,http://dx.doi.org/10.1086/524764,References,"""URLs with schemes such as http, https, ftp, sftp, git, magnet"", URLs with subdomain, ""URLs with paths, query Strings, and fragments""","split across lines, embedded in references",Hidden in annotation layers,GenURL
2102.11975,8.0,http://dx.doi.org/10.1086/590248,References,"""URLs with schemes such as http, https, ftp, sftp, git, magnet"", URLs with subdomain, ""URLs with paths, query Strings, and fragments""",embedded in references,Hidden in annotation layers,GenURL
2102.11975,8.0,http://dx.doi.org/10.1088/0004-637x/693/2/l127,References,"""URLs with schemes such as http, https, ftp, sftp, git, magnet"", URLs with subdomain, ""URLs with paths, query Strings, and fragments""","split across lines, embedded in references",Hidden in annotation layers,GenURL
2102.11975,8.0,http://dx.doi.org/10.1088/0004-637X/695/2/L189,References,"""URLs with schemes such as http, https, ftp, sftp, git, magnet"", URLs with subdomain, ""URLs with paths, query Strings, and fragments""","split across lines, embedded in references",Hidden in annotation layers,GenURL
2102.11975,8.0,http://dx.doi.org/10.1088/0004-637x/771/1/54,References,"""URLs with schemes such as http, https, ftp, sftp, git, magnet"", URLs with subdomain, ""URLs with paths, query Strings, and fragments""","split across lines, embedded in references",Hidden in annotation layers,GenURL
2102.11975,8.0,http://dx.doi.org/10.1088/0004-637X/806/2/165,References,"""URLs with schemes such as http, https, ftp, sftp, git, magnet"", URLs with subdomain, ""URLs with paths, query Strings, and fragments""","split across lines, embedded in references",Hidden in annotation layers,GenURL
2102.11975,8.0,http://dx.doi.org/10.1088/0741-3335/54/12/125004,References,"""URLs with schemes such as http, https, ftp, sftp, git, magnet"", URLs with subdomain, ""URLs with paths, query Strings, and fragments""","split across lines, embedded in references",Hidden in annotation layers,GenURL
2102.11975,8.0,http://dx.doi.org/10.1088/0954-3899/25/8/201,References,"""URLs with schemes such as http, https, ftp, sftp, git, magnet"", URLs with subdomain, ""URLs with paths, query Strings, and fragments""","split across lines, embedded in references",Hidden in annotation layers,GenURL
2102.11975,8.0,http://dx.doi.org/10.1088/2041-8205/739/2/l42,References,"""URLs with schemes such as http, https, ftp, sftp, git, magnet"", URLs with subdomain, ""URLs with paths, query Strings, and fragments""",embedded in references,Hidden in annotation layers,GenURL
2102.11975,8.0,http://dx.doi.org/10.1093/mnras/sty979,References,"""URLs with schemes such as http, https, ftp, sftp, git, magnet"", URLs with subdomain, ""URLs with paths, query Strings, and fragments""","split across lines, embedded in references",Hidden in annotation layers,GenURL
2102.11975,8.0,http://dx.doi.org/10.1103/PhysRev.75.1169,References,"""URLs with schemes such as http, https, ftp, sftp, git, magnet"", URLs with subdomain, ""URLs with paths, query Strings, and fragments""",embedded in references,Hidden in annotation layers,GenURL
2102.11975,8.0,http://dx.doi.org/10.1103/PhysRevA.35.2718,References,"""URLs with schemes such as http, https, ftp, sftp, git, magnet"", URLs with subdomain, ""URLs with paths, query Strings, and fragments""",embedded in references,Hidden in annotation layers,GenURL
2102.11975,8.0,http://dx.doi.org/10.1103/PhysRevE.100.013205,References,"""URLs with schemes such as http, https, ftp, sftp, git, magnet"", URLs with subdomain, ""URLs with paths, query Strings, and fragments""",embedded in references,Hidden in annotation layers,GenURL
2102.11975,8.0,http://dx.doi.org/10.1103/PhysRevE.100.033209,References,"""URLs with schemes such as http, https, ftp, sftp, git, magnet"", URLs with subdomain, ""URLs with paths, query Strings, and fragments""",embedded in references,Hidden in annotation layers,GenURL
2102.11975,8.0,http://dx.doi.org/10.1103/PhysRevE.100.033210,References,"""URLs with schemes such as http, https, ftp, sftp, git, magnet"", URLs with subdomain, ""URLs with paths, query Strings, and fragments""",embedded in references,Hidden in annotation layers,GenURL
2102.11975,8.0,http://dx.doi.org/10.1103/PhysRevE.81.036402,References,"""URLs with schemes such as http, https, ftp, sftp, git, magnet"", URLs with subdomain, ""URLs with paths, query Strings, and fragments""","split across lines, embedded in references",Hidden in annotation layers,GenURL
2102.11975,8.0,http://dx.doi.org/10.1103/PhysRevLett.101.175001,References,"""URLs with schemes such as http, https, ftp, sftp, git, magnet"", URLs with subdomain, ""URLs with paths, query Strings, and fragments""","split across lines, embedded in references",Hidden in annotation layers,GenURL
2102.11975,8.0,http://dx.doi.org/10.1103/PhysRevLett.123.035101,References,"""URLs with schemes such as http, https, ftp, sftp, git, magnet"", URLs with subdomain, ""URLs with paths, query Strings, and fragments""",embedded in references,Hidden in annotation layers,GenURL
2102.11975,8.0,http://dx.doi.org/10.1103/PhysRevLett.2.83,References,"""URLs with schemes such as http, https, ftp, sftp, git, magnet"", URLs with subdomain, ""URLs with paths, query Strings, and fragments""",embedded in references,Hidden in annotation layers,GenURL
2102.11975,8.0,http://dx.doi.org/10.1103/RevModPhys.76.1143,References,"""URLs with schemes such as http, https, ftp, sftp, git, magnet"", URLs with subdomain, ""URLs with paths, query Strings, and fragments""",embedded in references,Hidden in annotation layers,GenURL
2102.11975,8.0,http://dx.doi.org/https://doi.org/10.1016/j.jcp.2020.109622,References,"""URLs with schemes such as http, https, ftp, sftp, git, magnet"", URLs with subdomain, ""URLs with paths, query Strings, and fragments""","split across lines, embedded in references",Hidden in annotation layers,GenURL
2102.12289,6.0,http://arxiv.org/abs/1609.03499,References,"""URLs with schemes such as http, https, ftp, sftp, git, magnet"", ""URLs with paths, query Strings, and fragments""",embedded in references,,GenURL
2102.12289,6.0,http://www.peterjbentley.com/heartchallenge/index.html,References,"""URLs with schemes such as http, https, ftp, sftp, git, magnet"", ""URLs with paths, query Strings, and fragments""",embedded in references,,TPD
2102.12289,4.0,https://github.com/rist-ro/argo,Methodology,"""URLs with schemes such as http, https, ftp, sftp, git, magnet"", ""URLs with paths, query Strings, and fragments""",,,Project
2201.04584,1.0,https://github.com/masadcv/ECONet-MONAILabel,Abstract,"""URLs with schemes such as http, https, ftp, sftp, git, magnet"", ""URLs with paths, query Strings, and fragments""",,,Project
2201.04584,5.0,https://github.com/masadcv/PyTorchHaarFeatures,Results and Discussion,"""URLs with schemes such as http, https, ftp, sftp, git, magnet"", ""URLs with paths, query Strings, and fragments""",,,Project
2201.04584,10.0,https://github.com/Project-MONAI/MONAI,References,"""URLs with schemes such as http, https, ftp, sftp, git, magnet"", ""URLs with paths, query Strings, and fragments""","split across lines, embedded in references",,Project
2201.04584,5.0,https://github.com/Project-MONAI/MONAILabel,Results and Discussion,"""URLs with schemes such as http, https, ftp, sftp, git, magnet"", ""URLs with paths, query Strings, and fragments""",embedded in footnotes,,Project
2201.09342,1.0,http://arxiv.org/abs/2201.09342v1,Header,"""URLs with schemes such as http, https, ftp, sftp, git, magnet"", ""URLs with paths, query Strings, and fragments""",,"Hidden in annotation layers, Hidden in metadata",GenURL
2201.09342,,https://doi.org/10.1016/0550-3213(73)90350-7,References,"""URLs with schemes such as http, https, ftp, sftp, git, magnet"", ""URLs with paths, query Strings, and fragments""",embedded in references,,GenURL
2201.09342,,https://doi.org/10.1016/S0370-2693(01)00862-0,References,"""URLs with schemes such as http, https, ftp, sftp, git, magnet"", ""URLs with paths, query Strings, and fragments""",embedded in references,,GenURL
2201.09342,,https://doi.org/10.1063/1.5078524,References,"""URLs with schemes such as http, https, ftp, sftp, git, magnet"", ""URLs with paths, query Strings, and fragments""",embedded in references,,GenURL
2201.09342,,https://doi.org/10.1088/0034-4885/58/5/001,References,"""URLs with schemes such as http, https, ftp, sftp, git, magnet"", ""URLs with paths, query Strings, and fragments""",embedded in references,,GenURL
2201.09342,,https://doi.org/10.1088/1126-6708/2009/06/089,References,"""URLs with schemes such as http, https, ftp, sftp, git, magnet"", ""URLs with paths, query Strings, and fragments""","embedded in references, split across lines",,GenURL
2201.09342,,https://doi.org/10.1088/1475-7516/2009/01/008,References,"""URLs with schemes such as http, https, ftp, sftp, git, magnet"", ""URLs with paths, query Strings, and fragments""",embedded in references,,GenURL
2201.09342,,https://doi.org/10.1088/1751-8113/43/17/175401,References,"""URLs with schemes such as http, https, ftp, sftp, git, magnet"", ""URLs with paths, query Strings, and fragments""","embedded in references, split across lines",,GenURL
2201.09342,,https://doi.org/10.1088/1751-8113/43/35/354021,References,"""URLs with schemes such as http, https, ftp, sftp, git, magnet"", ""URLs with paths, query Strings, and fragments""",embedded in references,,GenURL
2201.09342,,https://doi.org/10.1098/rspa.2009.0591,References,"""URLs with schemes such as http, https, ftp, sftp, git, magnet"", ""URLs with paths, query Strings, and fragments""",embedded in references,,GenURL
2201.09342,,https://doi.org/10.1103/PhysRev.115.485,References,"""URLs with schemes such as http, https, ftp, sftp, git, magnet"", ""URLs with paths, query Strings, and fragments""",embedded in references,,GenURL
2201.09342,,https://doi.org/10.1103/PhysRevD.100.085011,References,"""URLs with schemes such as http, https, ftp, sftp, git, magnet"", ""URLs with paths, query Strings, and fragments""",embedded in references,,GenURL
2201.09342,,https://doi.org/10.1103/PhysRevD.64.043004,References,"""URLs with schemes such as http, https, ftp, sftp, git, magnet"", ""URLs with paths, query Strings, and fragments""",embedded in references,,GenURL
2201.09342,,https://doi.org/10.1103/RevModPhys.82.109,References,"""URLs with schemes such as http, https, ftp, sftp, git, magnet"", ""URLs with paths, query Strings, and fragments""",embedded in references,,GenURL
2201.09342,,https://doi.org/10.1142/S0217732398000437,References,"""URLs with schemes such as http, https, ftp, sftp, git, magnet"", ""URLs with paths, query Strings, and fragments""",embedded in references,,GenURL
2201.09342,,https://doi.org/10.1142/S0217751X11054346,References,"""URLs with schemes such as http, https, ftp, sftp, git, magnet"", ""URLs with paths, query Strings, and fragments""",embedded in references,,GenURL
2201.09342,,https://doi.org/10.1142/S0217751X13501613,References,"""URLs with schemes such as http, https, ftp, sftp, git, magnet"", ""URLs with paths, query Strings, and fragments""",embedded in references,,GenURL
2201.09342,,https://doi.org/10.1142/S0217751X16500172,References,"""URLs with schemes such as http, https, ftp, sftp, git, magnet"", ""URLs with paths, query Strings, and fragments""",embedded in references,,GenURL
2201.09342,,https://doi.org/10.1142/S0217751X9400090X,References,"""URLs with schemes such as http, https, ftp, sftp, git, magnet"", ""URLs with paths, query Strings, and fragments""",embedded in references,,GenURL
2201.09342,,https://doi.org/10.15407/ujpe58.05.0424,References,"""URLs with schemes such as http, https, ftp, sftp, git, magnet"", ""URLs with paths, query Strings, and fragments""",embedded in references,,GenURL
2201.09342,,https://doi.org/10.21468/SciPostPhysLectNotes.11,References,"""URLs with schemes such as http, https, ftp, sftp, git, magnet"", ""URLs with paths, query Strings, and fragments""",embedded in references,,GenURL
2201.10084,,http://r0k.us/graphics/kodak,References,"""URLs with schemes such as http, https, ftp, sftp, git, magnet"", ""URLs with paths, query Strings, and fragments""","embedded in references, split across lines",,TPD
2201.10084,6.0,https://cv.snu.ac.kr/research/EDSR/models/edsr_baseline_x2-1bc95232.pt,Results and Discussion,"""URLs with schemes such as http, https, ftp, sftp, git, magnet"", URLs with subdomain, ""URLs with paths, query Strings, and fragments""",embedded in footnotes,,APD
2201.10084,9.0,https://drive.google.com/file/d/1KDn0ok5Q6dJtAAIBBkiFbHl1ms9kVezz/view?usp=sharing,Results and Discussion,"""URLs with schemes such as http, https, ftp, sftp, git, magnet"", URLs with subdomain, ""URLs with paths, query Strings, and fragments""","embedded in footnotes, split across lines",,TPD
2201.10084,9.0,https://drive.google.com/file/d/1oSsLjPPn6lqtzraFZLZGmwP_5KbPfTES/view?usp=sharing,Results and Discussion,"""URLs with schemes such as http, https, ftp, sftp, git, magnet"", URLs with subdomain, ""URLs with paths, query Strings, and fragments""","embedded in footnotes, split across lines",,TPD
2201.10084,,JMLR.org,References,URLs without scheme,embedded in references,,GenURL
2201.10084,,JMLR.org,References,URLs without scheme,embedded in references,,GenURL
2201.10084,,JMLR.org,References,URLs without scheme,embedded in references,,GenURL
2201.10084,,JMLR.org,References,URLs without scheme,embedded in references,,GenURL
2202.03099,5.0,https://wandb.ai/home,Methodology,"""URLs with schemes such as http, https, ftp, sftp, git, magnet"", ""URLs with paths, query Strings, and fragments""",embedded in footnotes,,TPS
2202.03099,11.0,https://ec.europa.eu/commission/sites/beta-political/files/data-protection-factsheet-changes_en.pdf,References,"""URLs with schemes such as http, https, ftp, sftp, git, magnet"", URLs with subdomain, ""URLs with paths, query Strings, and fragments""","split across lines, embedded in references",,GenURL
2202.03099,11.0,https://developer.apple.com/videos/play/wwdc2019/708,References,"""URLs with schemes such as http, https, ftp, sftp, git, magnet"", URLs with subdomain, ""URLs with paths, query Strings, and fragments""","split across lines, embedded in references",,GenURL
2202.03099,12.0,https://developer.nvidia.com/clara,References,"""URLs with schemes such as http, https, ftp, sftp, git, magnet"", URLs with subdomain, ""URLs with paths, query Strings, and fragments""",embedded in references,,GenURL
2202.03099,11.0,https://fedml.ai,References,"""URLs with schemes such as http, https, ftp, sftp, git, magnet""",embedded in references,,TPS
2202.03099,11.0,https://medium.com/tensorflow/introducing-tensorflow-federated-a4147aa20041,References,"""URLs with schemes such as http, https, ftp, sftp, git, magnet"", ""URLs with paths, query Strings, and fragments""","split across lines, embedded in references",,GenURL
2202.03099,11.0,https://newsroom.intel.com/news/intel-consilient-join-forces-fight-financial-fraud-ai/,References,"""URLs with schemes such as http, https, ftp, sftp, git, magnet"", ""URLs with paths, query Strings, and fragments""","split across lines, embedded in references",,GenURL
2202.03099,12.0,http://papers.neurips.cc/paper/9015-pytorch-an-imperative-style-high-performance-deep-learning-library.pdf,References,"""URLs with schemes such as http, https, ftp, sftp, git, magnet"", URLs with subdomain, ""URLs with paths, query Strings, and fragments""","split across lines, embedded in references",,APS
2202.03099,4.0,https://github.com/burlachenkok/flpytorch,Methodology,"""URLs with schemes such as http, https, ftp, sftp, git, magnet"", ""URLs with paths, query Strings, and fragments""",embedded in footnotes,,Project
2202.03099,11.0,https://github.com/intel/openfl,References,"""URLs with schemes such as http, https, ftp, sftp, git, magnet"", ""URLs with paths, query Strings, and fragments""",embedded in references,,TPS
2202.03099,12.0,https://blogs.nvidia.com/blog/2020/10/05/federated-learning-covid-oxygen-needs/,References,"""URLs with schemes such as http, https, ftp, sftp, git, magnet"", URLs with subdomain, ""URLs with paths, query Strings, and fragments"", URLs with trailing slashes",embedded in references,,GenURL
2202.03099,12.0,https://owkin.com/federated-learning/federated-model/,References,"""URLs with schemes such as http, https, ftp, sftp, git, magnet"", ""URLs with paths, query Strings, and fragments""","split across lines, embedded in references",,GenURL
2202.03099,12.0,https://www.fedai.org/cases/utilization-of-fate-in-anti-money-laundering-through-multiple-banks/,References,"""URLs with schemes such as http, https, ftp, sftp, git, magnet"", ""URLs with paths, query Strings, and fragments""","split across lines, embedded in references",,GenURL
2202.03099,11.0,https://support.google.com/assistant/answer/10176224,References,"""URLs with schemes such as http, https, ftp, sftp, git, magnet"", ""URLs with paths, query Strings, and fragments""","split across lines, embedded in references",,GenURL
2202.03099,12.0,https://www.melloddy.eu/y1announcement,References,"""URLs with schemes such as http, https, ftp, sftp, git, magnet"", ""URLs with paths, query Strings, and fragments""","split across lines, embedded in references",,GenURL
2202.03099,16.0,https://fedml.ai/,References,"""URLs with schemes such as http, https, ftp, sftp, git, magnet"", URLs with trailing slashes",,Hidden in annotation layers,TPS
2202.03099,16.0,https://flower.dev/,References,"""URLs with schemes such as http, https, ftp, sftp, git, magnet"", URLs with trailing slashes",,Hidden in annotation layers,TPS
2202.03932,13.0,https://artificialintelligenceact.eu/,References,"""URLs with schemes such as http, https, ftp, sftp, git, magnet"", URLs with trailing slashes",embedded in references,,GenURL
2202.03932,14.0,https://www.iais.fraunhofer.de/en/research/artificial-intelligence/ai-assessment-catalog.html,References,"""URLs with schemes such as http, https, ftp, sftp, git, magnet"", ""URLs with paths, query Strings, and fragments""","split across lines, embedded in references",,GenURL
2202.03932,14.0,https://www.youtube.com/live/ODSJsviD_SU?feature=share&t=4464,References,"""URLs with schemes such as http, https, ftp, sftp, git, magnet"", ""URLs with paths, query Strings, and fragments""","split across lines, embedded in references",,GenURL
2202.03932,13.0,https://youtu.be/uJWN0K26NxQ?t=1342,References,"""URLs with schemes such as http, https, ftp, sftp, git, magnet"", ""URLs with paths, query Strings, and fragments""",embedded in references,,GenURL
2202.06929,7.0,http://osc.edu/ark:/19495/f5s1ph73,References,"""URLs with schemes such as http, https, ftp, sftp, git, magnet"", ""URLs with paths, query Strings, and fragments""",embedded in references,,GenURL
2202.06929,7.0,https://www.sciencedirect.com/science/article/pii/0020019077900709,References,"""URLs with schemes such as http, https, ftp, sftp, git, magnet"", ""URLs with paths, query Strings, and fragments""","split across lines, embedded in references",,GenURL
2202.06929,,https://github.com/exatrkx/exatrkx-acat2021,Methodology,"""URLs with schemes such as http, https, ftp, sftp, git, magnet"", ""URLs with paths, query Strings, and fragments""",embedded in footnotes,,Project
2202.06929,4.0,https://github.com/murnanedaniel/FRNN,Methodology,"""URLs with schemes such as http, https, ftp, sftp, git, magnet"", ""URLs with paths, query Strings, and fragments""",embedded in footnotes,,Project
2202.06929,7.0,https://github.com/onnx/onnx,References,"""URLs with schemes such as http, https, ftp, sftp, git, magnet"", ""URLs with paths, query Strings, and fragments""","split across lines, embedded in references",,Project
2202.06929,,aaai.org,References,URLs without scheme,embedded in references,,GenURL
2202.06929,5.0,https://rapids.ai/about.html,Methodology,"""URLs with schemes such as http, https, ftp, sftp, git, magnet"", ""URLs with paths, query Strings, and fragments""",embedded in footnotes,,TPS
2202.07403,11.0,http://arxiv.org/abs/1312.6114,References,"""URLs with schemes such as http, https, ftp, sftp, git, magnet"", ""URLs with paths, query Strings, and fragments""",embedded in references,,GenURL
2202.07403,11.0,http://arxiv.org/abs/1412.6980,References,"""URLs with schemes such as http, https, ftp, sftp, git, magnet"", ""URLs with paths, query Strings, and fragments""","split across lines, embedded in references",,GenURL
2202.07403,11.0,http://arxiv.org/abs/1412.6980,References,"""URLs with schemes such as http, https, ftp, sftp, git, magnet"", ""URLs with paths, query Strings, and fragments""",embedded in references,,GenURL
2202.07403,11.0,http://arxiv.org/abs/1811.01457,References,"""URLs with schemes such as http, https, ftp, sftp, git, magnet"", ""URLs with paths, query Strings, and fragments""",embedded in references,,TPS
2202.07403,11.0,http://arxiv.org/abs/1902.02376,References,"""URLs with schemes such as http, https, ftp, sftp, git, magnet"", ""URLs with paths, query Strings, and fragments""",embedded in references,,TPS
2202.07403,11.0,http://arxiv.org/abs/1907.07587,References,"""URLs with schemes such as http, https, ftp, sftp, git, magnet"", ""URLs with paths, query Strings, and fragments""",embedded in references,,TPS
2202.07403,11.0,http://dx.doi.org/10.1561/2200000056,References,"""URLs with schemes such as http, https, ftp, sftp, git, magnet"", ""URLs with paths, query Strings, and fragments"", URLs with subdomain",embedded in references,,GenURL
2202.07403,6.0,https://alexlenail.me/NN-SVG/index.html,Methodology,"""URLs with schemes such as http, https, ftp, sftp, git, magnet"", ""URLs with paths, query Strings, and fragments""",,Hidden in annotation layers,GenURL
2202.07403,12.0,https://arxiv.org/abs/1907.03907,References,"""URLs with schemes such as http, https, ftp, sftp, git, magnet"", ""URLs with paths, query Strings, and fragments""",embedded in references,,GenURL
2202.07403,12.0,https://arxiv.org/abs/2001.04385,References,"""URLs with schemes such as http, https, ftp, sftp, git, magnet"", ""URLs with paths, query Strings, and fragments""",embedded in references,,TPS
2202.07403,11.0,https://arxiv.org/abs/2005.08926,References,"""URLs with schemes such as http, https, ftp, sftp, git, magnet"", ""URLs with paths, query Strings, and fragments""",embedded in references,,GenURL
2202.07403,11.0,https://www.biorxiv.org/content/early/2018/11/17/470435,References,"""URLs with schemes such as http, https, ftp, sftp, git, magnet"", ""URLs with paths, query Strings, and fragments""",embedded in references,,GenURL
2202.07403,11.0,https://www.medrxiv.org/content/10.1101/2020.08.18.20177113v2,References,"""URLs with schemes such as http, https, ftp, sftp, git, magnet"", ""URLs with paths, query Strings, and fragments""",embedded in references,,GenURL
2202.07403,12.0,https://www.medrxiv.org/content/10.1101/2021.06.21.21257586v1,References,"""URLs with schemes such as http, https, ftp, sftp, git, magnet"", ""URLs with paths, query Strings, and fragments""","split across lines, embedded in references",,GenURL
2202.07501,11.0,http://arxiv.org/abs/0207004,References,"""URLs with schemes such as http, https, ftp, sftp, git, magnet"", ""URLs with paths, query Strings, and fragments""",embedded in references,Hidden in annotation layers,GenURL
2202.07501,12.0,http://arxiv.org/abs/0808.0026,References,"""URLs with schemes such as http, https, ftp, sftp, git, magnet"", ""URLs with paths, query Strings, and fragments""",embedded in references,Hidden in annotation layers,GenURL
2202.07501,11.0,http://arxiv.org/abs/0811.1338,References,"""URLs with schemes such as http, https, ftp, sftp, git, magnet"", ""URLs with paths, query Strings, and fragments""",embedded in references,Hidden in annotation layers,GenURL
2202.07501,10.0,http://arxiv.org/abs/0812.2163,References,"""URLs with schemes such as http, https, ftp, sftp, git, magnet"", ""URLs with paths, query Strings, and fragments""",embedded in references,Hidden in annotation layers,GenURL
2202.07501,11.0,http://arxiv.org/abs/0907.4595,References,"""URLs with schemes such as http, https, ftp, sftp, git, magnet"", ""URLs with paths, query Strings, and fragments""",embedded in references,Hidden in annotation layers,GenURL
2202.07501,11.0,http://arxiv.org/abs/0910.1249,References,"""URLs with schemes such as http, https, ftp, sftp, git, magnet"", ""URLs with paths, query Strings, and fragments""","split across lines, embedded in references",Hidden in annotation layers,GenURL
2202.07501,11.0,http://arxiv.org/abs/0912.3688,References,"""URLs with schemes such as http, https, ftp, sftp, git, magnet"", ""URLs with paths, query Strings, and fragments""",embedded in references,Hidden in annotation layers,GenURL
2202.07501,11.0,http://arxiv.org/abs/1010.5788,References,"""URLs with schemes such as http, https, ftp, sftp, git, magnet"", ""URLs with paths, query Strings, and fragments""",embedded in references,Hidden in annotation layers,GenURL
2202.07501,10.0,http://arxiv.org/abs/1011.6142,References,"""URLs with schemes such as http, https, ftp, sftp, git, magnet"", ""URLs with paths, query Strings, and fragments""",embedded in references,Hidden in annotation layers,GenURL
2202.07501,10.0,http://arxiv.org/abs/1012.0045,References,"""URLs with schemes such as http, https, ftp, sftp, git, magnet"", ""URLs with paths, query Strings, and fragments""","split across lines, embedded in references",Hidden in annotation layers,GenURL
2202.07501,11.0,http://arxiv.org/abs/1103.4382,References,"""URLs with schemes such as http, https, ftp, sftp, git, magnet"", ""URLs with paths, query Strings, and fragments""",embedded in references,Hidden in annotation layers,GenURL
2202.07501,12.0,http://arxiv.org/abs/1110.3309,References,"""URLs with schemes such as http, https, ftp, sftp, git, magnet"", ""URLs with paths, query Strings, and fragments""",embedded in references,Hidden in annotation layers,GenURL
2202.07501,9.0,http://arxiv.org/abs/1205.6871,References,"""URLs with schemes such as http, https, ftp, sftp, git, magnet"", ""URLs with paths, query Strings, and fragments""","split across lines, embedded in references",Hidden in annotation layers,GenURL
2202.07501,11.0,http://arxiv.org/abs/1207.6314,References,"""URLs with schemes such as http, https, ftp, sftp, git, magnet"", ""URLs with paths, query Strings, and fragments""",embedded in references,Hidden in annotation layers,GenURL
2202.07501,10.0,http://arxiv.org/abs/1210.8177,References,"""URLs with schemes such as http, https, ftp, sftp, git, magnet"", ""URLs with paths, query Strings, and fragments""",embedded in references,Hidden in annotation layers,GenURL
2202.07501,10.0,http://arxiv.org/abs/1305.3242,References,"""URLs with schemes such as http, https, ftp, sftp, git, magnet"", ""URLs with paths, query Strings, and fragments""",embedded in references,Hidden in annotation layers,GenURL
2202.07501,9.0,http://arxiv.org/abs/1305.3510,References,"""URLs with schemes such as http, https, ftp, sftp, git, magnet"", ""URLs with paths, query Strings, and fragments""",embedded in references,Hidden in annotation layers,GenURL
2202.07501,10.0,http://arxiv.org/abs/1306.3387,References,"""URLs with schemes such as http, https, ftp, sftp, git, magnet"", ""URLs with paths, query Strings, and fragments""",embedded in references,Hidden in annotation layers,GenURL
2202.07501,11.0,http://arxiv.org/abs/1307.1889,References,"""URLs with schemes such as http, https, ftp, sftp, git, magnet"", ""URLs with paths, query Strings, and fragments""",embedded in references,Hidden in annotation layers,GenURL
2202.07501,11.0,http://arxiv.org/abs/1308.0939,References,"""URLs with schemes such as http, https, ftp, sftp, git, magnet"", ""URLs with paths, query Strings, and fragments""",embedded in references,Hidden in annotation layers,GenURL
2202.07501,11.0,http://arxiv.org/abs/1310.3688,References,"""URLs with schemes such as http, https, ftp, sftp, git, magnet"", ""URLs with paths, query Strings, and fragments""","split across lines, embedded in references",Hidden in annotation layers,GenURL
2202.07501,10.0,http://arxiv.org/abs/1412.7759,References,"""URLs with schemes such as http, https, ftp, sftp, git, magnet"", ""URLs with paths, query Strings, and fragments""",embedded in references,Hidden in annotation layers,GenURL
2202.07501,10.0,http://arxiv.org/abs/1501.05675,References,"""URLs with schemes such as http, https, ftp, sftp, git, magnet"", ""URLs with paths, query Strings, and fragments""",embedded in references,Hidden in annotation layers,GenURL
2202.07501,11.0,http://arxiv.org/abs/1502.05673,References,"""URLs with schemes such as http, https, ftp, sftp, git, magnet"", ""URLs with paths, query Strings, and fragments""",embedded in references,Hidden in annotation layers,GenURL
2202.07501,9.0,http://arxiv.org/abs/1603.02698,References,"""URLs with schemes such as http, https, ftp, sftp, git, magnet"", ""URLs with paths, query Strings, and fragments""",embedded in references,Hidden in annotation layers,GenURL
2202.07501,10.0,http://arxiv.org/abs/1610.03361,References,"""URLs with schemes such as http, https, ftp, sftp, git, magnet"", ""URLs with paths, query Strings, and fragments""",embedded in references,Hidden in annotation layers,GenURL
2202.07501,11.0,http://arxiv.org/abs/1610.05213,References,"""URLs with schemes such as http, https, ftp, sftp, git, magnet"", ""URLs with paths, query Strings, and fragments""","split across lines, embedded in references",Hidden in annotation layers,GenURL
2202.07501,11.0,http://arxiv.org/abs/1707.04140,References,"""URLs with schemes such as http, https, ftp, sftp, git, magnet"", ""URLs with paths, query Strings, and fragments""",embedded in references,Hidden in annotation layers,GenURL
2202.07501,10.0,http://arxiv.org/abs/1710.05836,References,"""URLs with schemes such as http, https, ftp, sftp, git, magnet"", ""URLs with paths, query Strings, and fragments""",embedded in references,Hidden in annotation layers,GenURL
2202.07501,10.0,http://arxiv.org/abs/1805.11579,References,"""URLs with schemes such as http, https, ftp, sftp, git, magnet"", ""URLs with paths, query Strings, and fragments""",embedded in references,Hidden in annotation layers,GenURL
2202.07501,10.0,http://arxiv.org/abs/1805.11581,References,"""URLs with schemes such as http, https, ftp, sftp, git, magnet"", ""URLs with paths, query Strings, and fragments""",embedded in references,Hidden in annotation layers,GenURL
2202.07501,10.0,http://arxiv.org/abs/1808.00531,References,"""URLs with schemes such as http, https, ftp, sftp, git, magnet"", ""URLs with paths, query Strings, and fragments""",embedded in references,Hidden in annotation layers,GenURL
2202.07501,11.0,http://arxiv.org/abs/1811.02087,References,"""URLs with schemes such as http, https, ftp, sftp, git, magnet"", ""URLs with paths, query Strings, and fragments""",embedded in references,Hidden in annotation layers,GenURL
2202.07501,10.0,http://arxiv.org/abs/1901.01012,References,"""URLs with schemes such as http, https, ftp, sftp, git, magnet"", ""URLs with paths, query Strings, and fragments""",embedded in references,Hidden in annotation layers,GenURL
2202.07501,9.0,http://arxiv.org/abs/1904.06759,References,"""URLs with schemes such as http, https, ftp, sftp, git, magnet"", ""URLs with paths, query Strings, and fragments""",embedded in references,Hidden in annotation layers,GenURL
2202.07501,11.0,http://arxiv.org/abs/2004.05014,References,"""URLs with schemes such as http, https, ftp, sftp, git, magnet"", ""URLs with paths, query Strings, and fragments""",embedded in references,Hidden in annotation layers,GenURL
2202.07501,10.0,http://arxiv.org/abs/2004.07232,References,"""URLs with schemes such as http, https, ftp, sftp, git, magnet"", ""URLs with paths, query Strings, and fragments""",embedded in references,Hidden in annotation layers,GenURL
2202.07501,11.0,http://arxiv.org/abs/2006.10610,References,"""URLs with schemes such as http, https, ftp, sftp, git, magnet"", ""URLs with paths, query Strings, and fragments""","split across lines, embedded in references",Hidden in annotation layers,GenURL
2202.07501,11.0,http://arxiv.org/abs/2101.01709,References,"""URLs with schemes such as http, https, ftp, sftp, git, magnet"", ""URLs with paths, query Strings, and fragments""","split across lines, embedded in references",Hidden in annotation layers,GenURL
2202.07501,10.0,http://arxiv.org/abs/2104.00880,References,"""URLs with schemes such as http, https, ftp, sftp, git, magnet"", ""URLs with paths, query Strings, and fragments""",embedded in references,Hidden in annotation layers,GenURL
2202.07501,10.0,http://arxiv.org/abs/2105.06981,References,"""URLs with schemes such as http, https, ftp, sftp, git, magnet"", ""URLs with paths, query Strings, and fragments""",embedded in references,Hidden in annotation layers,GenURL
2202.07501,10.0,http://arxiv.org/abs/2107.08060,References,"""URLs with schemes such as http, https, ftp, sftp, git, magnet"", ""URLs with paths, query Strings, and fragments""",embedded in references,Hidden in annotation layers,GenURL
2202.07501,11.0,http://arxiv.org/abs/2107.09759,References,"""URLs with schemes such as http, https, ftp, sftp, git, magnet"", ""URLs with paths, query Strings, and fragments""",embedded in references,Hidden in annotation layers,GenURL
2202.07501,11.0,http://arxiv.org/abs/2107.09763,References,"""URLs with schemes such as http, https, ftp, sftp, git, magnet"", ""URLs with paths, query Strings, and fragments""",embedded in references,Hidden in annotation layers,GenURL
2202.07501,11.0,http://arxiv.org/abs/2110.14785,References,"""URLs with schemes such as http, https, ftp, sftp, git, magnet"", ""URLs with paths, query Strings, and fragments""","split across lines, embedded in references",Hidden in annotation layers,GenURL
2202.07501,11.0,http://arxiv.org/abs/2110.14785,References,"""URLs with schemes such as http, https, ftp, sftp, git, magnet"", ""URLs with paths, query Strings, and fragments""",embedded in references,Hidden in annotation layers,GenURL
2202.07501,10.0,http://arxiv.org/abs/2201.01308,References,"""URLs with schemes such as http, https, ftp, sftp, git, magnet"", ""URLs with paths, query Strings, and fragments""",embedded in references,Hidden in annotation layers,GenURL
2202.07501,12.0,http://arxiv.org/abs/arxiv:1306.5785,References,"""URLs with schemes such as http, https, ftp, sftp, git, magnet"", ""URLs with paths, query Strings, and fragments""",embedded in references,Hidden in annotation layers,GenURL
2202.07501,10.0,http://arxiv.org/abs/astro-ph/0402143,References,"""URLs with schemes such as http, https, ftp, sftp, git, magnet"", ""URLs with paths, query Strings, and fragments""",embedded in references,Hidden in annotation layers,GenURL
2202.07501,11.0,http://arxiv.org/abs/astro-ph/0402514,References,"""URLs with schemes such as http, https, ftp, sftp, git, magnet"", ""URLs with paths, query Strings, and fragments""","split across lines, embedded in references",Hidden in annotation layers,GenURL
2202.07501,11.0,http://arxiv.org/abs/cond-mat/9805018,References,"""URLs with schemes such as http, https, ftp, sftp, git, magnet"", ""URLs with paths, query Strings, and fragments""",embedded in references,Hidden in annotation layers,GenURL
2202.07501,11.0,http://arxiv.org/abs/nucl-th/0001006,References,"""URLs with schemes such as http, https, ftp, sftp, git, magnet"", ""URLs with paths, query Strings, and fragments""","split across lines, embedded in references",Hidden in annotation layers,GenURL
2202.07501,11.0,http://arxiv.org/abs/nucl-th/0001007,References,"""URLs with schemes such as http, https, ftp, sftp, git, magnet"", ""URLs with paths, query Strings, and fragments""",embedded in references,Hidden in annotation layers,GenURL
2202.07501,12.0,http://arxiv.org/abs/nucl-th/0003048,References,"""URLs with schemes such as http, https, ftp, sftp, git, magnet"", ""URLs with paths, query Strings, and fragments""","split across lines, embedded in references",Hidden in annotation layers,GenURL
2202.07501,10.0,http://arxiv.org/abs/nucl-th/0210033,References,"""URLs with schemes such as http, https, ftp, sftp, git, magnet"", ""URLs with paths, query Strings, and fragments""",embedded in references,Hidden in annotation layers,GenURL
2202.07501,11.0,http://arxiv.org/abs/nucl-th/0212027,References,"""URLs with schemes such as http, https, ftp, sftp, git, magnet"", ""URLs with paths, query Strings, and fragments""",embedded in references,Hidden in annotation layers,GenURL
2202.07501,11.0,http://arxiv.org/abs/nucl-th/0304018,References,"""URLs with schemes such as http, https, ftp, sftp, git, magnet"", ""URLs with paths, query Strings, and fragments""","split across lines, embedded in references",Hidden in annotation layers,GenURL
2202.07501,12.0,http://arxiv.org/abs/nucl-th/0306009,References,"""URLs with schemes such as http, https, ftp, sftp, git, magnet"", ""URLs with paths, query Strings, and fragments""",embedded in references,Hidden in annotation layers,GenURL
2202.07501,11.0,http://arxiv.org/abs/nucl-th/0307089,References,"""URLs with schemes such as http, https, ftp, sftp, git, magnet"", ""URLs with paths, query Strings, and fragments""","split across lines, embedded in references",Hidden in annotation layers,GenURL
2202.07501,11.0,http://arxiv.org/abs/nucl-th/0402034,References,"""URLs with schemes such as http, https, ftp, sftp, git, magnet"", ""URLs with paths, query Strings, and fragments""",embedded in references,Hidden in annotation layers,GenURL
2202.07501,11.0,http://arxiv.org/abs/nucl-th/0508035,References,"""URLs with schemes such as http, https, ftp, sftp, git, magnet"", ""URLs with paths, query Strings, and fragments""",embedded in references,Hidden in annotation layers,GenURL
2202.07501,11.0,http://arxiv.org/abs/nucl-th/0608005,References,"""URLs with schemes such as http, https, ftp, sftp, git, magnet"", ""URLs with paths, query Strings, and fragments""","split across lines, embedded in references",Hidden in annotation layers,GenURL
2202.07501,10.0,http://arxiv.org/abs/nucl-th/9806097,References,"""URLs with schemes such as http, https, ftp, sftp, git, magnet"", ""URLs with paths, query Strings, and fragments""",embedded in references,Hidden in annotation layers,GenURL
2202.07501,12.0,http://arxiv.org/abs/nucl-th/9811073,References,"""URLs with schemes such as http, https, ftp, sftp, git, magnet"", ""URLs with paths, query Strings, and fragments""",embedded in references,Hidden in annotation layers,GenURL
2202.07501,10.0,https://compose.obspm.fr/,References,"""URLs with schemes such as http, https, ftp, sftp, git, magnet"", URLs with subdomain, URLs with trailing slashes",embedded in references,Hidden in annotation layers,Project
2202.07501,11.0,https://doi.org/10.1007/s10909-017-1818-7,References,"""URLs with schemes such as http, https, ftp, sftp, git, magnet"", ""URLs with paths, query Strings, and fragments""","split across lines, embedded in references",Hidden in annotation layers,GenURL
2202.07501,11.0,https://doi.org/10.1016/j.ppnp.2004.02.038,References,"""URLs with schemes such as http, https, ftp, sftp, git, magnet"", ""URLs with paths, query Strings, and fragments""","split across lines, embedded in references",Hidden in annotation layers,GenURL
2202.07501,11.0,https://doi.org/10.1016/j.ppnp.2010.03.001,References,"""URLs with schemes such as http, https, ftp, sftp, git, magnet"", ""URLs with paths, query Strings, and fragments""",embedded in references,Hidden in annotation layers,GenURL
2202.07501,11.0,https://doi.org/10.1016/S0146-6410(00)00105-8,References,"""URLs with schemes such as http, https, ftp, sftp, git, magnet"", ""URLs with paths, query Strings, and fragments""","split across lines, embedded in references",Hidden in annotation layers,GenURL
2202.07501,11.0,https://doi.org/10.1016/S0375-9474(00)00351-1,References,"""URLs with schemes such as http, https, ftp, sftp, git, magnet"", ""URLs with paths, query Strings, and fragments""",embedded in references,Hidden in annotation layers,GenURL
2202.07501,11.0,https://doi.org/10.1016/S0375-9474(02)01290-3,References,"""URLs with schemes such as http, https, ftp, sftp, git, magnet"", ""URLs with paths, query Strings, and fragments""",embedded in references,Hidden in annotation layers,GenURL
2202.07501,10.0,https://doi.org/10.1038/316027a0,References,"""URLs with schemes such as http, https, ftp, sftp, git, magnet"", ""URLs with paths, query Strings, and fragments""",embedded in references,Hidden in annotation layers,GenURL
2202.07501,9.0,https://doi.org/10.1038/nature09466,References,"""URLs with schemes such as http, https, ftp, sftp, git, magnet"", ""URLs with paths, query Strings, and fragments""",embedded in references,Hidden in annotation layers,GenURL
2202.07501,9.0,https://doi.org/10.1038/s41550-019-0880-2,References,"""URLs with schemes such as http, https, ftp, sftp, git, magnet"", ""URLs with paths, query Strings, and fragments""",embedded in references,Hidden in annotation layers,GenURL
2202.07501,12.0,https://doi.org/10.1038/s41592-019-0686-2,References,"""URLs with schemes such as http, https, ftp, sftp, git, magnet"", ""URLs with paths, query Strings, and fragments""",embedded in references,Hidden in annotation layers,TPS
2202.07501,10.0,https://doi.org/10.1088/0004-637X/777/1/22,References,"""URLs with schemes such as http, https, ftp, sftp, git, magnet"", ""URLs with paths, query Strings, and fragments""",embedded in references,Hidden in annotation layers,GenURL
2202.07501,10.0,https://doi.org/10.1088/0004-637X/784/2/123,References,"""URLs with schemes such as http, https, ftp, sftp, git, magnet"", ""URLs with paths, query Strings, and fragments""","split across lines, embedded in references",Hidden in annotation layers,GenURL
2202.07501,9.0,https://doi.org/10.1088/2041-8205/765/1/L5,References,"""URLs with schemes such as http, https, ftp, sftp, git, magnet"", ""URLs with paths, query Strings, and fragments""",embedded in references,Hidden in annotation layers,GenURL
2202.07501,10.0,https://doi.org/10.1093/mnras/stab2081,References,"""URLs with schemes such as http, https, ftp, sftp, git, magnet"", ""URLs with paths, query Strings, and fragments""",embedded in references,Hidden in annotation layers,GenURL
2202.07501,10.0,https://doi.org/10.1093/mnras/stz042,References,"""URLs with schemes such as http, https, ftp, sftp, git, magnet"", ""URLs with paths, query Strings, and fragments""",embedded in references,Hidden in annotation layers,GenURL
2202.07501,11.0,https://doi.org/10.1103/PhysRevA.80.033613,References,"""URLs with schemes such as http, https, ftp, sftp, git, magnet"", ""URLs with paths, query Strings, and fragments""","split across lines, embedded in references",Hidden in annotation layers,GenURL
2202.07501,11.0,https://doi.org/10.1103/PhysRevA.89.053630,References,"""URLs with schemes such as http, https, ftp, sftp, git, magnet"", ""URLs with paths, query Strings, and fragments""",embedded in references,Hidden in annotation layers,GenURL
2202.07501,11.0,https://doi.org/10.1103/PhysRevB.55.15153,References,"""URLs with schemes such as http, https, ftp, sftp, git, magnet"", ""URLs with paths, query Strings, and fragments""",embedded in references,Hidden in annotation layers,GenURL
2202.07501,11.0,https://doi.org/10.1103/PhysRevB.99.014502,References,"""URLs with schemes such as http, https, ftp, sftp, git, magnet"", ""URLs with paths, query Strings, and fragments""",embedded in references,Hidden in annotation layers,GenURL
2202.07501,10.0,https://doi.org/10.1103/PhysRevC.58.1921,References,"""URLs with schemes such as http, https, ftp, sftp, git, magnet"", ""URLs with paths, query Strings, and fragments""","split across lines, embedded in references",Hidden in annotation layers,GenURL
2202.07501,12.0,https://doi.org/10.1103/PhysRevC.59.2619,References,"""URLs with schemes such as http, https, ftp, sftp, git, magnet"", ""URLs with paths, query Strings, and fragments""","split across lines, embedded in references",Hidden in annotation layers,GenURL
2202.07501,12.0,https://doi.org/10.1103/PhysRevC.62.054316,References,"""URLs with schemes such as http, https, ftp, sftp, git, magnet"", ""URLs with paths, query Strings, and fragments""",embedded in references,Hidden in annotation layers,GenURL
2202.07501,12.0,https://doi.org/10.1103/PhysRevC.63.044310,References,"""URLs with schemes such as http, https, ftp, sftp, git, magnet"", ""URLs with paths, query Strings, and fragments""",embedded in references,Hidden in annotation layers,GenURL
2202.07501,11.0,https://doi.org/10.1103/PhysRevC.67.061302,References,"""URLs with schemes such as http, https, ftp, sftp, git, magnet"", ""URLs with paths, query Strings, and fragments""",embedded in references,Hidden in annotation layers,GenURL
2202.07501,12.0,https://doi.org/10.1103/PhysRevC.68.034310,References,"""URLs with schemes such as http, https, ftp, sftp, git, magnet"", ""URLs with paths, query Strings, and fragments""","split across lines, embedded in references",Hidden in annotation layers,GenURL
2202.07501,11.0,https://doi.org/10.1103/PhysRevC.68.041001,References,"""URLs with schemes such as http, https, ftp, sftp, git, magnet"", ""URLs with paths, query Strings, and fragments""",embedded in references,Hidden in annotation layers,GenURL
2202.07501,11.0,https://doi.org/10.1103/PhysRevC.71.054301,References,"""URLs with schemes such as http, https, ftp, sftp, git, magnet"", ""URLs with paths, query Strings, and fragments""",embedded in references,Hidden in annotation layers,GenURL
2202.07501,11.0,https://doi.org/10.1103/PhysRevC.72.054313,References,"""URLs with schemes such as http, https, ftp, sftp, git, magnet"", ""URLs with paths, query Strings, and fragments""","split across lines, embedded in references",Hidden in annotation layers,GenURL
2202.07501,11.0,https://doi.org/10.1103/PhysRevC.74.064301,References,"""URLs with schemes such as http, https, ftp, sftp, git, magnet"", ""URLs with paths, query Strings, and fragments""",embedded in references,Hidden in annotation layers,GenURL
2202.07501,11.0,https://doi.org/10.1103/PhysRevC.81.024002,References,"""URLs with schemes such as http, https, ftp, sftp, git, magnet"", ""URLs with paths, query Strings, and fragments""",embedded in references,Hidden in annotation layers,GenURL
2202.07501,11.0,https://doi.org/10.1103/PhysRevC.86.064001,References,"""URLs with schemes such as http, https, ftp, sftp, git, magnet"", ""URLs with paths, query Strings, and fragments""","split across lines, embedded in references",Hidden in annotation layers,GenURL
2202.07501,11.0,https://doi.org/10.1103/PhysRevC.88.044302,References,"""URLs with schemes such as http, https, ftp, sftp, git, magnet"", ""URLs with paths, query Strings, and fragments""",embedded in references,Hidden in annotation layers,GenURL
2202.07501,11.0,https://doi.org/10.1103/PhysRevC.88.054315,References,"""URLs with schemes such as http, https, ftp, sftp, git, magnet"", ""URLs with paths, query Strings, and fragments""",embedded in references,Hidden in annotation layers,GenURL
2202.07501,11.0,https://doi.org/10.1103/PhysRevC.88.054326,References,"""URLs with schemes such as http, https, ftp, sftp, git, magnet"", ""URLs with paths, query Strings, and fragments""",embedded in references,Hidden in annotation layers,GenURL
2202.07501,10.0,https://doi.org/10.1103/PhysRevC.91.015806,References,"""URLs with schemes such as http, https, ftp, sftp, git, magnet"", ""URLs with paths, query Strings, and fragments""",embedded in references,Hidden in annotation layers,GenURL
2202.07501,11.0,https://doi.org/10.1103/PhysRevC.94.025802,References,"""URLs with schemes such as http, https, ftp, sftp, git, magnet"", ""URLs with paths, query Strings, and fragments""","split across lines, embedded in references",Hidden in annotation layers,GenURL
2202.07501,11.0,https://doi.org/10.1103/PhysRevC.95.024302,References,"""URLs with schemes such as http, https, ftp, sftp, git, magnet"", ""URLs with paths, query Strings, and fragments""",embedded in references,Hidden in annotation layers,GenURL
2202.07501,10.0,https://doi.org/10.1103/PhysRevD.79.124032,References,"""URLs with schemes such as http, https, ftp, sftp, git, magnet"", ""URLs with paths, query Strings, and fragments""",embedded in references,Hidden in annotation layers,GenURL
2202.07501,12.0,https://doi.org/10.1103/PhysRevLett.101.140403,References,"""URLs with schemes such as http, https, ftp, sftp, git, magnet"", ""URLs with paths, query Strings, and fragments""","split across lines, embedded in references",Hidden in annotation layers,GenURL
2202.07501,10.0,https://doi.org/10.1103/PhysRevLett.106.081101,References,"""URLs with schemes such as http, https, ftp, sftp, git, magnet"", ""URLs with paths, query Strings, and fragments""","split across lines, embedded in references",Hidden in annotation layers,GenURL
2202.07501,11.0,https://doi.org/10.1103/PhysRevLett.107.145304,References,"""URLs with schemes such as http, https, ftp, sftp, git, magnet"", ""URLs with paths, query Strings, and fragments""",embedded in references,Hidden in annotation layers,GenURL
2202.07501,10.0,https://doi.org/10.1103/PhysRevLett.110.011101,References,"""URLs with schemes such as http, https, ftp, sftp, git, magnet"", ""URLs with paths, query Strings, and fragments""",embedded in references,Hidden in annotation layers,GenURL
2202.07501,10.0,https://doi.org/10.1103/PhysRevLett.119.161101,References,"""URLs with schemes such as http, https, ftp, sftp, git, magnet"", ""URLs with paths, query Strings, and fragments""",embedded in references,Hidden in annotation layers,GenURL
2202.07501,10.0,https://doi.org/10.1103/PhysRevLett.121.161101,References,"""URLs with schemes such as http, https, ftp, sftp, git, magnet"", ""URLs with paths, query Strings, and fragments""","split across lines, embedded in references",Hidden in annotation layers,GenURL
2202.07501,11.0,https://doi.org/10.1103/PhysRevLett.125.060403,References,"""URLs with schemes such as http, https, ftp, sftp, git, magnet"", ""URLs with paths, query Strings, and fragments""","split across lines, embedded in references",Hidden in annotation layers,GenURL
2202.07501,10.0,https://doi.org/10.1103/physrevlett.125.202702,References,"""URLs with schemes such as http, https, ftp, sftp, git, magnet"", ""URLs with paths, query Strings, and fragments""","split across lines, embedded in references",Hidden in annotation layers,GenURL
2202.07501,10.0,https://doi.org/10.1103/PhysRevLett.24.775,References,"""URLs with schemes such as http, https, ftp, sftp, git, magnet"", ""URLs with paths, query Strings, and fragments""","split across lines, embedded in references",Hidden in annotation layers,GenURL
2202.07501,10.0,https://doi.org/10.1103/PhysRevLett.24.775,References,"""URLs with schemes such as http, https, ftp, sftp, git, magnet"", ""URLs with paths, query Strings, and fragments""",embedded in references,Hidden in annotation layers,GenURL
2202.07501,11.0,https://doi.org/10.1103/PhysRevLett.92.082501,References,"""URLs with schemes such as http, https, ftp, sftp, git, magnet"", ""URLs with paths, query Strings, and fragments""",embedded in references,Hidden in annotation layers,GenURL
2202.07501,11.0,https://doi.org/10.1103/PhysRevLett.93.151101,References,"""URLs with schemes such as http, https, ftp, sftp, git, magnet"", ""URLs with paths, query Strings, and fragments""",embedded in references,Hidden in annotation layers,GenURL
2202.07501,10.0,https://doi.org/10.1103/PhysRevX.9.011001,References,"""URLs with schemes such as http, https, ftp, sftp, git, magnet"", ""URLs with paths, query Strings, and fragments""",embedded in references,Hidden in annotation layers,GenURL
2202.07501,10.0,https://doi.org/10.1103/RevModPhys.75.607,References,"""URLs with schemes such as http, https, ftp, sftp, git, magnet"", ""URLs with paths, query Strings, and fragments""",embedded in references,Hidden in annotation layers,GenURL
2202.07501,11.0,https://doi.org/10.1103/RevModPhys.81.1773,References,"""URLs with schemes such as http, https, ftp, sftp, git, magnet"", ""URLs with paths, query Strings, and fragments""",embedded in references,Hidden in annotation layers,GenURL
2202.07501,10.0,https://doi.org/10.1103/RevModPhys.89.015007,References,"""URLs with schemes such as http, https, ftp, sftp, git, magnet"", ""URLs with paths, query Strings, and fragments""","split across lines, embedded in references",Hidden in annotation layers,GenURL
2202.07501,10.0,https://doi.org/10.1111/j.1745-3933.2011.01015.x,References,"""URLs with schemes such as http, https, ftp, sftp, git, magnet"", ""URLs with paths, query Strings, and fragments""",embedded in references,Hidden in annotation layers,GenURL
2202.07501,12.0,https://doi.org/10.1126/science.1214987,References,"""URLs with schemes such as http, https, ftp, sftp, git, magnet"", ""URLs with paths, query Strings, and fragments""",embedded in references,Hidden in annotation layers,GenURL
2202.07501,11.0,https://doi.org/10.1142/2657,References,"""URLs with schemes such as http, https, ftp, sftp, git, magnet"", ""URLs with paths, query Strings, and fragments""",embedded in references,Hidden in annotation layers,GenURL
2202.07501,10.0,https://doi.org/10.1143/PTP.44.905,References,"""URLs with schemes such as http, https, ftp, sftp, git, magnet"", ""URLs with paths, query Strings, and fragments""","split across lines, embedded in references",Hidden in annotation layers,GenURL
2202.07501,9.0,https://doi.org/10.1146/annurev-astro-081915-023322,References,"""URLs with schemes such as http, https, ftp, sftp, git, magnet"", ""URLs with paths, query Strings, and fragments""","split across lines, embedded in references",Hidden in annotation layers,GenURL
2202.07501,12.0,https://doi.org/10.1146/annurev-conmatphys-031113-133829,References,"""URLs with schemes such as http, https, ftp, sftp, git, magnet"", ""URLs with paths, query Strings, and fragments""","split across lines, embedded in references",Hidden in annotation layers,GenURL
2202.07501,10.0,https://doi.org/10.1146/annurev-nucl-102014-021957,References,"""URLs with schemes such as http, https, ftp, sftp, git, magnet"", ""URLs with paths, query Strings, and fragments""","split across lines, embedded in references",Hidden in annotation layers,GenURL
2202.07501,11.0,https://doi.org/10.1146/annurev-nucl-102419-041903,References,"""URLs with schemes such as http, https, ftp, sftp, git, magnet"", ""URLs with paths, query Strings, and fragments""",embedded in references,Hidden in annotation layers,GenURL
2202.07501,9.0,https://doi.org/10.1146/annurev-nucl-102711-095018,References,"""URLs with schemes such as http, https, ftp, sftp, git, magnet"", ""URLs with paths, query Strings, and fragments""","split across lines, embedded in references",Hidden in annotation layers,GenURL
2202.07501,10.0,https://doi.org/10.1146/annurev.astro.42.053102.134013,References,"""URLs with schemes such as http, https, ftp, sftp, git, magnet"", ""URLs with paths, query Strings, and fragments""","split across lines, embedded in references",Hidden in annotation layers,GenURL
2202.07501,11.0,https://doi.org/10.3389/fphy.2020.00387,References,"""URLs with schemes such as http, https, ftp, sftp, git, magnet"", ""URLs with paths, query Strings, and fragments""",embedded in references,Hidden in annotation layers,GenURL
2202.07501,10.0,https://doi.org/10.3390/condmat7010019,References,"""URLs with schemes such as http, https, ftp, sftp, git, magnet"", ""URLs with paths, query Strings, and fragments""","split across lines, embedded in references",Hidden in annotation layers,GenURL
2202.07501,10.0,https://doi.org/10.3847/1538-4357/aad7fc,References,"""URLs with schemes such as http, https, ftp, sftp, git, magnet"", ""URLs with paths, query Strings, and fragments""","split across lines, embedded in references",Hidden in annotation layers,GenURL
2202.07501,10.0,https://doi.org/10.3847/2041-8213/ac03b8,References,"""URLs with schemes such as http, https, ftp, sftp, git, magnet"", ""URLs with paths, query Strings, and fragments""",embedded in references,Hidden in annotation layers,GenURL
2202.07501,10.0,https://doi.org/10.3847/2041-8213/ac089a,References,"""URLs with schemes such as http, https, ftp, sftp, git, magnet"", ""URLs with paths, query Strings, and fragments""","split across lines, embedded in references",Hidden in annotation layers,GenURL
2202.07501,10.0,https://doi.org/https://doi.org/10.1016/0375-9474(85)90140-X,References,"""URLs with schemes such as http, https, ftp, sftp, git, magnet"", ""URLs with paths, query Strings, and fragments""","split across lines, embedded in references",,GenURL
2202.07501,12.0,https://doi.org/https://doi.org/10.1016/0375-9474(89)90252-2,References,"""URLs with schemes such as http, https, ftp, sftp, git, magnet"", ""URLs with paths, query Strings, and fragments""","split across lines, embedded in references",,GenURL
2202.07501,11.0,https://doi.org/https://doi.org/10.1016/S0921-4534(99)00326-3,References,"""URLs with schemes such as http, https, ftp, sftp, git, magnet"", ""URLs with paths, query Strings, and fragments""","split across lines, embedded in references",,GenURL
2202.07501,12.0,https://github.com/arnaurios/Gap_Tc_Paper,References,"""URLs with schemes such as http, https, ftp, sftp, git, magnet"", ""URLs with paths, query Strings, and fragments""","split across lines, embedded in references",,Project
2202.09235,12.0,http://arxiv.org/abs/1704.05955,References,"""URLs with schemes such as http, https, ftp, sftp, git, magnet"", ""URLs with paths, query Strings, and fragments""",embedded in references,Hidden in annotation layers,GenURL
2202.09235,12.0,http://arxiv.org/abs/2109.06903,References,"""URLs with schemes such as http, https, ftp, sftp, git, magnet"", ""URLs with paths, query Strings, and fragments""",embedded in references,Hidden in annotation layers,GenURL
2202.09235,11.0,http://dx.doi.org/10.1007/s11128-015-1016-y,References,"""URLs with schemes such as http, https, ftp, sftp, git, magnet"", ""URLs with paths, query Strings, and fragments"", URLs with subdomain",embedded in references,,GenURL
2202.09235,12.0,http://dx.doi.org/10.1016/S0960-0779(98)00218-5,References,"""URLs with schemes such as http, https, ftp, sftp, git, magnet"", ""URLs with paths, query Strings, and fragments"", URLs with subdomain","split across lines, embedded in references",,GenURL
2202.09235,11.0,http://dx.doi.org/10.1063/1.4914941,References,"""URLs with schemes such as http, https, ftp, sftp, git, magnet"", ""URLs with paths, query Strings, and fragments"", URLs with subdomain","split across lines, embedded in references",,GenURL
2202.09235,11.0,http://dx.doi.org/10.1103/PhysRevA.87.032332,References,"""URLs with schemes such as http, https, ftp, sftp, git, magnet"", ""URLs with paths, query Strings, and fragments"", URLs with subdomain",embedded in references,,GenURL
2202.09235,11.0,http://dx.doi.org/10.1103/PhysRevA.93.012313,References,"""URLs with schemes such as http, https, ftp, sftp, git, magnet"", ""URLs with paths, query Strings, and fragments"", URLs with subdomain",embedded in references,,GenURL
2202.09235,12.0,http://dx.doi.org/10.1103/PhysRevA.98.032304,References,"""URLs with schemes such as http, https, ftp, sftp, git, magnet"", ""URLs with paths, query Strings, and fragments"", URLs with subdomain",embedded in references,,GenURL
2202.09235,12.0,http://dx.doi.org/10.1103/PhysRevLett.124.090505,References,"""URLs with schemes such as http, https, ftp, sftp, git, magnet"", ""URLs with paths, query Strings, and fragments"", URLs with subdomain","split across lines, embedded in references",,GenURL
2202.09235,12.0,http://dx.doi.org/10.1364/OE.26.030689,References,"""URLs with schemes such as http, https, ftp, sftp, git, magnet"", ""URLs with paths, query Strings, and fragments"", URLs with subdomain",embedded in references,,GenURL
2202.09235,11.0,https://doi.org/10.1007/s11128-015-1016-y,References,"""URLs with schemes such as http, https, ftp, sftp, git, magnet"", ""URLs with paths, query Strings, and fragments""",embedded in references,Hidden in annotation layers,GenURL
2202.09235,12.0,https://doi.org/10.1016/j.aop.2019.04.001,References,"""URLs with schemes such as http, https, ftp, sftp, git, magnet"", ""URLs with paths, query Strings, and fragments""","split across lines, embedded in references",Hidden in annotation layers,GenURL
2202.09235,12.0,https://doi.org/10.1016/s0960-0779(98)00218-5,References,"""URLs with schemes such as http, https, ftp, sftp, git, magnet"", ""URLs with paths, query Strings, and fragments""",embedded in references,Hidden in annotation layers,GenURL
2202.09235,11.0,https://doi.org/10.1063/1.4914941,References,"""URLs with schemes such as http, https, ftp, sftp, git, magnet"", ""URLs with paths, query Strings, and fragments""",embedded in references,Hidden in annotation layers,GenURL
2202.09235,11.0,https://doi.org/10.1088/1367-2630/14/6/063006,References,"""URLs with schemes such as http, https, ftp, sftp, git, magnet"", ""URLs with paths, query Strings, and fragments""",embedded in references,Hidden in annotation layers,GenURL
2202.09235,12.0,https://doi.org/10.1088/1367-2630/16/1/013009,References,"""URLs with schemes such as http, https, ftp, sftp, git, magnet"", ""URLs with paths, query Strings, and fragments""",embedded in references,Hidden in annotation layers,GenURL
2202.09235,11.0,https://doi.org/10.1103/PhysRevA.71.022316,References,"""URLs with schemes such as http, https, ftp, sftp, git, magnet"", ""URLs with paths, query Strings, and fragments""",embedded in references,Hidden in annotation layers,GenURL
2202.09235,12.0,https://doi.org/10.1103/PhysRevA.86.022316,References,"""URLs with schemes such as http, https, ftp, sftp, git, magnet"", ""URLs with paths, query Strings, and fragments""","split across lines, embedded in references",Hidden in annotation layers,GenURL
2202.09235,11.0,https://doi.org/10.1103/physreva.87.032332,References,"""URLs with schemes such as http, https, ftp, sftp, git, magnet"", ""URLs with paths, query Strings, and fragments""","split across lines, embedded in references",Hidden in annotation layers,GenURL
2202.09235,11.0,https://doi.org/10.1103/physreva.93.012313,References,"""URLs with schemes such as http, https, ftp, sftp, git, magnet"", ""URLs with paths, query Strings, and fragments""",embedded in references,Hidden in annotation layers,GenURL
2202.09235,11.0,https://doi.org/10.1103/PhysRevA.95.012329,References,"""URLs with schemes such as http, https, ftp, sftp, git, magnet"", ""URLs with paths, query Strings, and fragments""",embedded in references,Hidden in annotation layers,GenURL
2202.09235,11.0,https://doi.org/10.1103/PhysRevA.96.012306,References,"""URLs with schemes such as http, https, ftp, sftp, git, magnet"", ""URLs with paths, query Strings, and fragments""","split across lines, embedded in references",Hidden in annotation layers,GenURL
2202.09235,12.0,https://doi.org/10.1103/physreva.98.032304,References,"""URLs with schemes such as http, https, ftp, sftp, git, magnet"", ""URLs with paths, query Strings, and fragments""","split across lines, embedded in references",Hidden in annotation layers,GenURL
2202.09235,12.0,https://doi.org/10.1103/physrevlett.124.090505,References,"""URLs with schemes such as http, https, ftp, sftp, git, magnet"", ""URLs with paths, query Strings, and fragments""",embedded in references,Hidden in annotation layers,GenURL
2202.09235,12.0,https://doi.org/10.1103/PhysRevLett.125.180504,References,"""URLs with schemes such as http, https, ftp, sftp, git, magnet"", ""URLs with paths, query Strings, and fragments""","split across lines, embedded in references",Hidden in annotation layers,GenURL
2202.09235,11.0,https://doi.org/10.1103/PhysRevX.11.021010,References,"""URLs with schemes such as http, https, ftp, sftp, git, magnet"", ""URLs with paths, query Strings, and fragments""",embedded in references,Hidden in annotation layers,GenURL
2202.09235,11.0,https://doi.org/10.1103/PhysRevX.2.041021,References,"""URLs with schemes such as http, https, ftp, sftp, git, magnet"", ""URLs with paths, query Strings, and fragments""",embedded in references,Hidden in annotation layers,GenURL
2202.09235,12.0,https://doi.org/10.1364/oe.26.030689,References,"""URLs with schemes such as http, https, ftp, sftp, git, magnet"", ""URLs with paths, query Strings, and fragments""",embedded in references,Hidden in annotation layers,GenURL
2202.09235,11.0,https://doi.org/10.26421/QIC16.9-10-8,References,"""URLs with schemes such as http, https, ftp, sftp, git, magnet"", ""URLs with paths, query Strings, and fragments""","split across lines, embedded in references",Hidden in annotation layers,GenURL
2202.09235,11.0,https://doi.org/10.26421/QIC18.1-2-1,References,"""URLs with schemes such as http, https, ftp, sftp, git, magnet"", ""URLs with paths, query Strings, and fragments""",embedded in references,Hidden in annotation layers,GenURL
2202.09235,12.0,https://doi.org/10.3389/fphy.2020.589504,References,"""URLs with schemes such as http, https, ftp, sftp, git, magnet"", ""URLs with paths, query Strings, and fragments""",embedded in references,Hidden in annotation layers,GenURL
2202.09235,8.0,https://github.com/lia-approves/qudit-circuits/tree/main/qutrit_R_from_T,Results and Discussion,"""URLs with schemes such as http, https, ftp, sftp, git, magnet"", ""URLs with paths, query Strings, and fragments""","embedded in references, embedded in footnotes",,APS
2202.09235,11.0,https://link.aps.org/doi/10.1103/PhysRevA.71.022316,References,"""URLs with schemes such as http, https, ftp, sftp, git, magnet"", URLs with subdomain, ""URLs with paths, query Strings, and fragments""","split across lines, embedded in references",,GenURL
2202.09235,12.0,https://link.aps.org/doi/10.1103/PhysRevA.86.022316,References,"""URLs with schemes such as http, https, ftp, sftp, git, magnet"", URLs with subdomain, ""URLs with paths, query Strings, and fragments""",embedded in references,,GenURL
2202.09235,11.0,https://link.aps.org/doi/10.1103/PhysRevA.95.012329,References,"""URLs with schemes such as http, https, ftp, sftp, git, magnet"", URLs with subdomain, ""URLs with paths, query Strings, and fragments""","split across lines, embedded in references",,GenURL
2202.09235,11.0,https://link.aps.org/doi/10.1103/PhysRevA.96.012306,References,"""URLs with schemes such as http, https, ftp, sftp, git, magnet"", URLs with subdomain, ""URLs with paths, query Strings, and fragments""",embedded in references,,GenURL
2202.09235,12.0,https://link.aps.org/doi/10.1103/PhysRevLett.125.180504,References,"""URLs with schemes such as http, https, ftp, sftp, git, magnet"", URLs with subdomain, ""URLs with paths, query Strings, and fragments""",embedded in references,,GenURL
2202.09235,11.0,https://link.aps.org/doi/10.1103/PhysRevX.11.021010,References,"""URLs with schemes such as http, https, ftp, sftp, git, magnet"", URLs with subdomain, ""URLs with paths, query Strings, and fragments""","split across lines, embedded in references",,GenURL
2202.09235,11.0,https://link.aps.org/doi/10.1103/PhysRevX.2.041021,References,"""URLs with schemes such as http, https, ftp, sftp, git, magnet"", URLs with subdomain, ""URLs with paths, query Strings, and fragments""","split across lines, embedded in references",,GenURL
2202.09235,1.0,https://orcid.org/0000-0001-9824-5804,Title & Authors,"""URLs with schemes such as http, https, ftp, sftp, git, magnet"", ""URLs with paths, query Strings, and fragments""",,Hidden in annotation layers,GenURL
2202.09235,1.0,https://orcid.org/0000-0002-5405-8959,Title & Authors,"""URLs with schemes such as http, https, ftp, sftp, git, magnet"", ""URLs with paths, query Strings, and fragments""",,Hidden in annotation layers,GenURL
2202.09235,1.0,https://orcid.org/0000-0003-0941-4333,Title & Authors,"""URLs with schemes such as http, https, ftp, sftp, git, magnet"", ""URLs with paths, query Strings, and fragments""",,Hidden in annotation layers,GenURL
2202.09235,1.0,https://orcid.org/0000-0003-2704-4057,Title & Authors,"""URLs with schemes such as http, https, ftp, sftp, git, magnet"", ""URLs with paths, query Strings, and fragments""",,Hidden in annotation layers,GenURL
2202.09235,1.0,https://vdwetering.name,Title & Authors,"""URLs with schemes such as http, https, ftp, sftp, git, magnet"", URLs with subdomain",,Hidden in annotation layers,GenURL
2202.09235,12.0,https://www.frontiersin.org/article/10.3389/fphy.2020.589504,References,"""URLs with schemes such as http, https, ftp, sftp, git, magnet"", ""URLs with paths, query Strings, and fragments""","split across lines, embedded in references",,GenURL
2202.09235,1.0,https://www.mathstat.dal.ca/~neilr/,Title & Authors,"""URLs with schemes such as http, https, ftp, sftp, git, magnet"", URLs with subdomain, URLs with unicode characters, ""URLs with paths, query Strings, and fragments"", URLs with trailing slashes",,Hidden in annotation layers,GenURL
2202.09235,1.0,mailto:andrewglaudell@gmail.com,Title & Authors,"""URLs with schemes such as http, https, ftp, sftp, git, magnet""",,Hidden in annotation layers,GenURL
2202.09235,1.0,mailto:john@vdwetering.name,Title & Authors,"""URLs with schemes such as http, https, ftp, sftp, git, magnet""",,Hidden in annotation layers,GenURL
2202.09235,1.0,mailto:lia.yeh@cs.ox.ac.uk,Title & Authors,"""URLs with schemes such as http, https, ftp, sftp, git, magnet""",,Hidden in annotation layers,GenURL
2202.09235,1.0,mailto:neil.jr.ross@dal.ca,Title & Authors,"""URLs with schemes such as http, https, ftp, sftp, git, magnet""",,Hidden in annotation layers,GenURL
2202.09381,1.0,https://ﬁvethirtyeight.com/features/why-twitters-fact-check-of-trump-might-not-be-enough-to-combat-misinformation/ ,Introduction,"""URLs with schemes such as http, https, ftp, sftp, git, magnet"", ""URLs with paths, query Strings, and fragments"", URLs with trailing slashes","split across lines, embedded in footnotes",,GenURL
2202.09381,1.0,https://www.nytimes.com/article/what-is-qanon.html,Introduction,"""URLs with schemes such as http, https, ftp, sftp, git, magnet"", ""URLs with paths, query Strings, and fragments""",embedded in footnotes,,GenURL
2202.09381,2.0,https://meta.wikimedia.org/wiki/,Introduction,"""URLs with schemes such as http, https, ftp, sftp, git, magnet"", ""URLs with paths, query Strings, and fragments"", URLs with trailing slashes",embedded in footnotes,,GenURL
2202.09381,2.0,https://en.wikipedia.org/wiki/,Introduction,"""URLs with schemes such as http, https, ftp, sftp, git, magnet"", ""URLs with paths, query Strings, and fragments"", URLs with trailing slashes",embedded in footnotes,,GenURL
2202.09381,2.0,https://www.lawfareblog.com/outsourcing-disinformation,Introduction,"""URLs with schemes such as http, https, ftp, sftp, git, magnet"", ""URLs with paths, query Strings, and fragments""",embedded in footnotes,,GenURL
2202.09381,12.0,https://github.com/Yibing-Du/adversarial-factcheck,References,"""URLs with schemes such as http, https, ftp, sftp, git, magnet"", ""URLs with paths, query Strings, and fragments""",embedded in references,,Project
2202.09381,2.0,https://github.com/Yibing-Du/adversarial-factcheck,Related Works & Background,"""URLs with schemes such as http, https, ftp, sftp, git, magnet"", ""URLs with paths, query Strings, and fragments""",embedded in footnotes,,Project
2202.09381,2.0,https://www.theatlantic.com/business/archive/2015/08/wikipedia-editors-for-pay/393926/,Introduction,"""URLs with schemes such as http, https, ftp, sftp, git, magnet"", ""URLs with paths, query Strings, and fragments"", URLs with trailing slashes","split across lines, embedded in footnotes",,GenURL
2202.09381,1.0,https://nationalpress.org/topic/the-truth-about-fact-checking/,Introduction,"""URLs with schemes such as http, https, ftp, sftp, git, magnet"", ""URLs with paths, query Strings, and fragments"", URLs with trailing slashes",embedded in footnotes,,GenURL
2202.09381,3.0,wikipedia.com,Methodology,URLs without scheme,,,GenURL
2202.09381,4.0,https://competitions.codalab.org/competitions/18814#results,Methodology,"""URLs with schemes such as http, https, ftp, sftp, git, magnet"", URLs with subdomain, ""URLs with paths, query Strings, and fragments""",embedded in footnotes,,GenURL
2202.09381,5.0,mediacloud.org,Methodology,URLs without scheme,embedded in footnotes,,TPS
2202.09381,6.0,medicalnewstoday.com,Methodology,URLs without scheme,,,GenURL
2202.09381,8.0,https://datasociety.net/wp-content/uploads/2018/05/Data_Society_Data_Voids_Final_3.pdf,References,"""URLs with schemes such as http, https, ftp, sftp, git, magnet"", ""URLs with paths, query Strings, and fragments""",split across lines,,GenURL
2202.09381,8.0,https://digitalcommons.unl.edu/cgi/viewcontent.cgi?article=1003&context=senatedocs,References,"""URLs with schemes such as http, https, ftp, sftp, git, magnet"", URLs with subdomain, ""URLs with paths, query Strings, and fragments""",split across lines,,GenURL
2202.09381,9.0,https://openai.com/blog/better-language-models/,References,"""URLs with schemes such as http, https, ftp, sftp, git, magnet"", URLs with trailing slashes, ""URLs with paths, query Strings, and fragments""",split across lines,,GenURL
2301.00855,8.0,http://cds.cern.ch/record/2805980,References,,embedded in references,,GenURL
2301.00855,8.0,https://atlas.web.cern.ch/Atlas/GROUPS/PHYSICS/CONFNOTES/ATLAS-CONF-2022-019,References,"""URLs with schemes such as http, https, ftp, sftp, git, magnet"", URLs with subdomain, ""URLs with paths, query Strings, and fragments""","split across lines, embedded in references",,GenURL
2301.00855,8.0,https://atlas.web.cern.ch/Atlas/GROUPS/PHYSICS/CONFNOTES/ATLAS-CONF-2022-026,References,"""URLs with schemes such as http, https, ftp, sftp, git, magnet"", URLs with subdomain, ""URLs with paths, query Strings, and fragments""","split across lines, embedded in references",,GenURL
2301.00855,8.0,https://cds.cern.ch/record/2806467,References,,embedded in references,,GenURL
2301.04817,17.0,https://doi.org/10.1007/978-3-030-32101-7_2,References,"""URLs with schemes such as http, https, ftp, sftp, git, magnet"", ""URLs with paths, query Strings, and fragments""",embedded in references,Hidden in annotation layers,GenURL
2301.04817,18.0,https://doi.org/10.1007/978-3-319-70697-9_14,References,"""URLs with schemes such as http, https, ftp, sftp, git, magnet"", ""URLs with paths, query Strings, and fragments""",embedded in references,Hidden in annotation layers,GenURL
2301.04817,17.0,https://doi.org/10.1007/978-3-319-96884-1_25,References,"""URLs with schemes such as http, https, ftp, sftp, git, magnet"", ""URLs with paths, query Strings, and fragments""",embedded in references,Hidden in annotation layers,GenURL
2301.04817,17.0,https://doi.org/10.1007/978-3-662-64331-0_4,References,"""URLs with schemes such as http, https, ftp, sftp, git, magnet"", ""URLs with paths, query Strings, and fragments""",embedded in references,Hidden in annotation layers,GenURL
2301.04817,18.0,https://doi.org/10.1016/j.tcs.2007.04.036,References,"""URLs with schemes such as http, https, ftp, sftp, git, magnet"", ""URLs with paths, query Strings, and fragments""",embedded in references,Hidden in annotation layers,GenURL
2301.04817,17.0,https://doi.org/10.1016/j.tcs.2014.07.022,References,"""URLs with schemes such as http, https, ftp, sftp, git, magnet"", ""URLs with paths, query Strings, and fragments""",embedded in references,Hidden in annotation layers,GenURL
2301.04817,17.0,https://doi.org/10.1016/j.tcs.2019.02.001,References,"""URLs with schemes such as http, https, ftp, sftp, git, magnet"", ""URLs with paths, query Strings, and fragments""",embedded in references,Hidden in annotation layers,GenURL
2301.04817,17.0,https://doi.org/10.1109/SFCS.1989.63511,References,"""URLs with schemes such as http, https, ftp, sftp, git, magnet"", ""URLs with paths, query Strings, and fragments""",embedded in references,Hidden in annotation layers,GenURL
2301.04817,18.0,https://doi.org/10.1109/SFFCS.1999.814584,References,"""URLs with schemes such as http, https, ftp, sftp, git, magnet"", ""URLs with paths, query Strings, and fragments""",embedded in references,Hidden in annotation layers,GenURL
2301.04817,17.0,https://doi.org/10.1137/0212045,References,"""URLs with schemes such as http, https, ftp, sftp, git, magnet"", ""URLs with paths, query Strings, and fragments""",embedded in references,Hidden in annotation layers,GenURL
2301.04817,17.0,https://doi.org/10.1145/259380.259439,References,"""URLs with schemes such as http, https, ftp, sftp, git, magnet"", ""URLs with paths, query Strings, and fragments""",embedded in references,Hidden in annotation layers,GenURL
2301.04817,17.0,https://doi.org/10.1145/277697.277724,References,"""URLs with schemes such as http, https, ftp, sftp, git, magnet"", ""URLs with paths, query Strings, and fragments""",split across lines,Hidden in annotation layers,GenURL
2301.04817,17.0,https://doi.org/10.1145/3149.214121,References,"""URLs with schemes such as http, https, ftp, sftp, git, magnet"", ""URLs with paths, query Strings, and fragments""",embedded in references,Hidden in annotation layers,GenURL
2301.04817,17.0,https://doi.org/10.1145/3243734.3243848,References,"""URLs with schemes such as http, https, ftp, sftp, git, magnet"", ""URLs with paths, query Strings, and fragments""",embedded in references,Hidden in annotation layers,GenURL
2301.04817,18.0,https://doi.org/10.1145/3548606.3559347,References,"""URLs with schemes such as http, https, ftp, sftp, git, magnet"", ""URLs with paths, query Strings, and fragments""",embedded in references,Hidden in annotation layers,GenURL
2301.04817,18.0,https://doi.org/10.4230/LIPIcs.DISC.2022.33,References,"""URLs with schemes such as http, https, ftp, sftp, git, magnet"", ""URLs with paths, query Strings, and fragments""",embedded in references,Hidden in annotation layers,GenURL
2301.04817,17.0,https://doi.org/10.48550/arXiv.2302.05520,References,"""URLs with schemes such as http, https, ftp, sftp, git, magnet"", ""URLs with paths, query Strings, and fragments""",embedded in references,Hidden in annotation layers,GenURL
2301.04817,17.0,https://doi.org/10.48550/arXiv.2304.14701,References,"""URLs with schemes such as http, https, ftp, sftp, git, magnet"", ""URLs with paths, query Strings, and fragments""",embedded in references,Hidden in annotation layers,GenURL
2301.04817,18.0,https://doi.org/10.48550/arXiv.2308.04080,References,"""URLs with schemes such as http, https, ftp, sftp, git, magnet"", ""URLs with paths, query Strings, and fragments""",embedded in references,Hidden in annotation layers,TPD
2301.04817,18.0,https://doi.org/10.5281/zenodo.8418165,References,"""URLs with schemes such as http, https, ftp, sftp, git, magnet"", ""URLs with paths, query Strings, and fragments""",embedded in references,Hidden in annotation layers,GenURL
2301.04817,18.0,https://eprint.iacr.org/2022/1448,References,"""URLs with schemes such as http, https, ftp, sftp, git, magnet"", ""URLs with paths, query Strings, and fragments"", URLs with subdomain",embedded in references,,GenURL
2301.04817,18.0,https://eprint.iacr.org/archive/2022/1448/20230910:162058,References,"""URLs with schemes such as http, https, ftp, sftp, git, magnet"", ""URLs with paths, query Strings, and fragments"", URLs with subdomain",embedded in references,,GenURL
2301.04817,1.0,https://orcid.org/0000-0003-2341-7928,Footer,"""URLs with schemes such as http, https, ftp, sftp, git, magnet"", ""URLs with paths, query Strings, and fragments""",embedded in footnotes,Hidden in annotation layers,GenURL
2301.04817,1.0,https://orcid.org/0000-0003-2341-7928,Title & Authors,"""URLs with schemes such as http, https, ftp, sftp, git, magnet"", ""URLs with paths, query Strings, and fragments""",,Hidden in annotation layers,GenURL
2301.04817,18.0,https://zenodo.org/record/8418165,References,"""URLs with schemes such as http, https, ftp, sftp, git, magnet"", ""URLs with paths, query Strings, and fragments""",embedded in references,,GenURL
2301.04846,13.0,http://arxiv.org/abs/1503.03571,References,"""URLs with schemes such as http, https, ftp, sftp, git, magnet"", ""URLs with paths, query Strings, and fragments""",embedded in references,,TPS
2301.04846,1.0,http://categoricaldata.net,Introduction,"""URLs with schemes such as http, https, ftp, sftp, git, magnet""",,,APS
2301.04846,6.0,http://categoricaldata.net,Methodology,"""URLs with schemes such as http, https, ftp, sftp, git, magnet""",,,APS
2301.04846,13.0,http://cseweb.ucsd.edu/~goguen/pps/iﬁ04.pdf,References,"""URLs with schemes such as http, https, ftp, sftp, git, magnet"", URLs with subdomain, URLs with unicode characters, ""URLs with paths, query Strings, and fragments""",embedded in references,,GenURL
2301.11535,6.0,http://www.nrel.gov/grid/solar-power-data.html,Methodology,"""URLs with schemes such as http, https, ftp, sftp, git, magnet"", ""URLs with paths, query Strings, and fragments""",split across pages,,GenURL
2301.11535,7.0,http://www.timeseriesclassification.com/description.php?Dataset=ECG5000,Methodology,"""URLs with schemes such as http, https, ftp, sftp, git, magnet"", ""URLs with paths, query Strings, and fragments""","split across lines, split across pages",,TPD
2301.11535,7.0,https://archive.ics.uci.edu/ml/datasets/PEMS-SF,Methodology,"""URLs with schemes such as http, https, ftp, sftp, git, magnet"", URLs with subdomain, ""URLs with paths, query Strings, and fragments""",split across pages,,TPD
2301.11535,6.0,https://dot.ca.gov/programs/traffic-operations/mpr/pems-source,Methodology,"""URLs with schemes such as http, https, ftp, sftp, git, magnet"", URLs with subdomain, ""URLs with paths, query Strings, and fragments""","split across lines, split across pages",,TPD
2301.1158,18.0,https://doi.org/10.1007/s00373-011-1040-3,References,"""URLs with schemes such as http, https, ftp, sftp, git, magnet"", ""URLs with paths, query Strings, and fragments""",embedded in references,,GenURL
2301.1158,18.0,https://doi.org/10.1016/j.jet.2006.06.006,References,"""URLs with schemes such as http, https, ftp, sftp, git, magnet"", ""URLs with paths, query Strings, and fragments""",embedded in references,,GenURL
2301.1158,18.0,https://doi.org/10.1609/aaai.v34i02.5609,References,"""URLs with schemes such as http, https, ftp, sftp, git, magnet"", ""URLs with paths, query Strings, and fragments""",embedded in references,,GenURL
2301.1158,18.0,https://doi.org/10.48550/arXiv.1911.05788,References,"""URLs with schemes such as http, https, ftp, sftp, git, magnet"", ""URLs with paths, query Strings, and fragments""",embedded in references,,GenURL
2301.1158,18.0,https://doi.org/10.48550/arXiv.2002.10627,References,"""URLs with schemes such as http, https, ftp, sftp, git, magnet"", ""URLs with paths, query Strings, and fragments""",embedded in references,,GenURL
2301.1158,18.0,https://doi.org/10.48550/arXiv.2012.02916,References,"""URLs with schemes such as http, https, ftp, sftp, git, magnet"", ""URLs with paths, query Strings, and fragments""",embedded in references,,GenURL
2301.13185,3.0,https://www.gurobi.com/,Related Works & Background,"""URLs with schemes such as http, https, ftp, sftp, git, magnet"", URLs with trailing slashes",embedded in footnotes,,TPS
2301.13185,10.0,https://gist.github.com/iiLaurens/ba9c479e71ee4ceef816ad50b87d9ebd,References,"""URLs with schemes such as http, https, ftp, sftp, git, magnet"", ""URLs with paths, query Strings, and fragments"", URLs with subdomain","embedded in footnotes, split across lines",,TPS
2301.13185,10.0,https://github.com/openai/gym/blob/master/gym/envs/toy_text/frozen_lake.py,References,"""URLs with schemes such as http, https, ftp, sftp, git, magnet"", ""URLs with paths, query Strings, and fragments""","embedded in footnotes, split across lines",,TPS
2301.13185,10.0,https://github.com/paulhendricks/gym-inventory/tree/master,References,"""URLs with schemes such as http, https, ftp, sftp, git, magnet"", ""URLs with paths, query Strings, and fragments""",embedded in footnotes,,TPS
2301.13185,5.0,https://github.com/tudelft-cda-lab/OMDT,Results and Discussion,"""URLs with schemes such as http, https, ftp, sftp, git, magnet"", ""URLs with paths, query Strings, and fragments""",embedded in footnotes,,Project
2301.13185,10.0,http://users.cecs.anu.edu.au/~ssanner/IPPC_2011/,References,"""URLs with schemes such as http, https, ftp, sftp, git, magnet"", ""URLs with paths, query Strings, and fragments"", URLs with subdomain, URLs with trailing slashes, URLs with unicode characters",embedded in footnotes,,GenURL
2302.00836,5.0,http://arxiv.org/abs/2006.11477,References,"""URLs with schemes such as http, https, ftp, sftp, git, magnet"", ""URLs with paths, query Strings, and fragments""","split across lines, embedded in references",,TPS
2302.00836,5.0,http://arxiv.org/abs/2201.02419,References,"""URLs with schemes such as http, https, ftp, sftp, git, magnet"", ""URLs with paths, query Strings, and fragments""",embedded in references,,Project
2302.00836,3.0,http://www.livac.org/yueqie/,Results and Discussion,"""URLs with schemes such as http, https, ftp, sftp, git, magnet"", URLs with trailing slashes, ""URLs with paths, query Strings, and fragments""",embedded in footnotes,,TPD
2302.00836,5.0,https://doi.org/10.1109/ICASSP39728.2021.9414778,References,"""URLs with schemes such as http, https, ftp, sftp, git, magnet"", ""URLs with paths, query Strings, and fragments""","split across lines, embedded in references",,GenURL
2302.00836,3.0,https://dumps.wikimedia.org/zh_yuewiki,Results and Discussion,"""URLs with schemes such as http, https, ftp, sftp, git, magnet"", ""URLs with paths, query Strings, and fragments"", URLs with subdomain",embedded in footnotes,,TPD
2302.00836,,https://github.com/chinese-opendesktop/cin-tables,Results and Discussion,"""URLs with schemes such as http, https, ftp, sftp, git, magnet""",embedded in footnotes,,APD
2302.00836,3.0,https://huggingface.co/datasets/mozilla-foundation/common_voice_9_0,Results and Discussion,"""URLs with schemes such as http, https, ftp, sftp, git, magnet"", ""URLs with paths, query Strings, and fragments""","embedded in footnotes, split across lines",,TPD
2302.01496,1.0,http://arxiv.org/abs/2302.01496v1,Header,"""URLs with schemes such as http, https, ftp, sftp, git, magnet"", ""URLs with paths, query Strings, and fragments""",,"Hidden in annotation layers, Hidden in metadata",GenURL
2302.01496,5.0,https://ai.google/principles/,References,"""URLs with schemes such as http, https, ftp, sftp, git, magnet"", URLs with subdomain, ""URLs with paths, query Strings, and fragments"", URLs with trailing slashes",embedded in references,,GenURL
2302.01496,5.0,https://blog.youtube/press/,References,"""URLs with schemes such as http, https, ftp, sftp, git, magnet"", URLs with subdomain, ""URLs with paths, query Strings, and fragments"", URLs with trailing slashes",embedded in references,,GenURL
2302.01496,5.0,https://cdn.openai.com/papers/whisper.pdf,References,"""URLs with schemes such as http, https, ftp, sftp, git, magnet"", URLs with subdomain, ""URLs with paths, query Strings, and fragments""",embedded in references,,GenURL
2302.01496,5.0,https://cloud.google.com/tpu/docs,References,"""URLs with schemes such as http, https, ftp, sftp, git, magnet"", URLs with subdomain, ""URLs with paths, query Strings, and fragments""",embedded in references,,GenURL
2302.01959,5.0,http://dx.doi.org/10.1021/acsomega.7b01650,References,"""URLs with schemes such as http, https, ftp, sftp, git, magnet"", ""URLs with paths, query Strings, and fragments""",embedded in references,,GenURL
2302.01959,5.0,https://doi.org/10.1017/jfm.2018.255,References,"""URLs with schemes such as http, https, ftp, sftp, git, magnet"", ""URLs with paths, query Strings, and fragments""","embedded in references, split across lines",Hidden in annotation layers,GenURL
2302.01959,5.0,https://doi.org/10.1021/acsomega.7b01650,References,"""URLs with schemes such as http, https, ftp, sftp, git, magnet"", ""URLs with paths, query Strings, and fragments""",embedded in references,Hidden in annotation layers,GenURL
2302.01959,5.0,https://doi.org/10.1051/rphysap:01988002306097500,References,"""URLs with schemes such as http, https, ftp, sftp, git, magnet"", ""URLs with paths, query Strings, and fragments""","embedded in references, split across lines",Hidden in annotation layers,GenURL
2302.01959,5.0,https://doi.org/10.1063/1.2338303,References,"""URLs with schemes such as http, https, ftp, sftp, git, magnet"", ""URLs with paths, query Strings, and fragments""","embedded in references, split across lines",Hidden in annotation layers,GenURL
2302.01959,5.0,https://doi.org/10.1080/00268976.2018.1471223,References,"""URLs with schemes such as http, https, ftp, sftp, git, magnet"", ""URLs with paths, query Strings, and fragments""",embedded in references,Hidden in annotation layers,GenURL
2302.01959,5.0,https://doi.org/10.1080/00268976.2018.1471223,References,"""URLs with schemes such as http, https, ftp, sftp, git, magnet"", ""URLs with paths, query Strings, and fragments""",embedded in references,,GenURL
2302.01959,5.0,https://doi.org/10.1088/0953-8984/22/8/084019,References,"""URLs with schemes such as http, https, ftp, sftp, git, magnet"", ""URLs with paths, query Strings, and fragments""","embedded in references, split across lines",Hidden in annotation layers,GenURL
2302.01959,5.0,https://doi.org/10.1103/PhysRev.154.529,References,"""URLs with schemes such as http, https, ftp, sftp, git, magnet"", ""URLs with paths, query Strings, and fragments""",embedded in references,Hidden in annotation layers,GenURL
2302.01959,5.0,https://doi.org/10.1103/PhysRevE.102.053105,References,"""URLs with schemes such as http, https, ftp, sftp, git, magnet"", ""URLs with paths, query Strings, and fragments""","embedded in references, split across lines",Hidden in annotation layers,GenURL
2302.01959,5.0,https://doi.org/10.1103/PhysRevE.59.6766,References,"""URLs with schemes such as http, https, ftp, sftp, git, magnet"", ""URLs with paths, query Strings, and fragments""",embedded in references,Hidden in annotation layers,GenURL
2302.01959,6.0,https://doi.org/10.1103/PhysRevE.65.016110,References,"""URLs with schemes such as http, https, ftp, sftp, git, magnet"", ""URLs with paths, query Strings, and fragments""",embedded in references,Hidden in annotation layers,GenURL
2302.01959,5.0,https://doi.org/10.1103/PhysRevE.82.041603,References,"""URLs with schemes such as http, https, ftp, sftp, git, magnet"", ""URLs with paths, query Strings, and fragments""","embedded in references, split across lines",Hidden in annotation layers,GenURL
2302.01959,5.0,https://doi.org/10.1103/PhysRevE.84.011607,References,"""URLs with schemes such as http, https, ftp, sftp, git, magnet"", ""URLs with paths, query Strings, and fragments""",embedded in references,Hidden in annotation layers,GenURL
2302.01959,5.0,https://doi.org/10.1103/PhysRevE.95.023104,References,"""URLs with schemes such as http, https, ftp, sftp, git, magnet"", ""URLs with paths, query Strings, and fragments""","embedded in references, split across lines",Hidden in annotation layers,GenURL
2302.01959,5.0,https://doi.org/10.1103/PhysRevLett.108.226101,References,"""URLs with schemes such as http, https, ftp, sftp, git, magnet"", ""URLs with paths, query Strings, and fragments""","embedded in references, split across lines",Hidden in annotation layers,GenURL
2302.01959,5.0,https://doi.org/10.1103/PhysRevLett.111.047802,References,"""URLs with schemes such as http, https, ftp, sftp, git, magnet"", ""URLs with paths, query Strings, and fragments""","embedded in references, split across lines",Hidden in annotation layers,GenURL
2302.01959,5.0,https://doi.org/10.1103/PhysRevLett.118.158001,References,"""URLs with schemes such as http, https, ftp, sftp, git, magnet"", ""URLs with paths, query Strings, and fragments""",embedded in references,Hidden in annotation layers,GenURL
2302.01959,5.0,https://doi.org/10.1103/PhysRevLett.15.621,References,"""URLs with schemes such as http, https, ftp, sftp, git, magnet"", ""URLs with paths, query Strings, and fragments""","embedded in references, split across lines",Hidden in annotation layers,GenURL
2302.01959,5.0,https://doi.org/10.1103/PhysRevLett.56.889,References,"""URLs with schemes such as http, https, ftp, sftp, git, magnet"", ""URLs with paths, query Strings, and fragments""",embedded in references,Hidden in annotation layers,GenURL
2302.01959,6.0,https://doi.org/10.1103/PhysRevLett.60.2488,References,"""URLs with schemes such as http, https, ftp, sftp, git, magnet"", ""URLs with paths, query Strings, and fragments""",embedded in references,Hidden in annotation layers,GenURL
2302.01959,5.0,https://doi.org/10.1103/PhysRevLett.93.086104,References,"""URLs with schemes such as http, https, ftp, sftp, git, magnet"", ""URLs with paths, query Strings, and fragments""","embedded in references, split across lines",Hidden in annotation layers,GenURL
2302.01959,5.0,https://doi.org/10.1103/PhysRevLett.95.244505,References,"""URLs with schemes such as http, https, ftp, sftp, git, magnet"", ""URLs with paths, query Strings, and fragments""",embedded in references,Hidden in annotation layers,GenURL
2302.01959,5.0,https://doi.org/10.1103/PhysRevMaterials.3.085605,References,"""URLs with schemes such as http, https, ftp, sftp, git, magnet"", ""URLs with paths, query Strings, and fragments""","embedded in references, split across lines",Hidden in annotation layers,GenURL
2302.01959,5.0,https://doi.org/10.1103/RevModPhys.57.827,References,"""URLs with schemes such as http, https, ftp, sftp, git, magnet"", ""URLs with paths, query Strings, and fragments""","embedded in references, split across lines",Hidden in annotation layers,GenURL
2302.01959,5.0,https://doi.org/10.1126/science.270.5239.1177,References,"""URLs with schemes such as http, https, ftp, sftp, git, magnet"", ""URLs with paths, query Strings, and fragments""",embedded in references,Hidden in annotation layers,GenURL
2302.01959,5.0,https://doi.org/10.1142/S0218127409024505,References,"""URLs with schemes such as http, https, ftp, sftp, git, magnet"", ""URLs with paths, query Strings, and fragments""","embedded in references, split across lines",Hidden in annotation layers,GenURL
2302.01959,5.0,https://doi.org/10.1142/S0218127409024505,References,"""URLs with schemes such as http, https, ftp, sftp, git, magnet"", ""URLs with paths, query Strings, and fragments""",embedded in references,,GenURL
2302.01959,5.0,https://doi.org/http://dx.doi.org/10.1016/j.cis.2013.11.003,References,"""URLs with schemes such as http, https, ftp, sftp, git, magnet"", ""URLs with paths, query Strings, and fragments"", URLs with subdomain","embedded in references, split across lines",Hidden in annotation layers,GenURL
2302.01959,5.0,https://doi.org/http://dx.doi.org/10.1063/1.435301,References,"""URLs with schemes such as http, https, ftp, sftp, git, magnet"", ""URLs with paths, query Strings, and fragments"", URLs with subdomain",embedded in references,Hidden in annotation layers,GenURL
2302.01959,5.0,https://doi.org/https://doi.org/10.1016/j.chaos.2022.112778,References,"""URLs with schemes such as http, https, ftp, sftp, git, magnet"", ""URLs with paths, query Strings, and fragments""","embedded in references, split across lines",Hidden in annotation layers,GenURL
2302.01959,5.0,https://www.science.org/doi/pdf/10.1126/science.270.5239.1177,References,"""URLs with schemes such as http, https, ftp, sftp, git, magnet"", ""URLs with paths, query Strings, and fragments""",embedded in references,,GenURL
2302.01959,5.0,mailto:lgmac@quim.ucm.es,References,"""URLs with schemes such as http, https, ftp, sftp, git, magnet"", URLs with subdomain",embedded in references,,GenURL
2302.0251,19.0,http://arxiv.org/abs/1505.07518,References,"""URLs with schemes such as http, https, ftp, sftp, git, magnet"", ""URLs with paths, query Strings, and fragments""",embedded in references,,GenURL
2302.0251,19.0,https://arxiv.org/abs/1705.10439,References,"""URLs with schemes such as http, https, ftp, sftp, git, magnet"", ""URLs with paths, query Strings, and fragments""",embedded in references,,GenURL
2302.0251,19.0,https://arxiv.org/abs/1907.09092,References,"""URLs with schemes such as http, https, ftp, sftp, git, magnet"", ""URLs with paths, query Strings, and fragments""",embedded in references,,GenURL
2302.0251,19.0,https://arxiv.org/abs/1908.06563,References,"""URLs with schemes such as http, https, ftp, sftp, git, magnet"", ""URLs with paths, query Strings, and fragments""",embedded in references,,GenURL
2302.0251,19.0,https://arxiv.org/abs/2010.09152,References,"""URLs with schemes such as http, https, ftp, sftp, git, magnet"", ""URLs with paths, query Strings, and fragments""",embedded in references,,GenURL
2302.0251,19.0,https://arxiv.org/abs/2301.03156,References,"""URLs with schemes such as http, https, ftp, sftp, git, magnet"", ""URLs with paths, query Strings, and fragments""",embedded in references,,GenURL
2302.0251,19.0,https://arxiv.org/abs/2301.05736,References,"""URLs with schemes such as http, https, ftp, sftp, git, magnet"", ""URLs with paths, query Strings, and fragments""",embedded in references,,GenURL
2302.03462,7.0,http://openaccess.thecvf.com/content_CVPR_2019/html/Zeng_End-To-End_Interpretable_Neural_Motion_Planner_CVPR_2019_paper.html,References,"""URLs with schemes such as http, https, ftp, sftp, git, magnet"", ""URLs with paths, query Strings, and fragments""","split across lines, embedded in references",,GenURL
2302.03462,7.0,https://doi.org/10.1109/ICRA.2019.8793868,References,"""URLs with schemes such as http, https, ftp, sftp, git, magnet"", ""URLs with paths, query Strings, and fragments""",embedded in references,,GenURL
2302.03462,5.0,https://github.com/lcalem/DIVA,Methodology,"""URLs with schemes such as http, https, ftp, sftp, git, magnet"", ""URLs with paths, query Strings, and fragments""",,,Project
2302.03462,7.0,https://openreview.net/forum?id=BJe0Gn0cY7,References,"""URLs with schemes such as http, https, ftp, sftp, git, magnet"", ""URLs with paths, query Strings, and fragments""","split across lines, embedded in references",,GenURL
2302.07036,10.0,https://arxiv.org/abs/2004.02806,References,"""URLs with schemes such as http, https, ftp, sftp, git, magnet"", ""URLs with paths, query Strings, and fragments""",embedded in references,,GenURL
2302.07036,11.0,https://arxiv.org/abs/2207.05278,References,"""URLs with schemes such as http, https, ftp, sftp, git, magnet"", ""URLs with paths, query Strings, and fragments""",embedded in references,,GenURL
2302.07036,11.0,https://doi.org/10.1063/5.0070992,References,"""URLs with schemes such as http, https, ftp, sftp, git, magnet"", ""URLs with paths, query Strings, and fragments""",embedded in references,,GenURL
2302.07036,11.0,https://github.com/activeloopai/Hub,References,"""URLs with schemes such as http, https, ftp, sftp, git, magnet"", ""URLs with paths, query Strings, and fragments""",embedded in references,,Project
2302.07036,8.0,https://github.com/uky-UCAT/SC_ONN_SIM.git,Methodology,"""URLs with schemes such as http, https, ftp, sftp, git, magnet"", ""URLs with paths, query Strings, and fragments""",split across lines,,Project
2302.07036,2.0,https://github.com/uky-UCAT/SC_ONN_SIM.git,Introduction,"""URLs with schemes such as http, https, ftp, sftp, git, magnet"", ""URLs with paths, query Strings, and fragments""",split across lines,,Project
2302.07036,1.0,https://github.com/uky-UCAT/SC_ONN_SIM.git,Abstract,"""URLs with schemes such as http, https, ftp, sftp, git, magnet"", ""URLs with paths, query Strings, and fragments""",,,Project
2302.07036,11.0,https://keras.io/api/applications/,References,"""URLs with schemes such as http, https, ftp, sftp, git, magnet"", ""URLs with paths, query Strings, and fragments"", URLs with trailing slashes",embedded in references,,TPS
2302.07036,11.0,https://www.lumerical.com/products/interconnect/,References,"""URLs with schemes such as http, https, ftp, sftp, git, magnet"", ""URLs with paths, query Strings, and fragments"", URLs with trailing slashes",embedded in references,,TPS
2302.07036,11.0,https://www.ni.com/en-us/shop/software/products/multisim.html,References,"""URLs with schemes such as http, https, ftp, sftp, git, magnet"", ""URLs with paths, query Strings, and fragments""","split across lines, embedded in references",,TPS
2302.10542,10.0,https://doi.org/10.1088%2F1475-7516%2F2016%2F08%2F069,References,"""URLs with schemes such as http, https, ftp, sftp, git, magnet"", ""URLs with paths, query Strings, and fragments"", URLs with escape characters",embedded in references,,GenURL
2302.10542,10.0,https://doi.org/10.1146/annurev.nucl.57.090506.123052,References,"""URLs with schemes such as http, https, ftp, sftp, git, magnet"", ""URLs with paths, query Strings, and fragments""",embedded in references,,GenURL
2302.10542,10.0,https://doi.org/10.1146/annurev.nucl.57.090506.123052,References,"""URLs with schemes such as http, https, ftp, sftp, git, magnet"", ""URLs with paths, query Strings, and fragments""",embedded in references,,GenURL
2302.10542,10.0,https://dx.doi.org/10.1088/0954-3899/43/8/084001,References,"""URLs with schemes such as http, https, ftp, sftp, git, magnet"", URLs with subdomain, ""URLs with paths, query Strings, and fragments""",embedded in references,,GenURL
2302.10542,2.0,https://github.com/MeighenBergerS/pone_dm/releases/tag/v1.0.0,Methodology,"""URLs with schemes such as http, https, ftp, sftp, git, magnet"", ""URLs with paths, query Strings, and fragments""",embedded in footnotes,,Project
2302.10542,9.0,https://link.aps.org/doi/10.1103/PhysRevLett.129.111101,References,"""URLs with schemes such as http, https, ftp, sftp, git, magnet"", ""URLs with paths, query Strings, and fragments"", URLs with subdomain",embedded in references,,GenURL
2302.10542,9.0,https://link.aps.org/doi/10.1103/PhysRevLett.99.231301,References,"""URLs with schemes such as http, https, ftp, sftp, git, magnet"", ""URLs with paths, query Strings, and fragments"", URLs with subdomain",embedded in references,,GenURL
2302.10542,1.0,mailto:desai.kruteesh@campus.lmu.de,Title & Authors,"""URLs with schemes such as http, https, ftp, sftp, git, magnet"", URLs with subdomain, ""URLs with paths, query Strings, and fragments""",,,GenURL
2302.10542,1.0,mailto:ruohan.li@tum.de,Title & Authors,"""URLs with schemes such as http, https, ftp, sftp, git, magnet"", ""URLs with paths, query Strings, and fragments""",,,GenURL
2302.10542,1.0,mailto:stephan.meighenberger@unimelb.edu.au,Title & Authors,"""URLs with schemes such as http, https, ftp, sftp, git, magnet"", ""URLs with paths, query Strings, and fragments"", URLs with subdomain",,,GenURL
2302.11862,13.0,https://doi.org/10.1016/j.jctb.2020.11.002,References,"""URLs with schemes such as http, https, ftp, sftp, git, magnet"", ""URLs with paths, query Strings, and fragments""",embedded in references,,GenURL
2302.11862,13.0,https://doi.org/10.48550/ARXIV.2301.09493,References,"""URLs with schemes such as http, https, ftp, sftp, git, magnet"", ""URLs with paths, query Strings, and fragments""",embedded in references,,GenURL
2302.11862,13.0,https://doi.org/https://doi.org/10.1016/j.disc.2014.09.008,References,"""URLs with schemes such as http, https, ftp, sftp, git, magnet"", ""URLs with paths, query Strings, and fragments""","embedded in references, split across lines",,GenURL
2302.11862,13.0,https://doi.org/https://doi.org/10.1016/S0166-218X(96)00137-0,References,"""URLs with schemes such as http, https, ftp, sftp, git, magnet"", ""URLs with paths, query Strings, and fragments""",embedded in references,,GenURL
2302.13253,12.0,https://aclanthology.org/2022.gem-1.24,References,"""URLs with schemes such as http, https, ftp, sftp, git, magnet"", ""URLs with paths, query Strings, and fragments""",embedded in references,,GenURL
2302.13253,14.0,https://arxiv.org/abs/2210.12084,References,"""URLs with schemes such as http, https, ftp, sftp, git, magnet"", ""URLs with paths, query Strings, and fragments""",embedded in references,,GenURL
2302.13253,4.0,https://huggingface.co/mrm8488/codebert-base-finetuned-stackoverflow-ner,Methodology,"""URLs with schemes such as http, https, ftp, sftp, git, magnet"", ""URLs with paths, query Strings, and fragments""",embedded in footnotes,,Project
2302.13253,14.0,https://onlinelibrary.wiley.com/doi/abs/10.1002/cpe.5119,References,"""URLs with schemes such as http, https, ftp, sftp, git, magnet"", URLs with subdomain, ""URLs with paths, query Strings, and fragments""","embedded in references, split across lines",,GenURL
2302.13253,3.0,https://stackoverflow.com,Methodology,"""URLs with schemes such as http, https, ftp, sftp, git, magnet"", ""URLs with paths, query Strings, and fragments""",embedded in footnotes,,GenURL
2302.13253,3.0,https://www.kaggle.com/datasets/stackoverflow/stacksample,Methodology,"""URLs with schemes such as http, https, ftp, sftp, git, magnet"", ""URLs with paths, query Strings, and fragments""",embedded in footnotes,,TPD
2401.02021,11.0,https://github.com/usnistgov/alignn,References,"""URLs with schemes such as http, https, ftp, sftp, git, magnet"", ""URLs with paths, query Strings, and fragments""",,,Project
2401.02021,11.0,https://github.com/usnistgov/intermat,References,"""URLs with schemes such as http, https, ftp, sftp, git, magnet"", ""URLs with paths, query Strings, and fragments""",,,Project
2401.02021,11.0,https://github.com/usnistgov/jarvis,References,"""URLs with schemes such as http, https, ftp, sftp, git, magnet"", ""URLs with paths, query Strings, and fragments""",,,Project
2401.02021,10.0,https://github.com/usnistgov/jarvis,Methodology,"""URLs with schemes such as http, https, ftp, sftp, git, magnet"", ""URLs with paths, query Strings, and fragments""",,,Project
2401.02021,11.0,https://jarvis.nist.gov/jarvish/,References,"""URLs with schemes such as http, https, ftp, sftp, git, magnet"", URLs with subdomain, ""URLs with paths, query Strings, and fragments"", URLs with trailing slashes",split across lines,,APD
2401.02021,1.0,https://orcid.org/0000-0001-9737-8074,Title & Authors,"""URLs with schemes such as http, https, ftp, sftp, git, magnet"", ""URLs with paths, query Strings, and fragments""",,Hidden in annotation layers,GenURL
2401.02021,1.0,https://orcid.org/0000-0003-0263-4157,Title & Authors,"""URLs with schemes such as http, https, ftp, sftp, git, magnet"", ""URLs with paths, query Strings, and fragments""",,Hidden in annotation layers,GenURL
2401.03166,9.0,https://bartwronski.com/2021/07/06/comparing-images-in-frequency-domain-spectral-loss-does-it-make-sense/,References,"""URLs with schemes such as http, https, ftp, sftp, git, magnet"", ""URLs with paths, query Strings, and fragments"", URLs with trailing slashes","embedded in references, split across lines",,GenURL
2401.03166,6.0,https://github.com/Vibhu04/Deblurring-Variational-Autoencoders-with-STFT,Results and Discussion,"""URLs with schemes such as http, https, ftp, sftp, git, magnet"", ""URLs with paths, query Strings, and fragments""",,,Project
2401.03166,9.0,https://www.tensorflow.org/tutorials/generative/cvae,References,"""URLs with schemes such as http, https, ftp, sftp, git, magnet"", ""URLs with paths, query Strings, and fragments""",embedded in references,,TPS
2401.0482,12.0,https://cybermacs.eu/,References,"""URLs with schemes such as http, https, ftp, sftp, git, magnet"", URLs with trailing slashes",embedded in references,,GenURL
2401.0482,12.0,https://apwg.org/trendsreports/,References,"""URLs with schemes such as http, https, ftp, sftp, git, magnet"", ""URLs with paths, query Strings, and fragments"", URLs with trailing slashes",embedded in references,,TPD
2401.0482,14.0,https://doi.org/10.1007/978-3-031-06971-0_22,References,"""URLs with schemes such as http, https, ftp, sftp, git, magnet"", ""URLs with paths, query Strings, and fragments""","embedded in references, split across lines",,GenURL
2401.0482,15.0,https://doi.org/10.1007/978-3-319-60801-3_27,References,"""URLs with schemes such as http, https, ftp, sftp, git, magnet"", ""URLs with paths, query Strings, and fragments""","embedded in references, split across lines",,GenURL
2401.0482,13.0,https://doi.org/10.1007/s11235-021-00850-6,References,"""URLs with schemes such as http, https, ftp, sftp, git, magnet"", ""URLs with paths, query Strings, and fragments""",embedded in references,,GenURL
2401.0482,13.0,https://doi.org/10.1007/s12652-018-0798-z,References,"""URLs with schemes such as http, https, ftp, sftp, git, magnet"", ""URLs with paths, query Strings, and fragments""","embedded in references, split across lines",,GenURL
2401.0482,13.0,https://doi.org/10.1007/s12652-019-01311-4,References,"""URLs with schemes such as http, https, ftp, sftp, git, magnet"", ""URLs with paths, query Strings, and fragments""",embedded in references,,GenURL
2401.0482,12.0,https://doi.org/10.1007/s40558-019-00160-3,References,"""URLs with schemes such as http, https, ftp, sftp, git, magnet"", ""URLs with paths, query Strings, and fragments""","embedded in references, split across lines",,GenURL
2401.0482,14.0,https://doi.org/10.1016/j.procs.2021.07.040,References,"""URLs with schemes such as http, https, ftp, sftp, git, magnet"", ""URLs with paths, query Strings, and fragments""",embedded in references,,GenURL
2401.0482,15.0,https://doi.org/10.1023/A:1024218716736,References,"""URLs with schemes such as http, https, ftp, sftp, git, magnet"", ""URLs with paths, query Strings, and fragments""","embedded in references, split across lines",,GenURL
2401.0482,14.0,https://doi.org/10.1038/s41598-022-10841-5,References,"""URLs with schemes such as http, https, ftp, sftp, git, magnet"", ""URLs with paths, query Strings, and fragments""","embedded in references, split across lines",,TPD
2401.0482,13.0,https://doi.org/10.1049/ise2.12106 ,References,"""URLs with schemes such as http, https, ftp, sftp, git, magnet"", ""URLs with paths, query Strings, and fragments""",embedded in references,,GenURL
2401.0482,13.0,https://doi.org/10.1093/comjnl/bxab062,References,"""URLs with schemes such as http, https, ftp, sftp, git, magnet"", ""URLs with paths, query Strings, and fragments""","embedded in references, split across lines",,GenURL
2401.0482,15.0,https://doi.org/10.1109/ACCESS.2022.3152828,References,"""URLs with schemes such as http, https, ftp, sftp, git, magnet"", ""URLs with paths, query Strings, and fragments""",embedded in references,,GenURL
2401.0482,13.0,https://doi.org/10.1109/IJCNN48605.2020.9207707,References,"""URLs with schemes such as http, https, ftp, sftp, git, magnet"", ""URLs with paths, query Strings, and fragments""","embedded in references, split across lines",,GenURL
2401.0482,13.0,https://doi.org/10.1109/INFCOM.2010.5462216,References,"""URLs with schemes such as http, https, ftp, sftp, git, magnet"", ""URLs with paths, query Strings, and fragments""",embedded in references,,GenURL
2401.0482,14.0,https://doi.org/10.1109/WI-IAT55865.2022.00028,References,"""URLs with schemes such as http, https, ftp, sftp, git, magnet"", ""URLs with paths, query Strings, and fragments""",embedded in references,,GenURL
2401.0482,14.0,https://doi.org/10.1111/exsy.13518,References,"""URLs with schemes such as http, https, ftp, sftp, git, magnet"", ""URLs with paths, query Strings, and fragments""","embedded in references, split across lines",,GenURL
2401.0482,13.0,https://doi.org/10.1145/3372297.3417233,References,"""URLs with schemes such as http, https, ftp, sftp, git, magnet"", ""URLs with paths, query Strings, and fragments""","embedded in references, split across lines",,Project
2401.0482,14.0,https://doi.org/10.1155/2022/3241216,References,"""URLs with schemes such as http, https, ftp, sftp, git, magnet"", ""URLs with paths, query Strings, and fragments""","embedded in references, split across lines",,GenURL
2401.0482,15.0,https://doi.org/10.1162/tacl_a_00448,References,"""URLs with schemes such as http, https, ftp, sftp, git, magnet"", ""URLs with paths, query Strings, and fragments""",embedded in references,,Project
2401.0482,14.0,https://doi.org/10.1177/1748006X221140194,References,"""URLs with schemes such as http, https, ftp, sftp, git, magnet"", ""URLs with paths, query Strings, and fragments""","embedded in references, split across lines",,GenURL
2401.0482,13.0,https://doi.org/10.1186/s13635-016-0034-3,References,"""URLs with schemes such as http, https, ftp, sftp, git, magnet"", ""URLs with paths, query Strings, and fragments""",embedded in references,,GenURL
2401.0482,14.0,https://doi.org/10.3390/app13137429,References,"""URLs with schemes such as http, https, ftp, sftp, git, magnet"", ""URLs with paths, query Strings, and fragments""",embedded in references,,GenURL
2401.0482,14.0,https://doi.org/10.3390/sym12101681,References,"""URLs with schemes such as http, https, ftp, sftp, git, magnet"", ""URLs with paths, query Strings, and fragments""","embedded in references, split across lines",,GenURL
2401.0482,15.0,https://doi.org/10.48550/arXiv.1810.04805,References,"""URLs with schemes such as http, https, ftp, sftp, git, magnet"", ""URLs with paths, query Strings, and fragments""","embedded in references, split across lines",,APS
2401.0482,15.0,https://doi.org/10.48550/arXiv.1909.11942,References,"""URLs with schemes such as http, https, ftp, sftp, git, magnet"", ""URLs with paths, query Strings, and fragments""","embedded in references, split across lines",,Project
2401.0482,14.0,https://doi.org/10.48550/arXiv.2005.08314,References,"""URLs with schemes such as http, https, ftp, sftp, git, magnet"", ""URLs with paths, query Strings, and fragments""","embedded in references, split across lines",,GenURL
2401.0482,14.0,https://drive.google.com/file/d/1Lp3ueOd7AxmAl2Y0jJ2U2XlEFa6q8AcT/view?usp=drive_link,References,"""URLs with schemes such as http, https, ftp, sftp, git, magnet"", URLs with subdomain, ""URLs with paths, query Strings, and fragments""","embedded in references, split across lines",,TPD
2401.05191,6.0,https://github.com/Riwei-HEU/AHNS,Methodology,"""URLs with schemes such as http, https, ftp, sftp, git, magnet"", ""URLs with paths, query Strings, and fragments""",,,Project
2401.05191,1.0,www.aaai.org,Footer,URLs without scheme,embedded in footnotes,,GenURL
2401.05191,5.0,https://jmcauley.ucsd.edu/data/amazon/,Methodology,"""URLs with schemes such as http, https, ftp, sftp, git, magnet"", ""URLs with paths, query Strings, and fragments"", URLs with trailing slashes, URLs with subdomain",embedded in footnotes,,TPD
2401.05191,5.0,https://grouplens.org/datasets/movielens/,Methodology,"""URLs with schemes such as http, https, ftp, sftp, git, magnet"", ""URLs with paths, query Strings, and fragments"", URLs with trailing slashes",embedded in footnotes,,TPD
2401.07917,16.0,http://arxiv.org/abs/1501.00127,References,"""URLs with schemes such as http, https, ftp, sftp, git, magnet"", ""URLs with paths, query Strings, and fragments""",embedded in references,Hidden in annotation layers,GenURL
2401.07917,16.0,http://arxiv.org/abs/1801.04318,References,"""URLs with schemes such as http, https, ftp, sftp, git, magnet"", ""URLs with paths, query Strings, and fragments""",embedded in references,Hidden in annotation layers,GenURL
2401.07917,16.0,http://dx.doi.org/10.1007/BF00644037,References,"""URLs with schemes such as http, https, ftp, sftp, git, magnet"", URLs with subdomain, ""URLs with paths, query Strings, and fragments""",embedded in references,Hidden in annotation layers,GenURL
2401.07917,16.0,http://dx.doi.org/10.1007/lrsp-2015-4,References,"""URLs with schemes such as http, https, ftp, sftp, git, magnet"", URLs with subdomain, ""URLs with paths, query Strings, and fragments""",embedded in references,Hidden in annotation layers,GenURL
2401.07917,16.0,http://dx.doi.org/10.1007/s00159-019-0115-7,References,"""URLs with schemes such as http, https, ftp, sftp, git, magnet"", URLs with subdomain, ""URLs with paths, query Strings, and fragments""",embedded in references,Hidden in annotation layers,GenURL
2401.07917,16.0,http://dx.doi.org/10.1007/s12036-022-09869-w,References,"""URLs with schemes such as http, https, ftp, sftp, git, magnet"", URLs with subdomain, ""URLs with paths, query Strings, and fragments""",embedded in references,Hidden in annotation layers,GenURL
2401.07917,16.0,http://dx.doi.org/10.1017/pasa.2012.017,References,"""URLs with schemes such as http, https, ftp, sftp, git, magnet"", URLs with subdomain, ""URLs with paths, query Strings, and fragments""",embedded in references,Hidden in annotation layers,TPD
2401.07917,16.0,http://dx.doi.org/10.1017/pasa.2018.7,References,"""URLs with schemes such as http, https, ftp, sftp, git, magnet"", URLs with subdomain, ""URLs with paths, query Strings, and fragments""",embedded in references,Hidden in annotation layers,GenURL
2401.07917,16.0,http://dx.doi.org/10.1017/pasa.2020.11,References,"""URLs with schemes such as http, https, ftp, sftp, git, magnet"", URLs with subdomain, ""URLs with paths, query Strings, and fragments""",embedded in references,Hidden in annotation layers,TPD
2401.07917,16.0,http://dx.doi.org/10.1017/pasa.2022.46,References,"""URLs with schemes such as http, https, ftp, sftp, git, magnet"", URLs with subdomain, ""URLs with paths, query Strings, and fragments""",embedded in references,Hidden in annotation layers,TPD
2401.07917,16.0,http://dx.doi.org/10.1038/300615a0,References,"""URLs with schemes such as http, https, ftp, sftp, git, magnet"", URLs with subdomain, ""URLs with paths, query Strings, and fragments""",embedded in references,Hidden in annotation layers,GenURL
2401.07917,16.0,http://dx.doi.org/10.1051/0004-6361/201116681,References,"""URLs with schemes such as http, https, ftp, sftp, git, magnet"", URLs with subdomain, ""URLs with paths, query Strings, and fragments""",embedded in references,Hidden in annotation layers,Project
2401.07917,16.0,http://dx.doi.org/10.1051/0004-6361/201220873,References,"""URLs with schemes such as http, https, ftp, sftp, git, magnet"", URLs with subdomain, ""URLs with paths, query Strings, and fragments""",embedded in references,Hidden in annotation layers,Project
2401.07917,16.0,http://dx.doi.org/10.1051/0004-6361/201834059,References,"""URLs with schemes such as http, https, ftp, sftp, git, magnet"", URLs with subdomain, ""URLs with paths, query Strings, and fragments""",embedded in references,Hidden in annotation layers,GenURL
2401.07917,16.0,http://dx.doi.org/10.1051/0004-6361/202039517,References,"""URLs with schemes such as http, https, ftp, sftp, git, magnet"", URLs with subdomain, ""URLs with paths, query Strings, and fragments""",embedded in references,Hidden in annotation layers,GenURL
2401.07917,16.0,http://dx.doi.org/10.1051/0004-6361/202039846,References,"""URLs with schemes such as http, https, ftp, sftp, git, magnet"", URLs with subdomain, ""URLs with paths, query Strings, and fragments""",embedded in references,Hidden in annotation layers,GenURL
2401.07917,16.0,http://dx.doi.org/10.1051/0004-6361/202346841,References,"""URLs with schemes such as http, https, ftp, sftp, git, magnet"", URLs with subdomain, ""URLs with paths, query Strings, and fragments""",embedded in references,Hidden in annotation layers,TPD
2401.07917,16.0,http://dx.doi.org/10.1051/0004-6361/202346842,References,"""URLs with schemes such as http, https, ftp, sftp, git, magnet"", URLs with subdomain, ""URLs with paths, query Strings, and fragments""",embedded in references,Hidden in annotation layers,GenURL
2401.07917,16.0,http://dx.doi.org/10.1051/0004-6361/202346844,References,"""URLs with schemes such as http, https, ftp, sftp, git, magnet"", URLs with subdomain, ""URLs with paths, query Strings, and fragments""",embedded in references,Hidden in annotation layers,GenURL
2401.07917,16.0,http://dx.doi.org/10.1086/522227,References,"""URLs with schemes such as http, https, ftp, sftp, git, magnet"", URLs with subdomain, ""URLs with paths, query Strings, and fragments""",embedded in references,Hidden in annotation layers,GenURL
2401.07917,16.0,http://dx.doi.org/10.1086/670067,References,"""URLs with schemes such as http, https, ftp, sftp, git, magnet"", URLs with subdomain, ""URLs with paths, query Strings, and fragments""",embedded in references,Hidden in annotation layers,TPS
2401.07917,16.0,http://dx.doi.org/10.1088/0004-637X/762/2/94,References,"""URLs with schemes such as http, https, ftp, sftp, git, magnet"", URLs with subdomain, ""URLs with paths, query Strings, and fragments""",embedded in references,Hidden in annotation layers,GenURL
2401.07917,16.0,http://dx.doi.org/10.1088/0004-637X/813/1/65,References,"""URLs with schemes such as http, https, ftp, sftp, git, magnet"", URLs with subdomain, ""URLs with paths, query Strings, and fragments""",embedded in references,Hidden in annotation layers,TPD
2401.07917,16.0,http://dx.doi.org/10.1088/0264-9381/30/22/224015,References,"""URLs with schemes such as http, https, ftp, sftp, git, magnet"", URLs with subdomain, ""URLs with paths, query Strings, and fragments""",embedded in references,Hidden in annotation layers,GenURL
2401.07917,16.0,http://dx.doi.org/10.1088/0264-9381/30/22/224015,References,"""URLs with schemes such as http, https, ftp, sftp, git, magnet"", URLs with subdomain, ""URLs with paths, query Strings, and fragments""",embedded in references,Hidden in annotation layers,GenURL
2401.07917,16.0,http://dx.doi.org/10.1088/1742-6596/932/1/012002,References,"""URLs with schemes such as http, https, ftp, sftp, git, magnet"", URLs with subdomain, ""URLs with paths, query Strings, and fragments""",embedded in references,Hidden in annotation layers,GenURL
2401.07917,16.0,http://dx.doi.org/10.1093/mnras/staa278,References,"""URLs with schemes such as http, https, ftp, sftp, git, magnet"", URLs with subdomain, ""URLs with paths, query Strings, and fragments""",embedded in references,Hidden in annotation layers,TPS
2401.07917,16.0,http://dx.doi.org/10.1093/mnras/stab1990,References,"""URLs with schemes such as http, https, ftp, sftp, git, magnet"", URLs with subdomain, ""URLs with paths, query Strings, and fragments""",embedded in references,Hidden in annotation layers,GenURL
2401.07917,16.0,http://dx.doi.org/10.1093/mnras/stab2833,References,"""URLs with schemes such as http, https, ftp, sftp, git, magnet"", URLs with subdomain, ""URLs with paths, query Strings, and fragments""",embedded in references,Hidden in annotation layers,GenURL
2401.07917,16.0,http://dx.doi.org/10.1093/mnras/sts486,References,"""URLs with schemes such as http, https, ftp, sftp, git, magnet"", URLs with subdomain, ""URLs with paths, query Strings, and fragments""",embedded in references,Hidden in annotation layers,GenURL
2401.07917,16.0,http://dx.doi.org/10.1093/mnras/stt2122,References,"""URLs with schemes such as http, https, ftp, sftp, git, magnet"", URLs with subdomain, ""URLs with paths, query Strings, and fragments""",embedded in references,Hidden in annotation layers,TPS
2401.07917,16.0,http://dx.doi.org/10.1093/mnras/stv2143,References,"""URLs with schemes such as http, https, ftp, sftp, git, magnet"", URLs with subdomain, ""URLs with paths, query Strings, and fragments""",embedded in references,Hidden in annotation layers,GenURL
2401.07917,16.0,http://dx.doi.org/10.1093/mnras/stv2755,References,"""URLs with schemes such as http, https, ftp, sftp, git, magnet"", URLs with subdomain, ""URLs with paths, query Strings, and fragments""",embedded in references,Hidden in annotation layers,TPD
2401.07917,16.0,http://dx.doi.org/10.1093/mnras/stw347,References,"""URLs with schemes such as http, https, ftp, sftp, git, magnet"", URLs with subdomain, ""URLs with paths, query Strings, and fragments""",embedded in references,Hidden in annotation layers,TPD
2401.07917,16.0,http://dx.doi.org/10.1093/mnras/stw395,References,"""URLs with schemes such as http, https, ftp, sftp, git, magnet"", URLs with subdomain, ""URLs with paths, query Strings, and fragments""",embedded in references,Hidden in annotation layers,GenURL
2401.07917,16.0,http://dx.doi.org/10.1093/mnras/stw483,References,"""URLs with schemes such as http, https, ftp, sftp, git, magnet"", URLs with subdomain, ""URLs with paths, query Strings, and fragments""",embedded in references,Hidden in annotation layers,GenURL
2401.07917,16.0,http://dx.doi.org/10.1093/mnras/sty3324,References,"""URLs with schemes such as http, https, ftp, sftp, git, magnet"", URLs with subdomain, ""URLs with paths, query Strings, and fragments""",embedded in references,Hidden in annotation layers,GenURL
2401.07917,16.0,http://dx.doi.org/10.1093/mnras/stz1278,References,"""URLs with schemes such as http, https, ftp, sftp, git, magnet"", URLs with subdomain, ""URLs with paths, query Strings, and fragments""",embedded in references,Hidden in annotation layers,GenURL
2401.07917,16.0,http://dx.doi.org/10.1111/j.1365-2966.2006.10870.x,References,"""URLs with schemes such as http, https, ftp, sftp, git, magnet"", URLs with subdomain, ""URLs with paths, query Strings, and fragments""",embedded in references,Hidden in annotation layers,TPS
2401.07917,16.0,http://dx.doi.org/10.1111/j.1365-2966.2011.18613.x,References,"""URLs with schemes such as http, https, ftp, sftp, git, magnet"", URLs with subdomain, ""URLs with paths, query Strings, and fragments""",embedded in references,Hidden in annotation layers,GenURL
2401.07917,16.0,http://dx.doi.org/10.1111/j.1365-2966.2011.19505.x,References,"""URLs with schemes such as http, https, ftp, sftp, git, magnet"", URLs with subdomain, ""URLs with paths, query Strings, and fragments""",embedded in references,Hidden in annotation layers,GenURL
2401.07917,16.0,http://dx.doi.org/10.22323/1.215.0037,References,"""URLs with schemes such as http, https, ftp, sftp, git, magnet"", URLs with subdomain, ""URLs with paths, query Strings, and fragments""",embedded in references,Hidden in annotation layers,GenURL
2401.07917,16.0,http://dx.doi.org/10.3847/1538-4357/aa73df,References,"""URLs with schemes such as http, https, ftp, sftp, git, magnet"", URLs with subdomain, ""URLs with paths, query Strings, and fragments""",embedded in references,Hidden in annotation layers,GenURL
2401.07917,16.0,http://dx.doi.org/10.3847/1538-4357/ab01fd,References,"""URLs with schemes such as http, https, ftp, sftp, git, magnet"", URLs with subdomain, ""URLs with paths, query Strings, and fragments""",embedded in references,Hidden in annotation layers,TPD
2401.07917,16.0,http://dx.doi.org/10.3847/1538-4357/ac5829,References,"""URLs with schemes such as http, https, ftp, sftp, git, magnet"", URLs with subdomain, ""URLs with paths, query Strings, and fragments""",embedded in references,Hidden in annotation layers,GenURL
2401.07917,16.0,http://dx.doi.org/10.3847/2041-8213/acdac6,References,"""URLs with schemes such as http, https, ftp, sftp, git, magnet"", URLs with subdomain, ""URLs with paths, query Strings, and fragments""",embedded in references,Hidden in annotation layers,TPD
2401.07917,16.0,http://dx.doi.org/10.3847/2041-8213/acdd02,References,"""URLs with schemes such as http, https, ftp, sftp, git, magnet"", URLs with subdomain, ""URLs with paths, query Strings, and fragments""",embedded in references,Hidden in annotation layers,GenURL
2401.07917,16.0,http://dx.doi.org/10.5281/zenodo.6046212,References,"""URLs with schemes such as http, https, ftp, sftp, git, magnet"", URLs with subdomain, ""URLs with paths, query Strings, and fragments""",embedded in references,Hidden in annotation layers,TPS
2401.07917,15.0,https://doi.org/10.25919/cx59-a798,References,"""URLs with schemes such as http, https, ftp, sftp, git, magnet"", ""URLs with paths, query Strings, and fragments""","embedded in references, split across lines",Hidden in annotation layers,TPD
2401.07917,15.0,https://doi.org/10.5281/zenodo.8164424,References,"""URLs with schemes such as http, https, ftp, sftp, git, magnet"", ""URLs with paths, query Strings, and fragments""",embedded in references,,TPD
2401.07917,15.0,https://github.com/inpta/InPTA.DR1,References,"""URLs with schemes such as http, https, ftp, sftp, git, magnet"", ""URLs with paths, query Strings, and fragments""",embedded in references,,TPD
2401.07917,15.0,https://lta.lofar.eu/,References,"""URLs with schemes such as http, https, ftp, sftp, git, magnet"", URLs with subdomain, URLs with trailing slashes",embedded in references,Hidden in annotation layers,TPD
2401.07917,1.0,https://orcid.org/0000-0001-5567-5492,Title & Authors,"""URLs with schemes such as http, https, ftp, sftp, git, magnet"", ""URLs with paths, query Strings, and fragments""",,Hidden in annotation layers,GenURL
2401.07917,1.0,https://orcid.org/0000-0002-1775-9692,Title & Authors,"""URLs with schemes such as http, https, ftp, sftp, git, magnet"", ""URLs with paths, query Strings, and fragments""",,Hidden in annotation layers,GenURL
2401.07917,1.0,https://orcid.org/0000-0002-2885-8485,Title & Authors,"""URLs with schemes such as http, https, ftp, sftp, git, magnet"", ""URLs with paths, query Strings, and fragments""",,Hidden in annotation layers,GenURL
2401.07917,1.0,https://orcid.org/0000-0002-2953-7376,Title & Authors,"""URLs with schemes such as http, https, ftp, sftp, git, magnet"", ""URLs with paths, query Strings, and fragments""",,Hidden in annotation layers,GenURL
2401.07917,1.0,https://orcid.org/0000-0002-3118-5963,Title & Authors,"""URLs with schemes such as http, https, ftp, sftp, git, magnet"", ""URLs with paths, query Strings, and fragments""",,Hidden in annotation layers,GenURL
2401.07917,1.0,https://orcid.org/0000-0002-3407-8071,Title & Authors,"""URLs with schemes such as http, https, ftp, sftp, git, magnet"", ""URLs with paths, query Strings, and fragments""",,Hidden in annotation layers,GenURL
2401.07917,1.0,https://orcid.org/0000-0002-3649-276X,Title & Authors,"""URLs with schemes such as http, https, ftp, sftp, git, magnet"", ""URLs with paths, query Strings, and fragments""",,Hidden in annotation layers,GenURL
2401.07917,1.0,https://orcid.org/0000-0002-4553-655X,Title & Authors,"""URLs with schemes such as http, https, ftp, sftp, git, magnet"", ""URLs with paths, query Strings, and fragments""",,Hidden in annotation layers,GenURL
2401.07917,1.0,https://orcid.org/0000-0002-5307-2919,Title & Authors,"""URLs with schemes such as http, https, ftp, sftp, git, magnet"", ""URLs with paths, query Strings, and fragments""",,Hidden in annotation layers,GenURL
2401.07917,1.0,https://orcid.org/0000-0002-6554-3722,Title & Authors,"""URLs with schemes such as http, https, ftp, sftp, git, magnet"", ""URLs with paths, query Strings, and fragments""",,Hidden in annotation layers,GenURL
2401.07917,1.0,https://orcid.org/0000-0002-8452-4834,Title & Authors,"""URLs with schemes such as http, https, ftp, sftp, git, magnet"", ""URLs with paths, query Strings, and fragments""",,Hidden in annotation layers,GenURL
2401.07917,1.0,https://orcid.org/0000-0002-9049-8716,Title & Authors,"""URLs with schemes such as http, https, ftp, sftp, git, magnet"", ""URLs with paths, query Strings, and fragments""",,Hidden in annotation layers,GenURL
2401.07917,1.0,https://orcid.org/0000-0003-1361-7723,Title & Authors,"""URLs with schemes such as http, https, ftp, sftp, git, magnet"", ""URLs with paths, query Strings, and fragments""",,Hidden in annotation layers,GenURL
2401.07917,1.0,https://orcid.org/0000-0003-3068-3677,Title & Authors,"""URLs with schemes such as http, https, ftp, sftp, git, magnet"", ""URLs with paths, query Strings, and fragments""",,Hidden in annotation layers,GenURL
2401.07917,1.0,https://orcid.org/0000-0003-3362-7996,Title & Authors,"""URLs with schemes such as http, https, ftp, sftp, git, magnet"", ""URLs with paths, query Strings, and fragments""",,Hidden in annotation layers,GenURL
2401.07917,1.0,https://orcid.org/0000-0003-3391-0011,Title & Authors,"""URLs with schemes such as http, https, ftp, sftp, git, magnet"", ""URLs with paths, query Strings, and fragments""",,Hidden in annotation layers,GenURL
2401.07917,1.0,https://orcid.org/0000-0003-3611-3464,Title & Authors,"""URLs with schemes such as http, https, ftp, sftp, git, magnet"", ""URLs with paths, query Strings, and fragments""",,Hidden in annotation layers,GenURL
2401.07917,1.0,https://orcid.org/0000-0003-3922-4055,Title & Authors,"""URLs with schemes such as http, https, ftp, sftp, git, magnet"", ""URLs with paths, query Strings, and fragments""",,Hidden in annotation layers,GenURL
2401.07917,1.0,https://orcid.org/0000-0003-4454-0204,Title & Authors,"""URLs with schemes such as http, https, ftp, sftp, git, magnet"", ""URLs with paths, query Strings, and fragments""",,Hidden in annotation layers,GenURL
2401.07917,16.0,https://ui.adsabs.harvard.edu/abs/1972ApL....10...67M,References,"""URLs with schemes such as http, https, ftp, sftp, git, magnet"", URLs with subdomain, ""URLs with paths, query Strings, and fragments""",embedded in references,Hidden in annotation layers,GenURL
2401.07917,16.0,https://ui.adsabs.harvard.edu/abs/1982Natur.300..615B,References,"""URLs with schemes such as http, https, ftp, sftp, git, magnet"", URLs with subdomain, ""URLs with paths, query Strings, and fragments""",embedded in references,Hidden in annotation layers,GenURL
2401.07917,16.0,https://ui.adsabs.harvard.edu/abs/1996Ap&SS.243...87C,References,"""URLs with schemes such as http, https, ftp, sftp, git, magnet"", URLs with subdomain, ""URLs with paths, query Strings, and fragments""",embedded in references,Hidden in annotation layers,GenURL
2401.07917,16.0,https://ui.adsabs.harvard.edu/abs/2006MNRAS.372.1549E,References,"""URLs with schemes such as http, https, ftp, sftp, git, magnet"", URLs with subdomain, ""URLs with paths, query Strings, and fragments""",embedded in references,Hidden in annotation layers,TPS
2401.07917,16.0,https://ui.adsabs.harvard.edu/abs/2007ApJ...671..907Y,References,"""URLs with schemes such as http, https, ftp, sftp, git, magnet"", URLs with subdomain, ""URLs with paths, query Strings, and fragments""",embedded in references,Hidden in annotation layers,TPS
2401.07917,16.0,https://ui.adsabs.harvard.edu/abs/2011A&A...530A..80S,References,"""URLs with schemes such as http, https, ftp, sftp, git, magnet"", URLs with subdomain, ""URLs with paths, query Strings, and fragments""",embedded in references,Hidden in annotation layers,GenURL
2401.07917,16.0,https://ui.adsabs.harvard.edu/abs/2011MNRAS.414.3117V,References,"""URLs with schemes such as http, https, ftp, sftp, git, magnet"", URLs with subdomain, ""URLs with paths, query Strings, and fragments""",embedded in references,Hidden in annotation layers,GenURL
2401.07917,16.0,https://ui.adsabs.harvard.edu/abs/2011MNRAS.418..561C,References,"""URLs with schemes such as http, https, ftp, sftp, git, magnet"", URLs with subdomain, ""URLs with paths, query Strings, and fragments""",embedded in references,Hidden in annotation layers,GenURL
2401.07917,16.0,https://ui.adsabs.harvard.edu/abs/2013A&A...556A...2V,References,"""URLs with schemes such as http, https, ftp, sftp, git, magnet"", URLs with subdomain, ""URLs with paths, query Strings, and fragments""",embedded in references,Hidden in annotation layers,GenURL
2401.07917,16.0,https://ui.adsabs.harvard.edu/abs/2013ApJ...762...94D,References,"""URLs with schemes such as http, https, ftp, sftp, git, magnet"", URLs with subdomain, ""URLs with paths, query Strings, and fragments""",embedded in references,Hidden in annotation layers,GenURL
2401.07917,16.0,https://ui.adsabs.harvard.edu/abs/2013CQGra..30v4015S,References,"""URLs with schemes such as http, https, ftp, sftp, git, magnet"", URLs with subdomain, ""URLs with paths, query Strings, and fragments""",embedded in references,Hidden in annotation layers,GenURL
2401.07917,16.0,https://ui.adsabs.harvard.edu/abs/2013MNRAS.429.2161K,References,"""URLs with schemes such as http, https, ftp, sftp, git, magnet"", URLs with subdomain, ""URLs with paths, query Strings, and fragments""",embedded in references,Hidden in annotation layers,GenURL
2401.07917,16.0,https://ui.adsabs.harvard.edu/abs/2013PASA...30...17M,References,"""URLs with schemes such as http, https, ftp, sftp, git, magnet"", URLs with subdomain, ""URLs with paths, query Strings, and fragments""",embedded in references,Hidden in annotation layers,TPD
2401.07917,16.0,https://ui.adsabs.harvard.edu/abs/2013PASP..125..306F,References,"""URLs with schemes such as http, https, ftp, sftp, git, magnet"", URLs with subdomain, ""URLs with paths, query Strings, and fragments""",embedded in references,Hidden in annotation layers,TPS
2401.07917,16.0,https://ui.adsabs.harvard.edu/abs/2013PASP..125..306F,References,"""URLs with schemes such as http, https, ftp, sftp, git, magnet"", URLs with subdomain, ""URLs with paths, query Strings, and fragments""",embedded in references,Hidden in annotation layers,TPS
2401.07917,16.0,https://ui.adsabs.harvard.edu/abs/2014MNRAS.437.3004L,References,"""URLs with schemes such as http, https, ftp, sftp, git, magnet"", URLs with subdomain, ""URLs with paths, query Strings, and fragments""",embedded in references,Hidden in annotation layers,TPS
2401.07917,16.0,https://ui.adsabs.harvard.edu/abs/2015ApJ...813...65N,References,"""URLs with schemes such as http, https, ftp, sftp, git, magnet"", URLs with subdomain, ""URLs with paths, query Strings, and fragments""",embedded in references,Hidden in annotation layers,TPD
2401.07917,16.0,https://ui.adsabs.harvard.edu/abs/2015LRSP...12....4H,References,"""URLs with schemes such as http, https, ftp, sftp, git, magnet"", URLs with subdomain, ""URLs with paths, query Strings, and fragments""",embedded in references,Hidden in annotation layers,GenURL
2401.07917,16.0,https://ui.adsabs.harvard.edu/abs/2016MNRAS.455.4339T,References,"""URLs with schemes such as http, https, ftp, sftp, git, magnet"", URLs with subdomain, ""URLs with paths, query Strings, and fragments""",embedded in references,Hidden in annotation layers,GenURL
2401.07917,16.0,https://ui.adsabs.harvard.edu/abs/2016MNRAS.456.2196B,References,"""URLs with schemes such as http, https, ftp, sftp, git, magnet"", URLs with subdomain, ""URLs with paths, query Strings, and fragments""",embedded in references,Hidden in annotation layers,GenURL
2401.07917,16.0,https://ui.adsabs.harvard.edu/abs/2016MNRAS.458.1267V,References,"""URLs with schemes such as http, https, ftp, sftp, git, magnet"", URLs with subdomain, ""URLs with paths, query Strings, and fragments""",embedded in references,Hidden in annotation layers,TPD
2401.07917,16.0,https://ui.adsabs.harvard.edu/abs/2016MNRAS.458.2161L,References,"""URLs with schemes such as http, https, ftp, sftp, git, magnet"", URLs with subdomain, ""URLs with paths, query Strings, and fragments""",embedded in references,Hidden in annotation layers,GenURL
2401.07917,16.0,https://ui.adsabs.harvard.edu/abs/2016MNRAS.458.3341D,References,"""URLs with schemes such as http, https, ftp, sftp, git, magnet"", URLs with subdomain, ""URLs with paths, query Strings, and fragments""",embedded in references,Hidden in annotation layers,GenURL
2401.07917,16.0,https://ui.adsabs.harvard.edu/abs/2017ApJ...841..125J,References,"""URLs with schemes such as http, https, ftp, sftp, git, magnet"", URLs with subdomain, ""URLs with paths, query Strings, and fragments""",embedded in references,Hidden in annotation layers,GenURL
2401.07917,16.0,https://ui.adsabs.harvard.edu/abs/2018PASA...35...13T,References,"""URLs with schemes such as http, https, ftp, sftp, git, magnet"", URLs with subdomain, ""URLs with paths, query Strings, and fragments""",embedded in references,Hidden in annotation layers,GenURL
2401.07917,16.0,https://ui.adsabs.harvard.edu/abs/2019A&A...624A..22D,References,"""URLs with schemes such as http, https, ftp, sftp, git, magnet"", URLs with subdomain, ""URLs with paths, query Strings, and fragments""",embedded in references,Hidden in annotation layers,GenURL
2401.07917,16.0,https://ui.adsabs.harvard.edu/abs/2019A&ARv..27....5B,References,"""URLs with schemes such as http, https, ftp, sftp, git, magnet"", URLs with subdomain, ""URLs with paths, query Strings, and fragments""",embedded in references,Hidden in annotation layers,GenURL
2401.07917,16.0,https://ui.adsabs.harvard.edu/abs/2019ApJ...872..150M,References,"""URLs with schemes such as http, https, ftp, sftp, git, magnet"", URLs with subdomain, ""URLs with paths, query Strings, and fragments""",embedded in references,Hidden in annotation layers,TPD
2401.07917,16.0,https://ui.adsabs.harvard.edu/abs/2019MNRAS.483.4100P,References,"""URLs with schemes such as http, https, ftp, sftp, git, magnet"", URLs with subdomain, ""URLs with paths, query Strings, and fragments""",embedded in references,Hidden in annotation layers,GenURL
2401.07917,16.0,https://ui.adsabs.harvard.edu/abs/2019MNRAS.487..394T,References,"""URLs with schemes such as http, https, ftp, sftp, git, magnet"", URLs with subdomain, ""URLs with paths, query Strings, and fragments""",embedded in references,Hidden in annotation layers,GenURL
2401.07917,16.0,https://ui.adsabs.harvard.edu/abs/2020A&A...644A.153D,References,"""URLs with schemes such as http, https, ftp, sftp, git, magnet"", URLs with subdomain, ""URLs with paths, query Strings, and fragments""",embedded in references,Hidden in annotation layers,GenURL
2401.07917,16.0,https://ui.adsabs.harvard.edu/abs/2020MNRAS.493.3132S,References,"""URLs with schemes such as http, https, ftp, sftp, git, magnet"", URLs with subdomain, ""URLs with paths, query Strings, and fragments""",embedded in references,Hidden in annotation layers,TPS
2401.07917,16.0,https://ui.adsabs.harvard.edu/abs/2020PASA...37...20K,References,"""URLs with schemes such as http, https, ftp, sftp, git, magnet"", URLs with subdomain, ""URLs with paths, query Strings, and fragments""",embedded in references,Hidden in annotation layers,TPD
2401.07917,16.0,https://ui.adsabs.harvard.edu/abs/2021A&A...647A..84T,References,"""URLs with schemes such as http, https, ftp, sftp, git, magnet"", URLs with subdomain, ""URLs with paths, query Strings, and fragments""",embedded in references,Hidden in annotation layers,GenURL
2401.07917,16.0,https://ui.adsabs.harvard.edu/abs/2021MNRAS.507.2137R,References,"""URLs with schemes such as http, https, ftp, sftp, git, magnet"", URLs with subdomain, ""URLs with paths, query Strings, and fragments""",embedded in references,Hidden in annotation layers,GenURL
2401.07917,16.0,https://ui.adsabs.harvard.edu/abs/2021MNRAS.508.4970C,References,"""URLs with schemes such as http, https, ftp, sftp, git, magnet"", URLs with subdomain, ""URLs with paths, query Strings, and fragments""",embedded in references,Hidden in annotation layers,GenURL
2401.07917,16.0,https://ui.adsabs.harvard.edu/abs/2022ApJ...929...39H,References,"""URLs with schemes such as http, https, ftp, sftp, git, magnet"", URLs with subdomain, ""URLs with paths, query Strings, and fragments""",embedded in references,Hidden in annotation layers,GenURL
2401.07917,16.0,https://ui.adsabs.harvard.edu/abs/2022JApA...43...98J,References,"""URLs with schemes such as http, https, ftp, sftp, git, magnet"", URLs with subdomain, ""URLs with paths, query Strings, and fragments""",embedded in references,Hidden in annotation layers,GenURL
2401.07917,16.0,https://ui.adsabs.harvard.edu/abs/2022PASA...39...53T,References,"""URLs with schemes such as http, https, ftp, sftp, git, magnet"", URLs with subdomain, ""URLs with paths, query Strings, and fragments""",embedded in references,Hidden in annotation layers,TPD
2401.07917,16.0,https://ui.adsabs.harvard.edu/abs/2023A&A...678A..48E,References,"""URLs with schemes such as http, https, ftp, sftp, git, magnet"", URLs with subdomain, ""URLs with paths, query Strings, and fragments""",embedded in references,Hidden in annotation layers,TPD
2401.07917,16.0,https://ui.adsabs.harvard.edu/abs/2023A&A...678A..49E,References,"""URLs with schemes such as http, https, ftp, sftp, git, magnet"", URLs with subdomain, ""URLs with paths, query Strings, and fragments""",embedded in references,Hidden in annotation layers,GenURL
2401.07917,16.0,https://ui.adsabs.harvard.edu/abs/2023A&A...678A..50E,References,"""URLs with schemes such as http, https, ftp, sftp, git, magnet"", URLs with subdomain, ""URLs with paths, query Strings, and fragments""",embedded in references,Hidden in annotation layers,GenURL
2401.07917,16.0,https://ui.adsabs.harvard.edu/abs/2023ApJ...951L...6R,References,"""URLs with schemes such as http, https, ftp, sftp, git, magnet"", URLs with subdomain, ""URLs with paths, query Strings, and fragments""",embedded in references,Hidden in annotation layers,GenURL
2401.07917,16.0,https://ui.adsabs.harvard.edu/abs/2023ApJ...951L...8A,References,"""URLs with schemes such as http, https, ftp, sftp, git, magnet"", URLs with subdomain, ""URLs with paths, query Strings, and fragments""",embedded in references,Hidden in annotation layers,GenURL
2401.07917,14.0,https://www.glowconsortium.de/,References,"URLs with trailing slashes, ""URLs with schemes such as http, https, ftp, sftp, git, magnet""",,Hidden in annotation layers,GenURL
2401.16274,8.0,https://gunicorn.org,References,"""URLs with schemes such as http, https, ftp, sftp, git, magnet""",embedded in references,,TPS
2401.16274,8.0,https://helm.sh,References,"""URLs with schemes such as http, https, ftp, sftp, git, magnet""",embedded in references,,TPS
2401.16274,8.0,https://hepsoftwarefoundation.org/activities/conditionsdb.html,References,"""URLs with schemes such as http, https, ftp, sftp, git, magnet"", ""URLs with paths, query Strings, and fragments""","embedded in references, split across lines",,TPD
2401.16274,8.0,https://kubernetes.io,References,"""URLs with schemes such as http, https, ftp, sftp, git, magnet""",embedded in references,,TPS
2401.16274,8.0,https://www.djangoproject.com,References,"""URLs with schemes such as http, https, ftp, sftp, git, magnet""",embedded in references,,TPS
2401.16274,8.0,https://www.docker.com,References,"""URLs with schemes such as http, https, ftp, sftp, git, magnet""",embedded in references,,TPS
2401.16274,8.0,https://www.nginx.com,References,"""URLs with schemes such as http, https, ftp, sftp, git, magnet""","embedded in references, split across lines",,TPS
2401.16274,8.0,https://www.okd.io,References,"""URLs with schemes such as http, https, ftp, sftp, git, magnet""",embedded in references,,TPS
2401.16274,8.0,https://www.pgbouncer.org,References,"""URLs with schemes such as http, https, ftp, sftp, git, magnet""","embedded in references, split across lines",,TPS
2401.16274,8.0,https://www.postgresql.org,References,"""URLs with schemes such as http, https, ftp, sftp, git, magnet""","embedded in references, split across lines",,TPS
2401.16274,8.0,https://www.sdcc.bnl.gov,References,"""URLs with schemes such as http, https, ftp, sftp, git, magnet"", URLs with subdomain",embedded in references,,GenURL
2401.17538,11.0,https://csrc.nist.gov/projects/post-quantum-cryptography,References,"""URLs with schemes such as http, https, ftp, sftp, git, magnet"", URLs with subdomain, ""URLs with paths, query Strings, and fragments""","embedded in references, split across lines",,GenURL
2401.17538,11.0,https://datatracker.ietf.org/doc/draft-urien-lwig-security-classes/09/,References,"""URLs with schemes such as http, https, ftp, sftp, git, magnet"", URLs with trailing slashes, ""URLs with paths, query Strings, and fragments"", URLs with subdomain",embedded in references,,GenURL
2401.17538,11.0,https://iot-analytics.com/number-connected-iot-devices/,References,"""URLs with schemes such as http, https, ftp, sftp, git, magnet"", ""URLs with paths, query Strings, and fragments"", URLs with trailing slashes","embedded in references, split across lines",,GenURL
2401.17538,11.0,https://multos.com/support/multos-trust-anchor/developer-boards/,References,"""URLs with schemes such as http, https, ftp, sftp, git, magnet"", ""URLs with paths, query Strings, and fragments"", URLs with trailing slashes",embedded in references,,GenURL
2401.17538,11.0,https://newsroom.ibm.com/2021-11-16-IBM-Unveils-Breakthrough-127-Qubit-Quantum-Processor,References,"""URLs with schemes such as http, https, ftp, sftp, git, magnet"", URLs with subdomain, ""URLs with paths, query Strings, and fragments""","embedded in references, split across lines",,GenURL
2401.17538,11.0,https://nvlpubs.nist.gov/nistpubs/ir/2022/NIST.IR.8413-upd1.pdf,References,"""URLs with schemes such as http, https, ftp, sftp, git, magnet"", URLs with subdomain, ""URLs with paths, query Strings, and fragments""",embedded in references,,GenURL
2401.17538,11.0,https://www.ibm.com/quantum/roadmap,References,"""URLs with schemes such as http, https, ftp, sftp, git, magnet"", ""URLs with paths, query Strings, and fragments""",embedded in references,,GenURL
2401.17538,11.0,https://www.nccoe.nist.gov/crypto-agility-considerations-migrating-post-quantum-cryptographic-algorithms,References,"""URLs with schemes such as http, https, ftp, sftp, git, magnet"", URLs with subdomain, ""URLs with paths, query Strings, and fragments""","embedded in references, split across lines",,GenURL
2401.17538,11.0,https://www.rfc-editor.org/info/rfc7228,References,"""URLs with schemes such as http, https, ftp, sftp, git, magnet"", ""URLs with paths, query Strings, and fragments""",embedded in references,,GenURL
0711.3001,1.0,http://www.naic.edu/∼pfreire/GCpsr.html,Footer,"""URLs with schemes such as http, https, ftp, sftp, git, magnet"", ""URLs with paths, query Strings, and fragments""",embedded in footnotes,,TPD
0711.3001,1.0,http://arxiv.org/abs/0711.3001v1,Title & Authors,"""URLs with schemes such as http, https, ftp, sftp, git, magnet"", ""URLs with paths, query Strings, and fragments""",,"Hidden in annotation layers, Hidden in metadata",GenURL
0711.3001,1.0,http://arxiv.org/abs/0711.4065v3,Title & Authors,"""URLs with schemes such as http, https, ftp, sftp, git, magnet"", ""URLs with paths, query Strings, and fragments""",,"Hidden in annotation layers, Hidden in metadata",GenURL
0711.4065,17.0,www.esf.org/euryi.,Conclusions,"URLs without scheme, ""URLs with paths, query Strings, and fragments""",,,GenURL
0806.0851,1.0,http://arxiv.org/abs/0806.0851v2,Title & Authors,"""URLs with schemes such as http, https, ftp, sftp, git, magnet"", ""URLs with paths, query Strings, and fragments""",,"Hidden in annotation layers, Hidden in metadata",GenURL
0806.0851,7.0,http://brucegary.net/AXA/GJ436/gj436.htm,Results and Discussion,"""URLs with schemes such as http, https, ftp, sftp, git, magnet"", ""URLs with paths, query Strings, and fragments""",embedded in footnotes,,TPD
0806.0851,1.0,http://cdsweb.u-strasbg.fr/cgi-bin/qcat?J/A+A/,Introduction,"""URLs with schemes such as http, https, ftp, sftp, git, magnet"", ""URLs with paths, query Strings, and fragments"", URLs with subdomain, URLs with trailing slashes",embedded in footnotes,,APD
0806.0851,1.0,mailto:bean@astro.physik.uni-goettingen.de,Title & Authors,"""URLs with schemes such as http, https, ftp, sftp, git, magnet""",,Hidden in annotation layers,GenURL
0806.2409,1.0,http://arxiv.org/abs/0806.2409v2,Abstract,"""URLs with schemes such as http, https, ftp, sftp, git, magnet"", ""URLs with paths, query Strings, and fragments""",,"Hidden in annotation layers, Hidden in metadata",GenURL
0806.2409,54.0,http://link.aip.org/link/?APL/22/493/1,References,"""URLs with schemes such as http, https, ftp, sftp, git, magnet"", ""URLs with paths, query Strings, and fragments"", URLs with subdomain",embedded in references,,GenURL
0806.2409,55.0,http://link.aip.org/link/?APL/60/2204/1,References,"""URLs with schemes such as http, https, ftp, sftp, git, magnet"", ""URLs with paths, query Strings, and fragments"", URLs with subdomain",embedded in references,,GenURL
0806.2409,56.0,http://link.aps.org/abstract/PRE/v74/e021711,References,"""URLs with schemes such as http, https, ftp, sftp, git, magnet"", URLs with subdomain, ""URLs with paths, query Strings, and fragments""",embedded in references,,GenURL
0806.2409,54.0,http://link.aps.org/abstract/PRE/v77/e041705,References,"""URLs with schemes such as http, https, ftp, sftp, git, magnet"", ""URLs with paths, query Strings, and fragments"", URLs with subdomain",embedded in references,,GenURL
0806.2409,55.0,http://link.aps.org/abstract/PRL/v101/e037802,References,"""URLs with schemes such as http, https, ftp, sftp, git, magnet"", ""URLs with paths, query Strings, and fragments"", URLs with subdomain",embedded in references,,GenURL
0806.2409,56.0,http://link.aps.org/abstract/PRL/v101/e147801,References,"""URLs with schemes such as http, https, ftp, sftp, git, magnet"", URLs with subdomain, ""URLs with paths, query Strings, and fragments""",embedded in references,,GenURL
0806.2409,54.0,http://link.aps.org/abstract/RMP/v80/p61,References,"""URLs with schemes such as http, https, ftp, sftp, git, magnet"", ""URLs with paths, query Strings, and fragments"", URLs with subdomain",embedded in references,,GenURL
0806.2409,55.0,http://webusers.physics.uiuc.edu/m-stone5/,References,"""URLs with schemes such as http, https, ftp, sftp, git, magnet"", ""URLs with paths, query Strings, and fragments"", URLs with subdomain, URLs with trailing slashes",embedded in references,,GenURL
0806.2409,53.0,https://www.sciencemag.org/cgi/content/abstract/299/5613/1716,References,"""URLs with schemes such as http, https, ftp, sftp, git, magnet"", ""URLs with paths, query Strings, and fragments""",embedded in references,,GenURL
0806.2409,1.0,mailto:xxing@physics.syr.edu,Abstract,"""URLs with schemes such as http, https, ftp, sftp, git, magnet""",,Hidden in annotation layers,GenURL
0806.3260,10.0,http://hdl.handle.net/1903/1168,References,"""URLs with schemes such as http, https, ftp, sftp, git, magnet"", URLs with subdomain, ""URLs with paths, query Strings, and fragments""",embedded in references,,GenURL
0806.3260,1.0,mailto:julien.langou@ucdenver.edu,Title & Authors,"""URLs with schemes such as http, https, ftp, sftp, git, magnet""",embedded in footnotes,Hidden in annotation layers,GenURL
0806.3260,1.0,mailto:yaugen.vecharynski@ucdenver.edu,Title & Authors,"""URLs with schemes such as http, https, ftp, sftp, git, magnet""",embedded in footnotes,Hidden in annotation layers,GenURL
0904.1205,1.0,http://arxiv.org/abs/0904.1205v2,Title & Authors,"""URLs with schemes such as http, https, ftp, sftp, git, magnet"", ""URLs with paths, query Strings, and fragments""",,"Hidden in annotation layers, Hidden in metadata",GenURL
0904.1205,2.0,http://blastexperiment.info/,Results and Discussion,"""URLs with schemes such as http, https, ftp, sftp, git, magnet"", URLs with trailing slashes",embedded in footnotes,,TPD
0904.1205,3.0,http://www.noao.edu/staff/pope/DATA/SCUBA.html,Results and Discussion,"""URLs with schemes such as http, https, ftp, sftp, git, magnet"", ""URLs with paths, query Strings, and fragments""",embedded in footnotes,,TPD
0904.1388,1.0,http://arxiv.org/abs/0904.1388v1,Title & Authors,"""URLs with schemes such as http, https, ftp, sftp, git, magnet"", ""URLs with paths, query Strings, and fragments""",,"Hidden in annotation layers, Hidden in metadata",GenURL
0904.1388,1.0,mailto:lnittler@ciw.edu,Title & Authors,"""URLs with schemes such as http, https, ftp, sftp, git, magnet""",,Hidden in annotation layers,GenURL
0904.1388,3.0,www.publish.csiro.au/journals/pasa,Results and Discussion,"""URLs with schemes such as http, https, ftp, sftp, git, magnet"", URLs with subdomain, ""URLs with paths, query Strings, and fragments""",,Hidden in annotation layers,GenURL
0904.1388,4.0,www.publish.csiro.au/journals/pasa,Results and Discussion,"""URLs with schemes such as http, https, ftp, sftp, git, magnet"", URLs with subdomain, ""URLs with paths, query Strings, and fragments""",,,GenURL
0904.1388,5.0,www.publish.csiro.au/journals/pasa,Conclusions,"""URLs with schemes such as http, https, ftp, sftp, git, magnet"", URLs with subdomain, ""URLs with paths, query Strings, and fragments""",,,GenURL
1010.1154,12.0,http://arxiv.org/abs/1008.1993,References,"""URLs with schemes such as http, https, ftp, sftp, git, magnet"", ""URLs with paths, query Strings, and fragments""",embedded in references,Hidden in annotation layers,GenURL
1010.1154,1.0,http://arxiv.org/abs/1010.1154v1,Title & Authors,"""URLs with schemes such as http, https, ftp, sftp, git, magnet"", ""URLs with paths, query Strings, and fragments""",,"Hidden in annotation layers, Hidden in metadata",GenURL
1010.1154,12.0,http://arxiv.org/abs/astro-ph/0611014,References,"""URLs with schemes such as http, https, ftp, sftp, git, magnet"", ""URLs with paths, query Strings, and fragments""",embedded in references,Hidden in annotation layers,GenURL
1010.1154,2.0,http://cdsweb.u-strasbg.fr/topbase/op.html,Methodology,"""URLs with schemes such as http, https, ftp, sftp, git, magnet"", URLs with subdomain, ""URLs with paths, query Strings, and fragments""",embedded in footnotes,,Project
1010.1154,1.0,mailto:bmm32@cam.ac.uk,Title & Authors,"""URLs with schemes such as http, https, ftp, sftp, git, magnet""",embedded in footnotes,Hidden in annotation layers,GenURL
1010.1154,1.0,mailto:wynnho@slac.stanford.edu,Title & Authors,"""URLs with schemes such as http, https, ftp, sftp, git, magnet""",embedded in footnotes,Hidden in annotation layers,GenURL
1010.1422,1.0,mailto:bmm32@cam.ac.uk,Title & Authors,"""URLs with schemes such as http, https, ftp, sftp, git, magnet""",embedded in footnotes,Hidden in annotation layers,GenURL
1010.1422,7.0,www.ub.tuwien.ac.at/diss/AC05035480.pdf,References,"URLs with subdomain, ""URLs with paths, query Strings, and fragments"", URLs without scheme",embedded in references,,GenURL
1010.2693,1.0,http://arxiv.org/abs/1010.2693v1,Title & Authors,"""URLs with schemes such as http, https, ftp, sftp, git, magnet"", ""URLs with paths, query Strings, and fragments""",,"Hidden in annotation layers, Hidden in metadata",GenURL
1010.2693,6.0,http://www.slac.stanford.edu/xorg/hfag,References,"""URLs with schemes such as http, https, ftp, sftp, git, magnet"", ""URLs with paths, query Strings, and fragments"", URLs with subdomain",embedded in references,,GenURL
1010.2911,1.0,http://arxiv.org/abs/1010.2911v2,Title & Authors,"""URLs with schemes such as http, https, ftp, sftp, git, magnet"", ""URLs with paths, query Strings, and fragments""",,"Hidden in annotation layers, Hidden in metadata",GenURL
1010.2911,8.0,http://dx.doi.org/10.1007/BF01023476,References,"""URLs with schemes such as http, https, ftp, sftp, git, magnet"", ""URLs with paths, query Strings, and fragments"", URLs with subdomain",embedded in references,,GenURL
1010.2911,8.0,http://www.papercore.org/Ahrens2010,References,"""URLs with schemes such as http, https, ftp, sftp, git, magnet"", ""URLs with paths, query Strings, and fragments""",embedded in references,,TPD
1010.2911,8.0,http://www.thp.uni-duisburg.de/fsscale/,References,"""URLs with schemes such as http, https, ftp, sftp, git, magnet"", ""URLs with paths, query Strings, and fragments"", URLs with subdomain, URLs with trailing slashes",embedded in references,,TPS
1010.2911,8.0,mailto:a.hartmann@uni-oldenburg.de,References,"""URLs with schemes such as http, https, ftp, sftp, git, magnet""",embedded in references,Hidden in annotation layers,GenURL
1010.2911,8.0,mailto:bjoern.ahrens@uni-oldenburg.de,References,"""URLs with schemes such as http, https, ftp, sftp, git, magnet""",embedded in references,Hidden in annotation layers,GenURL
1010.4069,1.0,http://arxiv.org/abs/1010.4069v1,Title & Authors,"""URLs with schemes such as http, https, ftp, sftp, git, magnet"", ""URLs with paths, query Strings, and fragments""",,"Hidden in annotation layers, Hidden in metadata",GenURL
1010.4069,16.0,http://www.detectors.saint-gobain.com/,References,"""URLs with schemes such as http, https, ftp, sftp, git, magnet"", URLs with subdomain, URLs with trailing slashes",embedded in references,,TPD
1010.4069,18.0,http://www.ortec-online.com/,References,"""URLs with schemes such as http, https, ftp, sftp, git, magnet"", URLs with trailing slashes",embedded in references,,GenURL
1010.4423,3.0,http://nbp-www.upb.de,Related Works & Background,"""URLs with schemes such as http, https, ftp, sftp, git, magnet""",embedded in footnotes,,GenURL
1010.4423,17.0,http://www.cs.uni-paderborn.de/fileadmin/Informatik/AG-Wehrheim/Personen/Dominik_Steenken/ShapeAnalysis2010TR.pdf,References,"""URLs with schemes such as http, https, ftp, sftp, git, magnet"", URLs with subdomain, ""URLs with paths, query Strings, and fragments""",embedded in references,,GenURL
1010.4795,5.0,http://pubs.acs.org/doi/pdf/10.1021/cm062384j,References,"""URLs with schemes such as http, https, ftp, sftp, git, magnet"", ""URLs with paths, query Strings, and fragments""",embedded in references,,GenURL
1010.4795,5.0,http://pubs.acs.org/doi/pdf/10.1021/ja044980p,References,"""URLs with schemes such as http, https, ftp, sftp, git, magnet"", ""URLs with paths, query Strings, and fragments""",embedded in references,,GenURL
1010.4795,5.0,http://pubs.acs.org/doi/pdf/10.1021/ja1035122,References,"""URLs with schemes such as http, https, ftp, sftp, git, magnet"", ""URLs with paths, query Strings, and fragments""",embedded in references,,GenURL
1010.4795,5.0,mailto:avdw@caltech.edu,References,"""URLs with schemes such as http, https, ftp, sftp, git, magnet""",embedded in references,Hidden in annotation layers,GenURL
1010.4795,5.0,mailto:jsnyder@caltech.edu,References,"""URLs with schemes such as http, https, ftp, sftp, git, magnet""",embedded in references,Hidden in annotation layers,GenURL
1112.0193,1.0,http://arxiv.org/abs/1112.0193v1,References,"""URLs with schemes such as http, https, ftp, sftp, git, magnet"", ""URLs with paths, query Strings, and fragments""",embedded in references,"Hidden in annotation layers, Hidden in metadata",GenURL
1112.0193,82.0,http://arxiv.org/abs/astro-ph/0402514,References,"""URLs with schemes such as http, https, ftp, sftp, git, magnet"", ""URLs with paths, query Strings, and fragments""",embedded in references,Hidden in annotation layers,GenURL
1112.0193,82.0,http://arxiv.org/abs/astro-ph/9912301,References,"""URLs with schemes such as http, https, ftp, sftp, git, magnet"", ""URLs with paths, query Strings, and fragments""",embedded in references,Hidden in annotation layers,GenURL
1112.0193,82.0,http://arxiv.org/abs/astro-ph/9912358,References,"""URLs with schemes such as http, https, ftp, sftp, git, magnet"", ""URLs with paths, query Strings, and fragments""",embedded in references,Hidden in annotation layers,GenURL
1112.0193,82.0,http://arxiv.org/abs/cond-mat/0606766,References,"""URLs with schemes such as http, https, ftp, sftp, git, magnet"", ""URLs with paths, query Strings, and fragments""",embedded in references,Hidden in annotation layers,GenURL
1112.0193,83.0,http://arxiv.org/abs/cond-mat/0612363,References,"""URLs with schemes such as http, https, ftp, sftp, git, magnet"", ""URLs with paths, query Strings, and fragments""",embedded in references,Hidden in annotation layers,GenURL
1112.0193,83.0,http://arxiv.org/abs/cond-mat/0612363,References,"""URLs with schemes such as http, https, ftp, sftp, git, magnet"", ""URLs with paths, query Strings, and fragments""",embedded in references,Hidden in annotation layers,GenURL
1112.0193,81.0,http://arxiv.org/abs/hep-lat/0311023,References,"""URLs with schemes such as http, https, ftp, sftp, git, magnet"", ""URLs with paths, query Strings, and fragments""",embedded in references,Hidden in annotation layers,GenURL
1112.0193,82.0,http://arxiv.org/abs/hep-lat/0603001,References,"""URLs with schemes such as http, https, ftp, sftp, git, magnet"", ""URLs with paths, query Strings, and fragments""",embedded in references,Hidden in annotation layers,GenURL
1112.0193,82.0,http://arxiv.org/abs/hep-lat/0610105,References,"""URLs with schemes such as http, https, ftp, sftp, git, magnet"", ""URLs with paths, query Strings, and fragments""",embedded in references,Hidden in annotation layers,GenURL
1112.0193,81.0,http://arxiv.org/abs/hep-ph/0101264,References,"""URLs with schemes such as http, https, ftp, sftp, git, magnet"", ""URLs with paths, query Strings, and fragments""",embedded in references,Hidden in annotation layers,GenURL
1112.0193,82.0,http://arxiv.org/abs/hep-ph/0103263,References,"""URLs with schemes such as http, https, ftp, sftp, git, magnet"", ""URLs with paths, query Strings, and fragments""",embedded in references,Hidden in annotation layers,GenURL
1112.0193,81.0,http://arxiv.org/abs/hep-ph/0210398,References,"""URLs with schemes such as http, https, ftp, sftp, git, magnet"", ""URLs with paths, query Strings, and fragments""",embedded in references,Hidden in annotation layers,GenURL
1112.0193,81.0,http://arxiv.org/abs/hep-ph/0507056,References,"""URLs with schemes such as http, https, ftp, sftp, git, magnet"", ""URLs with paths, query Strings, and fragments""",embedded in references,Hidden in annotation layers,GenURL
1112.0193,81.0,http://arxiv.org/abs/hep-ph/0703274,References,"""URLs with schemes such as http, https, ftp, sftp, git, magnet"", ""URLs with paths, query Strings, and fragments""",embedded in references,Hidden in annotation layers,GenURL
1112.0193,81.0,http://arxiv.org/abs/hep-ph/0703297,References,"""URLs with schemes such as http, https, ftp, sftp, git, magnet"", ""URLs with paths, query Strings, and fragments""",embedded in references,Hidden in annotation layers,GenURL
1112.0193,81.0,http://arxiv.org/abs/hep-ph/9311274,References,"""URLs with schemes such as http, https, ftp, sftp, git, magnet"", ""URLs with paths, query Strings, and fragments""",embedded in references,Hidden in annotation layers,GenURL
1112.0193,81.0,http://arxiv.org/abs/hep-ph/9406283,References,"""URLs with schemes such as http, https, ftp, sftp, git, magnet"", ""URLs with paths, query Strings, and fragments""",embedded in references,Hidden in annotation layers,GenURL
1112.0193,81.0,http://arxiv.org/abs/hep-ph/9409402,References,"""URLs with schemes such as http, https, ftp, sftp, git, magnet"", ""URLs with paths, query Strings, and fragments""",embedded in references,Hidden in annotation layers,GenURL
1112.0193,81.0,http://arxiv.org/abs/hep-ph/9501357,References,"""URLs with schemes such as http, https, ftp, sftp, git, magnet"", ""URLs with paths, query Strings, and fragments""",embedded in references,Hidden in annotation layers,GenURL
1112.0193,81.0,http://arxiv.org/abs/hep-ph/9501384,References,"""URLs with schemes such as http, https, ftp, sftp, git, magnet"", ""URLs with paths, query Strings, and fragments""",embedded in references,Hidden in annotation layers,GenURL
1112.0193,81.0,http://arxiv.org/abs/hep-ph/9805500,References,"""URLs with schemes such as http, https, ftp, sftp, git, magnet"", ""URLs with paths, query Strings, and fragments""",embedded in references,Hidden in annotation layers,GenURL
1112.0193,81.0,http://arxiv.org/abs/hep-ph/9902437,References,"""URLs with schemes such as http, https, ftp, sftp, git, magnet"", ""URLs with paths, query Strings, and fragments""",embedded in references,Hidden in annotation layers,GenURL
1112.0193,81.0,http://www.kph.uni-mainz.de/T/80.php,References,"""URLs with schemes such as http, https, ftp, sftp, git, magnet"", ""URLs with paths, query Strings, and fragments""",embedded in references,,GenURL
1112.4070,1.0,http://arxiv.org/abs/1112.4070v2,Title & Authors,"""URLs with schemes such as http, https, ftp, sftp, git, magnet"", ""URLs with paths, query Strings, and fragments""",,"Hidden in annotation layers, Hidden in metadata",GenURL
1112.4070,1.0,mailto:klassm@mcmaster.ca,Title & Authors,"""URLs with schemes such as http, https, ftp, sftp, git, magnet""",embedded in footnotes,Hidden in annotation layers,GenURL
1112.4070,12.0,www.sharcnet.ca,Conclusions,URLs without scheme,,,GenURL
1112.4578,50.0,ftp://ftp.kernel.org/pub/linux/kernel,Methodology,"""URLs with schemes such as http, https, ftp, sftp, git, magnet"", ""URLs with paths, query Strings, and fragments"", URLs with subdomain",embedded in footnotes,,TPS
1112.4578,49.0,ftp://ftp.ncbi.nih.gov/genomes/INFLUENZA/influenza.fna.gz,Methodology,"""URLs with schemes such as http, https, ftp, sftp, git, magnet"", URLs with subdomain, ""URLs with paths, query Strings, and fragments""",embedded in footnotes,,TPD
1112.4578,50.0,ftp://mirrors.kernel.org/gnu/coreutils,Methodology,"""URLs with schemes such as http, https, ftp, sftp, git, magnet"", URLs with subdomain, ""URLs with paths, query Strings, and fragments""",embedded in footnotes,,TPS
1112.4578,23.0,http://code.google.com/p/libcds,Related Works & Background,"""URLs with schemes such as http, https, ftp, sftp, git, magnet"", URLs with subdomain, ""URLs with paths, query Strings, and fragments""",,,TPS
1112.4578,31.0,http://code.google.com/p/libcds,Related Works & Background,"""URLs with schemes such as http, https, ftp, sftp, git, magnet"", URLs with subdomain, ""URLs with paths, query Strings, and fragments""",,,TPS
1112.4578,33.0,http://code.google.com/p/libcds,Related Works & Background,"""URLs with schemes such as http, https, ftp, sftp, git, magnet"", URLs with subdomain, ""URLs with paths, query Strings, and fragments""",,,TPS
1112.4578,74.0,http://code.google.com/p/libdivsufsort,Results and Discussion,"""URLs with schemes such as http, https, ftp, sftp, git, magnet"", URLs with subdomain, ""URLs with paths, query Strings, and fragments""",,,TPS
1112.4578,72.0,http://corpus.canterbury.ac.nz,Results and Discussion,"""URLs with schemes such as http, https, ftp, sftp, git, magnet"", URLs with subdomain",split across lines,,TPD
1112.4578,48.0,http://dblp.uni-trier.de,Methodology,"""URLs with schemes such as http, https, ftp, sftp, git, magnet"", URLs with subdomain",split across lines,,TPD
1112.4578,48.0,http://pizzachili.dcc.uchile.cl,Methodology,"""URLs with schemes such as http, https, ftp, sftp, git, magnet"", URLs with subdomain",embedded in footnotes,,APD
1112.4578,72.0,http://pizzachili.dcc.uchile.cl,Results and Discussion,"""URLs with schemes such as http, https, ftp, sftp, git, magnet"", URLs with subdomain",split across lines,,APD
1112.4578,28.0,http://pizzachili.dcc.uchile.cl/indexes/LZ77-index,Related Works & Background,"""URLs with schemes such as http, https, ftp, sftp, git, magnet"", URLs with subdomain, ""URLs with paths, query Strings, and fragments""",embedded in footnotes,,APS
1112.4578,117.0,http://pizzachili.dcc.uchile.cl/indexes/LZ77-index,Conclusions,"""URLs with schemes such as http, https, ftp, sftp, git, magnet"", URLs with subdomain, ""URLs with paths, query Strings, and fragments""",split across lines,,APS
1112.4578,14.0,http://pizzachili.dcc.uchile.cl/repcorpus.html,Introduction,"""URLs with schemes such as http, https, ftp, sftp, git, magnet"", URLs with subdomain, ""URLs with paths, query Strings, and fragments""",split across lines,,APD
1112.4578,46.0,http://pizzachili.dcc.uchile.cl/repcorpus.html,Methodology,"""URLs with schemes such as http, https, ftp, sftp, git, magnet"", URLs with subdomain, ""URLs with paths, query Strings, and fragments""",,,APD
1112.4578,117.0,http://pizzachili.dcc.uchile.cl/repcorpus.html,Conclusions,"""URLs with schemes such as http, https, ftp, sftp, git, magnet"", URLs with subdomain, ""URLs with paths, query Strings, and fragments""",split across lines,,APD
1112.4578,51.0,http://pizzachili.dcc.uchile.cl/utils/ppmdi.tar.gz,Methodology,"""URLs with schemes such as http, https, ftp, sftp, git, magnet"", URLs with subdomain, ""URLs with paths, query Strings, and fragments""",embedded in footnotes,,APS
1112.4578,51.0,http://www.7-zip.org,Methodology,"""URLs with schemes such as http, https, ftp, sftp, git, magnet""",embedded in footnotes,,TPS
1112.4578,51.0,http://www.bzip.org,Methodology,"""URLs with schemes such as http, https, ftp, sftp, git, magnet""",embedded in footnotes,,TPS
1112.4578,51.0,http://www.cbrc.jp/~rwan/en/restore.html,Methodology,"""URLs with schemes such as http, https, ftp, sftp, git, magnet"", URLs with subdomain, ""URLs with paths, query Strings, and fragments""",embedded in footnotes,,TPS
1112.4578,51.0,http://www.gzip.org,Methodology,"""URLs with schemes such as http, https, ftp, sftp, git, magnet""",embedded in footnotes,,TPS
1112.4578,49.0,http://www.ncbi.nlm.nih.gov,Methodology,"""URLs with schemes such as http, https, ftp, sftp, git, magnet"", URLs with subdomain",embedded in footnotes,,TPD
1112.4578,49.0,http://www.sanger.ac.uk/Teams/Team71/durbin/sgrp,Methodology,"""URLs with schemes such as http, https, ftp, sftp, git, magnet"", ""URLs with paths, query Strings, and fragments"", URLs with subdomain",embedded in footnotes,,Project
1112.4578,50.0,https://www.cia.gov/library/publications/world-leaders-1,Methodology,"""URLs with schemes such as http, https, ftp, sftp, git, magnet""",embedded in footnotes,,TPD
1112.4578,31.0,mailto:darroyue@dcc.uchile.cl,Related Works & Background,"""URLs with schemes such as http, https, ftp, sftp, git, magnet""",embedded in footnotes,Hidden in annotation layers,GenURL
1112.4578,21.0,mailto:sladra@udc.es,Related Works & Background,"""URLs with schemes such as http, https, ftp, sftp, git, magnet""",embedded in footnotes,Hidden in annotation layers,GenURL
1112.5418,1.0,http://arxiv.org/abs/1112.5418v3,Title & Authors,"""URLs with schemes such as http, https, ftp, sftp, git, magnet"", ""URLs with paths, query Strings, and fragments""",,"Hidden in annotation layers, Hidden in metadata",GenURL
1112.5418,7.0,http://sloppycell.sourceforge.net,References,"""URLs with schemes such as http, https, ftp, sftp, git, magnet"", URLs with subdomain",embedded in references,,TPS
1112.5418,5.0,mailto:sethna@lassp.cornell.edu,Conclusions,"""URLs with schemes such as http, https, ftp, sftp, git, magnet""",,Hidden in annotation layers,GenURL
1112.5650,10.0,http://albione.oa-teramo.inaf.it/,References,"""URLs with schemes such as http, https, ftp, sftp, git, magnet"", URLs with subdomain, URLs with trailing slashes",embedded in references,,TPD
1112.5650,1.0,http://arxiv.org/abs/1112.5650v1,Title & Authors,"""URLs with schemes such as http, https, ftp, sftp, git, magnet"", ""URLs with paths, query Strings, and fragments""",,"Hidden in annotation layers, Hidden in metadata",GenURL
1112.5650,10.0,http://stellar.dartmouth.edu/~models/isolf.html,References,"""URLs with schemes such as http, https, ftp, sftp, git, magnet"", URLs with subdomain, ""URLs with paths, query Strings, and fragments""",embedded in references,,TPD
1112.5650,10.0,http://stev.oapd.inaf.it/cmd,References,"""URLs with schemes such as http, https, ftp, sftp, git, magnet"", URLs with subdomain, ""URLs with paths, query Strings, and fragments""",embedded in references,,TPS
1112.5650,10.0,http://webast.ast.obs-mip.fr/equipe/stellar,References,"""URLs with schemes such as http, https, ftp, sftp, git, magnet"", URLs with subdomain, ""URLs with paths, query Strings, and fragments""",embedded in references,,TPD
1112.5650,10.0,http://www.ari.uni-heidelberg.de/datenbanken/aricns/,References,"""URLs with schemes such as http, https, ftp, sftp, git, magnet"", URLs with subdomain, ""URLs with paths, query Strings, and fragments"", URLs with trailing slashes",embedded in references,,TPD
1112.5650,10.0,http://www.astro.ulb.ac.be/~siess/WWWTools/Isochrone,References,"""URLs with schemes such as http, https, ftp, sftp, git, magnet"", URLs with subdomain, ""URLs with paths, query Strings, and fragments""",embedded in references,,TPS
1112.5650,10.0,http://www.astro.yale.edu/demarque/yyiso.html,References,"""URLs with schemes such as http, https, ftp, sftp, git, magnet"", URLs with subdomain, ""URLs with paths, query Strings, and fragments""",embedded in references,,TPD
1208.0195,1.0,http://arxiv.org/abs/1208.0195v1,Title & Authors,"""URLs with schemes such as http, https, ftp, sftp, git, magnet"", ""URLs with paths, query Strings, and fragments""",,"Hidden in annotation layers, Hidden in metadata",GenURL
1208.0195,12.0,http://arxiv.org/abs/astro-ph/0405087,References,"""URLs with schemes such as http, https, ftp, sftp, git, magnet"", ""URLs with paths, query Strings, and fragments""",embedded in references,Hidden in annotation layers,GenURL
1208.0195,4.0,http://wwwuser.oat.ts.astro.it/castelli/linelists.html,Results and Discussion,"""URLs with schemes such as http, https, ftp, sftp, git, magnet"", URLs with subdomain, ""URLs with paths, query Strings, and fragments""",embedded in footnotes,,TPD
1208.0647,1.0,http://arxiv.org/abs/1208.0647v2,Title & Authors,"""URLs with schemes such as http, https, ftp, sftp, git, magnet"", ""URLs with paths, query Strings, and fragments""",,"Hidden in annotation layers, Hidden in metadata",GenURL
1208.0647,4.0,http://dynalab.poi.dvo.ru/data/GRL12/2002,Results and Discussion,"""URLs with schemes such as http, https, ftp, sftp, git, magnet"", ""URLs with paths, query Strings, and fragments"", URLs with subdomain",,,APD
1208.0647,8.0,http://dynalab.poi.dvo.ru/data/GRL12/2002,Results and Discussion,"""URLs with schemes such as http, https, ftp, sftp, git, magnet"", ""URLs with paths, query Strings, and fragments"", URLs with subdomain",,,APD
1208.0647,7.0,http://dynalab.poi.dvo.ru/data/GRL12/2004,Results and Discussion,"""URLs with schemes such as http, https, ftp, sftp, git, magnet"", ""URLs with paths, query Strings, and fragments"", URLs with subdomain",,,APD
1208.0647,11.0,http://gmplib.org,Related Works & Background,"""URLs with schemes such as http, https, ftp, sftp, git, magnet""",,,TPS
1208.0647,4.0,http://oceancolor.gsfc.nasa.gov,Methodology,"""URLs with schemes such as http, https, ftp, sftp, git, magnet"", URLs with subdomain",,,TPD
1208.0647,4.0,http://www.aviso.oceanobs.com,Methodology,"""URLs with schemes such as http, https, ftp, sftp, git, magnet"", URLs with subdomain",,,TPD
1208.0647,12.0,mailto:prants@poi.dvo.ru,References,"""URLs with schemes such as http, https, ftp, sftp, git, magnet""",embedded in references,Hidden in annotation layers,GenURL
1208.1491,9.0,http://arxiv.org/abs/1110.3193,References,"""URLs with schemes such as http, https, ftp, sftp, git, magnet"", ""URLs with paths, query Strings, and fragments""",embedded in references,Hidden in annotation layers,GenURL
1208.1491,9.0,http://arxiv.org/abs/1202.6057,References,"""URLs with schemes such as http, https, ftp, sftp, git, magnet"", ""URLs with paths, query Strings, and fragments""",embedded in references,Hidden in annotation layers,GenURL
1208.1491,10.0,http://arxiv.org/abs/1203.6499,References,"""URLs with schemes such as http, https, ftp, sftp, git, magnet"", ""URLs with paths, query Strings, and fragments""",embedded in references,Hidden in annotation layers,GenURL
1208.1491,10.0,http://arxiv.org/abs/1203.6565,References,"""URLs with schemes such as http, https, ftp, sftp, git, magnet"", ""URLs with paths, query Strings, and fragments""",embedded in references,Hidden in annotation layers,GenURL
1208.1491,9.0,http://arxiv.org/abs/1203.6594,References,"""URLs with schemes such as http, https, ftp, sftp, git, magnet"", ""URLs with paths, query Strings, and fragments""",embedded in references,Hidden in annotation layers,GenURL
1208.1491,9.0,http://arxiv.org/abs/1203.6609,References,"""URLs with schemes such as http, https, ftp, sftp, git, magnet"", ""URLs with paths, query Strings, and fragments""",embedded in references,Hidden in annotation layers,GenURL
1208.1491,10.0,http://arxiv.org/abs/1203.6616,References,"""URLs with schemes such as http, https, ftp, sftp, git, magnet"", ""URLs with paths, query Strings, and fragments""",embedded in references,Hidden in annotation layers,GenURL
1208.1491,10.0,http://arxiv.org/abs/1203.6641,References,"""URLs with schemes such as http, https, ftp, sftp, git, magnet"", ""URLs with paths, query Strings, and fragments""",embedded in references,Hidden in annotation layers,GenURL
1208.1491,9.0,http://arxiv.org/abs/1204.3609,References,"""URLs with schemes such as http, https, ftp, sftp, git, magnet"", ""URLs with paths, query Strings, and fragments""",embedded in references,Hidden in annotation layers,GenURL
1208.1491,9.0,http://arxiv.org/abs/1206.0732,References,"""URLs with schemes such as http, https, ftp, sftp, git, magnet"", ""URLs with paths, query Strings, and fragments""",embedded in references,Hidden in annotation layers,GenURL
1208.1491,9.0,http://arxiv.org/abs/1207.7137,References,"""URLs with schemes such as http, https, ftp, sftp, git, magnet"", ""URLs with paths, query Strings, and fragments""",embedded in references,Hidden in annotation layers,TPD
1208.1491,9.0,http://arxiv.org/abs/1207.7326,References,"""URLs with schemes such as http, https, ftp, sftp, git, magnet"", ""URLs with paths, query Strings, and fragments""",embedded in references,Hidden in annotation layers,GenURL
1208.1491,9.0,http://arxiv.org/abs/1208.0022,References,"""URLs with schemes such as http, https, ftp, sftp, git, magnet"", ""URLs with paths, query Strings, and fragments""",embedded in references,Hidden in annotation layers,GenURL
1208.1491,10.0,http://arxiv.org/abs/astro-ph/0604069,References,"""URLs with schemes such as http, https, ftp, sftp, git, magnet"", ""URLs with paths, query Strings, and fragments""",embedded in references,Hidden in annotation layers,GenURL
1208.1491,9.0,http://www.sdss3.org/,Conclusions,"""URLs with schemes such as http, https, ftp, sftp, git, magnet"", URLs with trailing slashes",,,APD
1208.1491,1.0,mailto:Ashley.Ross@port.ac.uk,Title & Authors,"""URLs with schemes such as http, https, ftp, sftp, git, magnet""",embedded in footnotes,Hidden in annotation layers,GenURL
1208.3850,12.0,http://dx.doi.org/10.1007/978-1-4419-7210-1_1,References,"""URLs with schemes such as http, https, ftp, sftp, git, magnet"", ""URLs with paths, query Strings, and fragments"", URLs with subdomain",embedded in references,Hidden in annotation layers,GenURL
1208.3850,11.0,http://dx.doi.org/10.1039/C0MB00107D,References,"""URLs with schemes such as http, https, ftp, sftp, git, magnet"", ""URLs with paths, query Strings, and fragments"", URLs with subdomain",embedded in references,Hidden in annotation layers,GenURL
1208.3850,12.0,http://dx.doi.org/10.1093/bioinformatics/btl485,References,"""URLs with schemes such as http, https, ftp, sftp, git, magnet"", ""URLs with paths, query Strings, and fragments"", URLs with subdomain",embedded in references,Hidden in annotation layers,TPS
1208.3850,12.0,http://dx.doi.org/10.1093/bioinformatics/btm607,References,"""URLs with schemes such as http, https, ftp, sftp, git, magnet"", ""URLs with paths, query Strings, and fragments"", URLs with subdomain",embedded in references,Hidden in annotation layers,GenURL
1208.3850,11.0,http://dx.doi.org/10.1093/bioinformatics/btq694,References,"""URLs with schemes such as http, https, ftp, sftp, git, magnet"", ""URLs with paths, query Strings, and fragments"", URLs with subdomain",embedded in references,Hidden in annotation layers,TPS
1208.3850,11.0,http://dx.doi.org/10.1109/QEST.2011.10,References,"""URLs with schemes such as http, https, ftp, sftp, git, magnet"", ""URLs with paths, query Strings, and fragments"", URLs with subdomain",embedded in references,Hidden in annotation layers,GenURL
1208.3850,12.0,http://dx.doi.org/10.1126/science.220.4598.671,References,"""URLs with schemes such as http, https, ftp, sftp, git, magnet"", ""URLs with paths, query Strings, and fragments"", URLs with subdomain",embedded in references,Hidden in annotation layers,GenURL
1208.3850,12.0,http://dx.doi.org/10.1186/1752-0509-6-39,References,"""URLs with schemes such as http, https, ftp, sftp, git, magnet"", ""URLs with paths, query Strings, and fragments"", URLs with subdomain",embedded in references,Hidden in annotation layers,GenURL
1208.3850,11.0,http://dx.doi.org/10.1371/journal.pcbi.0030189,References,"""URLs with schemes such as http, https, ftp, sftp, git, magnet"", ""URLs with paths, query Strings, and fragments"", URLs with subdomain",embedded in references,Hidden in annotation layers,GenURL
1208.3850,1.0,http://dx.doi.org/10.4204/EPTCS.92.3,Title & Authors,"""URLs with schemes such as http, https, ftp, sftp, git, magnet"", ""URLs with paths, query Strings, and fragments"", URLs with subdomain",embedded in footnotes,,GenURL
1208.3850,11.0,http://www.the-dream-project.org/challenges/dream6-estimation-model-parameters-challenge,References,"""URLs with schemes such as http, https, ftp, sftp, git, magnet"", ""URLs with paths, query Strings, and fragments""","embedded in references, split across lines",,APD
1208.3850,1.0,mailto:A.D.Clark@ed.ac.uk,Title & Authors,"""URLs with schemes such as http, https, ftp, sftp, git, magnet""",,Hidden in annotation layers,GenURL
1208.3850,1.0,mailto:A.Ocone@ed.ac.uk,Title & Authors,"""URLs with schemes such as http, https, ftp, sftp, git, magnet""",,Hidden in annotation layers,GenURL
1208.3850,1.0,mailto:Anastasis.Georgoulas@ed.ac.uk,Title & Authors,"""URLs with schemes such as http, https, ftp, sftp, git, magnet""",,Hidden in annotation layers,GenURL
1208.3850,1.0,mailto:G.Sanguinetti@ed.ac.uk,Title & Authors,"""URLs with schemes such as http, https, ftp, sftp, git, magnet""",,Hidden in annotation layers,GenURL
1208.3850,1.0,mailto:Stephen.Gilmore@ed.ac.uk,Title & Authors,"""URLs with schemes such as http, https, ftp, sftp, git, magnet""",,Hidden in annotation layers,GenURL
1301.1685,1.0,http://arxiv.org/abs/1301.1685v1,Title & Authors,"""URLs with schemes such as http, https, ftp, sftp, git, magnet"", ""URLs with paths, query Strings, and fragments""",,"Hidden in annotation layers, Hidden in metadata",GenURL
1301.1685,4.0,http://califa.caha.es/,Conclusions,"""URLs with schemes such as http, https, ftp, sftp, git, magnet"", URLs with subdomain, URLs with trailing slashes",,,APD
1301.2673,6.0,http://cdsweb.cern.ch/record/1278160?ln=en,References,"""URLs with schemes such as http, https, ftp, sftp, git, magnet"", URLs with subdomain, ""URLs with paths, query Strings, and fragments""",embedded in references,,GenURL
1301.2673,6.0,http://cdsweb.cern.ch/record/1279341?ln=en.,References,"""URLs with schemes such as http, https, ftp, sftp, git, magnet"", URLs with subdomain, ""URLs with paths, query Strings, and fragments""",embedded in references,,GenURL
1301.2673,1.0,mailto:bhawna.gomber@cern.ch,Title & Authors,"""URLs with schemes such as http, https, ftp, sftp, git, magnet""",,Hidden in annotation layers,GenURL
1301.3030,7.0,http://dx.doi.org/10.1023/B:INMA.0000027591.50936.18,References,"""URLs with schemes such as http, https, ftp, sftp, git, magnet"", ""URLs with paths, query Strings, and fragments""","embedded in references, split across lines",,GenURL
1301.3030,7.0,http://link.aps.org/doi/10.1103/PhysRevB.76.045302,References,"""URLs with schemes such as http, https, ftp, sftp, git, magnet"", ""URLs with paths, query Strings, and fragments"", URLs with subdomain",embedded in references,,GenURL
1301.3030,7.0,http://link.aps.org/doi/10.1103/PhysRevB.84.235206,References,"""URLs with schemes such as http, https, ftp, sftp, git, magnet"", ""URLs with paths, query Strings, and fragments"", URLs with subdomain",embedded in references,,GenURL
1301.3030,7.0,http://link.aps.org/doi/10.1103/PhysRevLett.103.246601,References,"""URLs with schemes such as http, https, ftp, sftp, git, magnet"", ""URLs with paths, query Strings, and fragments""","embedded in references, split across lines",,GenURL
1301.3030,7.0,http://www.sciencedirect.com/science/article/pii/0038109889902718,References,"""URLs with schemes such as http, https, ftp, sftp, git, magnet"", ""URLs with paths, query Strings, and fragments""","embedded in references, split across lines",,GenURL
1301.3030,7.0,http://www.sciencedirect.com/science/article/pii/S0022369799004230,References,"""URLs with schemes such as http, https, ftp, sftp, git, magnet"", ""URLs with paths, query Strings, and fragments""","embedded in references, split across lines",,GenURL
1301.3030,7.0,http://www.sciencedirect.com/science/article/pii/S0925838803008612,References,"""URLs with schemes such as http, https, ftp, sftp, git, magnet"", ""URLs with paths, query Strings, and fragments""",embedded in references,,GenURL
1301.3030,1.0,mailto:vonrohr@physik.uzh.ch,Title & Authors,"""URLs with schemes such as http, https, ftp, sftp, git, magnet""",,Hidden in annotation layers,GenURL
1301.3147,4.0,http://albione.oa-teramo.inaf.it/,Results and Discussion,"""URLs with schemes such as http, https, ftp, sftp, git, magnet"", URLs with trailing slashes, URLs with subdomain",embedded in footnotes,,TPD
1301.3147,1.0,mailto:bono@roma2.infn.it,Title & Authors,"""URLs with schemes such as http, https, ftp, sftp, git, magnet""",,Hidden in annotation layers,GenURL
1301.3699,36.0,http://mathoverflow.net/questions/21720/,References,"""URLs with schemes such as http, https, ftp, sftp, git, magnet"", ""URLs with paths, query Strings, and fragments"", URLs with trailing slashes",embedded in references,,GenURL
1301.3699,38.0,http://www.bilkent.edu.tr/~sertoz,References,"""URLs with schemes such as http, https, ftp, sftp, git, magnet"", ""URLs with paths, query Strings, and fragments""",embedded in references,,GenURL
1301.3699,15.0,http://www.matematikvakfi.org.tr/tr/arf-lectures,Related Works & Background,"""URLs with schemes such as http, https, ftp, sftp, git, magnet"", ""URLs with paths, query Strings, and fragments""",embedded in footnotes,,GenURL
1301.3699,37.0,http://www.rzuser.uni-heidelberg.de/~ci3/chair.pdf,References,"""URLs with schemes such as http, https, ftp, sftp, git, magnet"", ""URLs with paths, query Strings, and fragments"", URLs with subdomain",embedded in references,,GenURL
1301.3699,36.0,http://www.rzuser.uni-heidelberg.de/∼ci3/arf3-withpicture.pdf,References,"""URLs with schemes such as http, https, ftp, sftp, git, magnet"", ""URLs with paths, query Strings, and fragments"", URLs with subdomain",embedded in references,,GenURL
1301.3699,37.0,http://www.rzuser.uni-heidelberg.de/∼ci3/lfunktio.pdf,References,"""URLs with schemes such as http, https, ftp, sftp, git, magnet"", ""URLs with paths, query Strings, and fragments"", URLs with subdomain",embedded in references,,GenURL
1301.3699,36.0,http://www.sunsite.ubc.ca/DigitalMathArchive/Langlands/miscellaneous.html#arf,References,"""URLs with schemes such as http, https, ftp, sftp, git, magnet"", ""URLs with paths, query Strings, and fragments"", URLs with subdomain","embedded in references, split across lines",,GenURL
1301.3699,37.0,http://www3.iam.metu.edu.tr/matematikvakfi/cahitarf-onder.pdf,References,"""URLs with schemes such as http, https, ftp, sftp, git, magnet"", URLs with subdomain, ""URLs with paths, query Strings, and fragments""",,,GenURL
1301.3699,38.0,mailto:sertoz@bilkent.edu.tr,References,"""URLs with schemes such as http, https, ftp, sftp, git, magnet""",embedded in references,Hidden in annotation layers,GenURL
1301.5021,1.0,http://arxiv.org/abs/1301.5021v1,Title & Authors,"""URLs with schemes such as http, https, ftp, sftp, git, magnet"", ""URLs with paths, query Strings, and fragments""",,"Hidden in annotation layers, Hidden in metadata",GenURL
1301.5021,2.0,http://www.aavso.org,Methodology,"""URLs with schemes such as http, https, ftp, sftp, git, magnet""",embedded in footnotes,,TPD
1301.5021,1.0,mailto:eric.broens@skynet.be,Title & Authors,"""URLs with schemes such as http, https, ftp, sftp, git, magnet""",embedded in footnotes,Hidden in annotation layers,GenURL
1301.5074,18.0,http://dx.doi.org/10.1007/978-3-540-39724-3_29,References,"""URLs with schemes such as http, https, ftp, sftp, git, magnet"", ""URLs with paths, query Strings, and fragments"", URLs with subdomain",embedded in references,Hidden in annotation layers,GenURL
1301.5074,18.0,http://dx.doi.org/10.1007/978-3-540-69061-0,References,"""URLs with schemes such as http, https, ftp, sftp, git, magnet"", ""URLs with paths, query Strings, and fragments"", URLs with subdomain",embedded in references,Hidden in annotation layers,GenURL
1301.5074,18.0,http://dx.doi.org/10.1007/978-3-642-03359-9_6,References,"""URLs with schemes such as http, https, ftp, sftp, git, magnet"", ""URLs with paths, query Strings, and fragments"", URLs with subdomain",embedded in references,Hidden in annotation layers,TPS
1301.5074,18.0,http://dx.doi.org/10.1007/978-3-642-34407-7_9,References,"""URLs with schemes such as http, https, ftp, sftp, git, magnet"", ""URLs with paths, query Strings, and fragments"", URLs with subdomain",embedded in references,Hidden in annotation layers,GenURL
1301.5074,18.0,http://dx.doi.org/10.1007/BFb0030541,References,"""URLs with schemes such as http, https, ftp, sftp, git, magnet"", ""URLs with paths, query Strings, and fragments"", URLs with subdomain",embedded in references,Hidden in annotation layers,TPS
1301.5074,18.0,http://dx.doi.org/10.1016/j.entcs.2006.09.018,References,"""URLs with schemes such as http, https, ftp, sftp, git, magnet"", ""URLs with paths, query Strings, and fragments"", URLs with subdomain",embedded in references,Hidden in annotation layers,TPS
1301.5074,17.0,http://dx.doi.org/10.1017/S0956796801004208,References,"""URLs with schemes such as http, https, ftp, sftp, git, magnet"", ""URLs with paths, query Strings, and fragments"", URLs with subdomain",embedded in references,Hidden in annotation layers,TPS
1301.5074,17.0,http://dx.doi.org/10.1017/S095679680700634X,References,"""URLs with schemes such as http, https, ftp, sftp, git, magnet"", ""URLs with paths, query Strings, and fragments"", URLs with subdomain",embedded in references,Hidden in annotation layers,GenURL
1301.5074,18.0,http://dx.doi.org/10.1093/comjnl/bxh141,References,"""URLs with schemes such as http, https, ftp, sftp, git, magnet"", ""URLs with paths, query Strings, and fragments"", URLs with subdomain",embedded in references,Hidden in annotation layers,GenURL
1301.5074,18.0,http://dx.doi.org/10.1111/j.1467-8535.2011.01241.x,References,"""URLs with schemes such as http, https, ftp, sftp, git, magnet"", ""URLs with paths, query Strings, and fragments"", URLs with subdomain",embedded in references,Hidden in annotation layers,GenURL
1301.5074,17.0,http://dx.doi.org/10.1145/1217975.1217999,References,"""URLs with schemes such as http, https, ftp, sftp, git, magnet"", ""URLs with paths, query Strings, and fragments"", URLs with subdomain",embedded in references,Hidden in annotation layers,TPS
1301.5074,17.0,http://dx.doi.org/10.1145/1327452.1327492,References,"""URLs with schemes such as http, https, ftp, sftp, git, magnet"", ""URLs with paths, query Strings, and fragments"", URLs with subdomain",embedded in references,Hidden in annotation layers,GenURL
1301.5074,17.0,http://dx.doi.org/10.1145/1411260.1411264,References,"""URLs with schemes such as http, https, ftp, sftp, git, magnet"", ""URLs with paths, query Strings, and fragments"", URLs with subdomain",embedded in references,Hidden in annotation layers,GenURL
1301.5074,17.0,http://dx.doi.org/10.1145/1773912.1773922,References,"""URLs with schemes such as http, https, ftp, sftp, git, magnet"", ""URLs with paths, query Strings, and fragments"", URLs with subdomain",embedded in references,Hidden in annotation layers,TPS
1301.5074,18.0,http://dx.doi.org/10.1145/351240.351266,References,"""URLs with schemes such as http, https, ftp, sftp, git, magnet"", ""URLs with paths, query Strings, and fragments"", URLs with subdomain",embedded in references,Hidden in annotation layers,TPS
1301.5074,17.0,http://dx.doi.org/10.1145/367177.367199,References,"""URLs with schemes such as http, https, ftp, sftp, git, magnet"", ""URLs with paths, query Strings, and fragments"", URLs with subdomain",embedded in references,Hidden in annotation layers,GenURL
1301.5074,17.0,http://dx.doi.org/10.1145/609769.609771,References,"""URLs with schemes such as http, https, ftp, sftp, git, magnet"", ""URLs with paths, query Strings, and fragments"", URLs with subdomain",embedded in references,Hidden in annotation layers,GenURL
1301.5074,17.0,http://dx.doi.org/10.1145/944746.944713,References,"""URLs with schemes such as http, https, ftp, sftp, git, magnet"", ""URLs with paths, query Strings, and fragments"", URLs with subdomain",embedded in references,Hidden in annotation layers,GenURL
1301.5074,1.0,http://dx.doi.org/10.4204/EPTCS.106.1,Title & Authors,"""URLs with schemes such as http, https, ftp, sftp, git, magnet"", URLs with subdomain, ""URLs with paths, query Strings, and fragments""",embedded in footnotes,Hidden in annotation layers,GenURL
1301.5074,18.0,http://hadoop.apache.org,References,"""URLs with schemes such as http, https, ftp, sftp, git, magnet"", URLs with subdomain",embedded in references,,TPS
1301.5074,18.0,http://proofpad.org/,References,"""URLs with schemes such as http, https, ftp, sftp, git, magnet"", ""URLs with paths, query Strings, and fragments"", URLs with subdomain",embedded in references,,TPS
1301.5074,17.0,http://racket-lang.org/,References,"""URLs with schemes such as http, https, ftp, sftp, git, magnet"", URLs with trailing slashes",embedded in references,,TPS
1301.5074,18.0,http://www.collegeboard.com/prod_downloads/computerscience/ComputationalThinkingCS_Principles.pdf,References,"""URLs with schemes such as http, https, ftp, sftp, git, magnet"", ""URLs with paths, query Strings, and fragments""",embedded in references,,GenURL
1301.5074,18.0,http://www.cs.cmu.edu/~CompThink/resources/education.html,References,"""URLs with schemes such as http, https, ftp, sftp, git, magnet"", ""URLs with paths, query Strings, and fragments"", URLs with subdomain",embedded in references,,GenURL
1301.5074,18.0,http://www.cs.cmu.edu/~fp/courses/15122/,References,"""URLs with schemes such as http, https, ftp, sftp, git, magnet"", ""URLs with paths, query Strings, and fragments"", URLs with subdomain, URLs with trailing slashes",embedded in references,,GenURL
1301.5074,18.0,http://www.cs.cmu.edu/afs/cs/user/me/www/courses/212/,References,"""URLs with schemes such as http, https, ftp, sftp, git, magnet"", ""URLs with paths, query Strings, and fragments"", URLs with subdomain, URLs with trailing slashes",embedded in references,,GenURL
1301.5074,17.0,http://www.cs.ou.edu/~rlpage/hcw/StudEvalHCW.pdf,References,"""URLs with schemes such as http, https, ftp, sftp, git, magnet"", ""URLs with paths, query Strings, and fragments"", URLs with subdomain",embedded in references,,APD
1301.5074,18.0,http://www.cs.uiowa.edu/~tinelli/classes/181/Spring08/,References,"""URLs with schemes such as http, https, ftp, sftp, git, magnet"", ""URLs with paths, query Strings, and fragments"", URLs with subdomain, URLs with trailing slashes",embedded in references,,GenURL
1301.5074,18.0,http://www.csprinciples.org/home/pilot-sites,References,"""URLs with schemes such as http, https, ftp, sftp, git, magnet"", ""URLs with paths, query Strings, and fragments""",embedded in references,,GenURL
1301.5074,18.0,http://www.sciencedirect.com/science/journal/15710661,References,"""URLs with schemes such as http, https, ftp, sftp, git, magnet"", ""URLs with paths, query Strings, and fragments""",embedded in references,,GenURL
1301.5077,13.0,http://cdsmith.wordpress.com/category/haskell-for-kids/,References,"""URLs with schemes such as http, https, ftp, sftp, git, magnet"", URLs with subdomain, ""URLs with paths, query Strings, and fragments"", URLs with trailing slashes","embedded in references, split across lines",,TPS
1301.5077,13.0,http://dx.doi.org/10.1109/C5.2004.1314376,References,"""URLs with schemes such as http, https, ftp, sftp, git, magnet"", ""URLs with paths, query Strings, and fragments"", URLs with subdomain",embedded in references,Hidden in annotation layers,TPS
1301.5077,13.0,http://dx.doi.org/10.1145/1596638.1596650,References,"""URLs with schemes such as http, https, ftp, sftp, git, magnet"", ""URLs with paths, query Strings, and fragments"", URLs with subdomain",embedded in references,Hidden in annotation layers,GenURL
1301.5077,1.0,http://dx.doi.org/10.4204/EPTCS.106.4,Title & Authors,"""URLs with schemes such as http, https, ftp, sftp, git, magnet"", ""URLs with paths, query Strings, and fragments"", URLs with subdomain",embedded in footnotes,Hidden in annotation layers,GenURL
1301.5077,13.0,http://gloss.ouroborus.net/,References,"""URLs with schemes such as http, https, ftp, sftp, git, magnet"", URLs with subdomain, URLs with trailing slashes",embedded in references,,TPS
1301.5077,13.0,http://learnyouahaskell.com,References,"""URLs with schemes such as http, https, ftp, sftp, git, magnet""",embedded in references,,GenURL
1301.5077,13.0,http://snapframework.com,References,"""URLs with schemes such as http, https, ftp, sftp, git, magnet""",embedded in references,,TPS
1301.5077,13.0,http://www.bootstrapworld.org/,References,"""URLs with schemes such as http, https, ftp, sftp, git, magnet"", URLs with trailing slashes",embedded in references,,TPS
1301.5077,13.0,http://www.cs.uu.nl/wiki/UHC,References,"""URLs with schemes such as http, https, ftp, sftp, git, magnet"", URLs with subdomain, ""URLs with paths, query Strings, and fragments""",embedded in references,,TPS
1301.5077,13.0,http://www.khanacademy.org/#computer-science,References,"""URLs with schemes such as http, https, ftp, sftp, git, magnet"", ""URLs with paths, query Strings, and fragments""",embedded in references,,GenURL
1301.5201,8.0,www.cﬁnder.org,Methodology,URLs without scheme,embedded in footnotes,,TPS
1301.5201,4.0,www.imdb.com,Related Works & Background,URLs without scheme,embedded in footnotes,,GenURL
1301.5201,8.0,www.luminis-research.com,Methodology,URLs without scheme,embedded in footnotes,,GenURL
1301.5201,7.0,www.salon24.pl,Methodology,URLs without scheme,,,TPD
1301.5201,4.0,www.youtube.com,Related Works & Background,URLs without scheme,embedded in footnotes,,GenURL
1301.5932,1.0,http://arxiv.org/abs/1301.5932v2,Title & Authors,"""URLs with schemes such as http, https, ftp, sftp, git, magnet"", ""URLs with paths, query Strings, and fragments""",,"Hidden in annotation layers, Hidden in metadata",GenURL
1301.5932,11.0,http://feynrules.irmp.ucl.ac.be/wiki/ASperGe,References,"""URLs with schemes such as http, https, ftp, sftp, git, magnet"", URLs with subdomain, ""URLs with paths, query Strings, and fragments""",embedded in references,,APS
1301.7656,1.0,http://arxiv.org/abs/1301.7656v1,Title & Authors,"""URLs with schemes such as http, https, ftp, sftp, git, magnet"", ""URLs with paths, query Strings, and fragments""",,"Hidden in annotation layers, Hidden in metadata",GenURL
1301.7656,13.0,http://www.aip.org/history/ohilist/5000.html,References,"""URLs with schemes such as http, https, ftp, sftp, git, magnet"", ""URLs with paths, query Strings, and fragments""",embedded in references,,GenURL
1301.7656,13.0,http://www.aip.org/history/ohilist/5022.html,References,"""URLs with schemes such as http, https, ftp, sftp, git, magnet"", ""URLs with paths, query Strings, and fragments""",embedded in references,,GenURL
1407.1513,11.0,http://arxiv.org/abs/1405.2852,References,"""URLs with schemes such as http, https, ftp, sftp, git, magnet"", ""URLs with paths, query Strings, and fragments""",embedded in references,,GenURL
1407.1513,1.0,http://arxiv.org/abs/1407.1513v1,Title & Authors,"""URLs with schemes such as http, https, ftp, sftp, git, magnet"", ""URLs with paths, query Strings, and fragments""",,"Hidden in annotation layers, Hidden in metadata",GenURL
1407.1513,1.0,mailto:cdlh@univ-nantes.fr,Title & Authors,"""URLs with schemes such as http, https, ftp, sftp, git, magnet""",,Hidden in annotation layers,GenURL
1407.1513,1.0,mailto:james.scicluna@univ-nantes.fr,Title & Authors,"""URLs with schemes such as http, https, ftp, sftp, git, magnet""",,Hidden in annotation layers,GenURL
1407.1524,6.0,http://dreal.cs.cmu.edu/dreach.html,Related Works & Background,"""URLs with schemes such as http, https, ftp, sftp, git, magnet"", URLs with subdomain, ""URLs with paths, query Strings, and fragments""",,,APS
1407.1524,6.0,http://www.cs.cmu.edu/~liubing/cmsb14/,Results and Discussion,"""URLs with schemes such as http, https, ftp, sftp, git, magnet"", URLs with subdomain, ""URLs with paths, query Strings, and fragments"", URLs with trailing slashes",,,Project
1407.1645,16.0,http://apps.jcns.fz-juelich.de/libcerf,References,"""URLs with schemes such as http, https, ftp, sftp, git, magnet"", ""URLs with paths, query Strings, and fragments"", URLs with subdomain",embedded in references,,TPS
1407.1645,16.0,http://www.fftw.org,References,"""URLs with schemes such as http, https, ftp, sftp, git, magnet""",embedded in references,,GenURL
1407.1645,16.0,http://www.gnu.org/software/gsl/,References,"""URLs with schemes such as http, https, ftp, sftp, git, magnet"", ""URLs with paths, query Strings, and fragments"", URLs with trailing slashes",embedded in references,,TPS
1407.1645,1.0,mailto:ludwig@theo-physik.uni-kiel.de,Title & Authors,"""URLs with schemes such as http, https, ftp, sftp, git, magnet""",,Hidden in annotation layers,GenURL
1407.7367,1.0,http://arxiv.org/abs/1407.7367v4,Title & Authors,"""URLs with schemes such as http, https, ftp, sftp, git, magnet"", ""URLs with paths, query Strings, and fragments""",,"Hidden in annotation layers, Hidden in metadata",GenURL
1407.7367,4.0,http://arxiv.org/abs/gr-qc/0405041,References,"""URLs with schemes such as http, https, ftp, sftp, git, magnet"", ""URLs with paths, query Strings, and fragments""",embedded in references,Hidden in annotation layers,GenURL
1407.7367,4.0,http://arxiv.org/abs/gr-qc/9811036,References,"""URLs with schemes such as http, https, ftp, sftp, git, magnet"", ""URLs with paths, query Strings, and fragments""",embedded in references,Hidden in annotation layers,GenURL
1407.7367,4.0,http://www.livingreviews.org/lrr-2006-3,References,"""URLs with schemes such as http, https, ftp, sftp, git, magnet"", ""URLs with paths, query Strings, and fragments""",embedded in references,,GenURL
1407.7367,1.0,mailto:hghafarnejad@profs.semnan.ac.ir,Title & Authors,"""URLs with schemes such as http, https, ftp, sftp, git, magnet""",,Hidden in annotation layers,GenURL
1407.7367,1.0,mailto:hghafarnejad@yahoo.com,Title & Authors,"""URLs with schemes such as http, https, ftp, sftp, git, magnet""",,Hidden in annotation layers,GenURL
1407.8067,9.0,http://hapmap.ncbi.nlm.nih.gov/,Title & Authors,"""URLs with schemes such as http, https, ftp, sftp, git, magnet""",,Hidden in annotation layers,TPD
1407.8067,1.0,mailto:caroline.uhler@ist.ac.at,Title & Authors,"""URLs with schemes such as http, https, ftp, sftp, git, magnet""",,Hidden in annotation layers,GenURL
1407.8067,1.0,mailto:feiy@stat.cmu.edu,Title & Authors,"""URLs with schemes such as http, https, ftp, sftp, git, magnet""",,Hidden in annotation layers,GenURL
1407.8067,1.0,mailto:fienberg@stat.cmu.edu,Title & Authors,"""URLs with schemes such as http, https, ftp, sftp, git, magnet""",,Hidden in annotation layers,GenURL
1407.8067,1.0,mailto:michal.rybar@ist.ac.at,Title & Authors,"""URLs with schemes such as http, https, ftp, sftp, git, magnet""",,Hidden in annotation layers,GenURL
1510.00741,3.0,http://www.ifa.hawaii.edu/~reipurth/newsletter/newsletter245.pdf,Results and Discussion,"""URLs with schemes such as http, https, ftp, sftp, git, magnet"", ""URLs with paths, query Strings, and fragments"", URLs with subdomain",embedded in footnotes,,GenURL
1510.00741,1.0,mailto:jhk@cis.rit.edu,Title & Authors,"""URLs with schemes such as http, https, ftp, sftp, git, magnet""",,Hidden in annotation layers,GenURL
1510.02080,4.0,http://arxiv.org/abs/0905.0237,References,"""URLs with schemes such as http, https, ftp, sftp, git, magnet"", ""URLs with paths, query Strings, and fragments""",embedded in references,Hidden in annotation layers,GenURL
1510.02080,4.0,http://arxiv.org/abs/1101.2599,References,"""URLs with schemes such as http, https, ftp, sftp, git, magnet"", ""URLs with paths, query Strings, and fragments""",embedded in references,Hidden in annotation layers,GenURL
1510.02080,4.0,http://arxiv.org/abs/1203.3100,References,"""URLs with schemes such as http, https, ftp, sftp, git, magnet"", ""URLs with paths, query Strings, and fragments""",embedded in references,Hidden in annotation layers,GenURL
1510.02080,4.0,http://arxiv.org/abs/1210.7588,References,"""URLs with schemes such as http, https, ftp, sftp, git, magnet"", ""URLs with paths, query Strings, and fragments""",embedded in references,Hidden in annotation layers,GenURL
1510.02080,4.0,http://arxiv.org/abs/1310.1627,References,"""URLs with schemes such as http, https, ftp, sftp, git, magnet"", ""URLs with paths, query Strings, and fragments""",embedded in references,Hidden in annotation layers,GenURL
1510.02080,4.0,http://arxiv.org/abs/1412.6259,References,"""URLs with schemes such as http, https, ftp, sftp, git, magnet"", ""URLs with paths, query Strings, and fragments""",embedded in references,Hidden in annotation layers,GenURL
1510.02080,4.0,http://arxiv.org/abs/1501.01524,References,"""URLs with schemes such as http, https, ftp, sftp, git, magnet"", ""URLs with paths, query Strings, and fragments""",embedded in references,Hidden in annotation layers,GenURL
1510.02080,4.0,http://arxiv.org/abs/1505.01681,References,"""URLs with schemes such as http, https, ftp, sftp, git, magnet"", ""URLs with paths, query Strings, and fragments""",embedded in references,Hidden in annotation layers,GenURL
1510.02080,1.0,http://arxiv.org/abs/1510.02080v1,Title & Authors,"""URLs with schemes such as http, https, ftp, sftp, git, magnet"", ""URLs with paths, query Strings, and fragments""",,"Hidden in annotation layers, Hidden in metadata",GenURL
1510.02080,4.0,http://dx.doi.org/10.1016/j.physrep.2015.09.003,References,"""URLs with schemes such as http, https, ftp, sftp, git, magnet"", ""URLs with paths, query Strings, and fragments"", URLs with subdomain",embedded in references,,GenURL
1510.02080,1.0,mailto:Igor.Altsybeev@cern.ch,Title & Authors,"""URLs with schemes such as http, https, ftp, sftp, git, magnet""",,Hidden in annotation layers,GenURL
1510.02542,3.0,http://cdsarc.u-strasbg.fr/viz-bin/vizExec/.getpuz?7239&N%202363,Results and Discussion,"""URLs with schemes such as http, https, ftp, sftp, git, magnet"", URLs with subdomain, ""URLs with paths, query Strings, and fragments"", URLs with escape characters","embedded in footnotes, split across lines",,GenURL
1510.03815,1.0,http://arxiv.org/abs/1510.03815v6,Title & Authors,"""URLs with schemes such as http, https, ftp, sftp, git, magnet"", ""URLs with paths, query Strings, and fragments""",,"Hidden in annotation layers, Hidden in metadata",GenURL
1510.03815,149.0,http://hdl.handle.net/10044/1/14365,References,"""URLs with schemes such as http, https, ftp, sftp, git, magnet"", ""URLs with paths, query Strings, and fragments"", URLs with subdomain",embedded in references,,GenURL
1510.03815,148.0,math.ethz.ch/~salamon/publications.html,References,"URLs with subdomain, ""URLs with paths, query Strings, and fragments"", URLs without scheme",embedded in references,,GenURL
1510.03815,146.0,msp.warwick.ac.uk/gtm/2008/15/,References,"URLs with subdomain, ""URLs with paths, query Strings, and fragments"", URLs with trailing slashes, URLs without scheme",embedded in references,,GenURL
1510.03815,147.0,perso.univ-rennes1.fr/michel.coste/Lojasiewicz.pdf,References,"URLs with subdomain, ""URLs with paths, query Strings, and fragments"", URLs without scheme",embedded in references,,GenURL
1510.03815,148.0,www-math.mit.edu/~rbm/Lecture_notes.html,References,"URLs with subdomain, ""URLs with paths, query Strings, and fragments"", URLs without scheme",embedded in references,,GenURL
1510.03867,4.0,http://amdpp.phys.strath.ac.uk/tamoc/DATA/,Methodology,"""URLs with schemes such as http, https, ftp, sftp, git, magnet"", URLs with subdomain, ""URLs with paths, query Strings, and fragments"", URLs with trailing slashes",embedded in footnotes,,TPD
1510.03867,10.0,http://arxiv.org/abs/1502.01589,References,"""URLs with schemes such as http, https, ftp, sftp, git, magnet"", ""URLs with paths, query Strings, and fragments""",embedded in references,Hidden in annotation layers,GenURL
1510.03867,10.0,http://arxiv.org/abs/1503.08146,References,"""URLs with schemes such as http, https, ftp, sftp, git, magnet"", ""URLs with paths, query Strings, and fragments""",embedded in references,Hidden in annotation layers,GenURL
1510.03867,10.0,http://arxiv.org/abs/1505.01076,References,"""URLs with schemes such as http, https, ftp, sftp, git, magnet"", ""URLs with paths, query Strings, and fragments""",embedded in references,Hidden in annotation layers,GenURL
1510.03867,10.0,http://arxiv.org/abs/1505.04997,References,"""URLs with schemes such as http, https, ftp, sftp, git, magnet"", ""URLs with paths, query Strings, and fragments""",embedded in references,Hidden in annotation layers,GenURL
1510.03867,10.0,http://arxiv.org/abs/1509.07809,References,"""URLs with schemes such as http, https, ftp, sftp, git, magnet"", ""URLs with paths, query Strings, and fragments""",embedded in references,Hidden in annotation layers,GenURL
1510.03867,3.0,http://physics.nist.gov/PhysRefData/ASD/ionEnergy.html,Methodology,"""URLs with schemes such as http, https, ftp, sftp, git, magnet"", ""URLs with paths, query Strings, and fragments"", URLs with subdomain",embedded in footnotes,,TPD
1510.03867,4.0,http://www-cfadc.phy.ornl.gov/astro/ps/data/,Methodology,"""URLs with schemes such as http, https, ftp, sftp, git, magnet"", URLs with subdomain, ""URLs with paths, query Strings, and fragments""",embedded in footnotes,,TPD
1510.03867,1.0,mailto:rcooke@ucolick.org,Title & Authors,"""URLs with schemes such as http, https, ftp, sftp, git, magnet""",embedded in footnotes,Hidden in annotation layers,GenURL
1510.04483,16.0,http://arxiv.org/abs/0803.2534,References,"""URLs with schemes such as http, https, ftp, sftp, git, magnet"", ""URLs with paths, query Strings, and fragments""",embedded in references,Hidden in annotation layers,GenURL
1510.04483,17.0,http://arxiv.org/abs/0810.5576,References,"""URLs with schemes such as http, https, ftp, sftp, git, magnet"", ""URLs with paths, query Strings, and fragments"", URLs with subdomain",embedded in references,Hidden in annotation layers,GenURL
1510.04483,17.0,http://arxiv.org/abs/0910.0969,References,"""URLs with schemes such as http, https, ftp, sftp, git, magnet"", ""URLs with paths, query Strings, and fragments""",embedded in references,Hidden in annotation layers,GenURL
1510.04483,16.0,http://arxiv.org/abs/1002.4224,References,"""URLs with schemes such as http, https, ftp, sftp, git, magnet"", ""URLs with paths, query Strings, and fragments""",embedded in references,Hidden in annotation layers,GenURL
1510.04483,16.0,http://arxiv.org/abs/1003.1316,References,"""URLs with schemes such as http, https, ftp, sftp, git, magnet"", ""URLs with paths, query Strings, and fragments""",embedded in references,Hidden in annotation layers,GenURL
1510.04483,18.0,http://arxiv.org/abs/1006.0910,References,"""URLs with schemes such as http, https, ftp, sftp, git, magnet"", ""URLs with paths, query Strings, and fragments""",embedded in references,Hidden in annotation layers,GenURL
1510.04483,18.0,http://arxiv.org/abs/1101.0538,References,"""URLs with schemes such as http, https, ftp, sftp, git, magnet"", ""URLs with paths, query Strings, and fragments""",embedded in references,Hidden in annotation layers,GenURL
1510.04483,16.0,http://arxiv.org/abs/1101.2599,References,"""URLs with schemes such as http, https, ftp, sftp, git, magnet"", ""URLs with paths, query Strings, and fragments""",embedded in references,Hidden in annotation layers,GenURL
1510.04483,17.0,http://arxiv.org/abs/1107.3026,References,"""URLs with schemes such as http, https, ftp, sftp, git, magnet"", ""URLs with paths, query Strings, and fragments""",embedded in references,Hidden in annotation layers,GenURL
1510.04483,16.0,http://arxiv.org/abs/1107.4277,References,"""URLs with schemes such as http, https, ftp, sftp, git, magnet"", ""URLs with paths, query Strings, and fragments""",embedded in references,Hidden in annotation layers,GenURL
1510.04483,16.0,http://arxiv.org/abs/1112.6426,References,"""URLs with schemes such as http, https, ftp, sftp, git, magnet"", ""URLs with paths, query Strings, and fragments""",embedded in references,Hidden in annotation layers,GenURL
1510.04483,16.0,http://arxiv.org/abs/1203.5015,References,"""URLs with schemes such as http, https, ftp, sftp, git, magnet"", ""URLs with paths, query Strings, and fragments""",embedded in references,Hidden in annotation layers,GenURL
1510.04483,15.0,http://arxiv.org/abs/1205.6497,References,"""URLs with schemes such as http, https, ftp, sftp, git, magnet"", ""URLs with paths, query Strings, and fragments""","split across lines, embedded in references",Hidden in annotation layers,GenURL
1510.04483,17.0,http://arxiv.org/abs/1207.6758,References,"""URLs with schemes such as http, https, ftp, sftp, git, magnet"", ""URLs with paths, query Strings, and fragments""","embedded in references, split across lines",Hidden in annotation layers,GenURL
1510.04483,15.0,http://arxiv.org/abs/1207.7214,References,"""URLs with schemes such as http, https, ftp, sftp, git, magnet"", ""URLs with paths, query Strings, and fragments""",embedded in references,Hidden in annotation layers,GenURL
1510.04483,15.0,http://arxiv.org/abs/1207.7235,References,"""URLs with schemes such as http, https, ftp, sftp, git, magnet"", ""URLs with paths, query Strings, and fragments""",embedded in references,Hidden in annotation layers,GenURL
1510.04483,17.0,http://arxiv.org/abs/1209.0772,References,"""URLs with schemes such as http, https, ftp, sftp, git, magnet"", ""URLs with paths, query Strings, and fragments""",embedded in references,Hidden in annotation layers,GenURL
1510.04483,17.0,http://arxiv.org/abs/1209.2319,References,"""URLs with schemes such as http, https, ftp, sftp, git, magnet"", ""URLs with paths, query Strings, and fragments""",embedded in references,Hidden in annotation layers,GenURL
1510.04483,16.0,http://arxiv.org/abs/1209.2393,References,"""URLs with schemes such as http, https, ftp, sftp, git, magnet"", ""URLs with paths, query Strings, and fragments""",embedded in references,Hidden in annotation layers,GenURL
1510.04483,16.0,http://arxiv.org/abs/1211.4462,References,"""URLs with schemes such as http, https, ftp, sftp, git, magnet"", ""URLs with paths, query Strings, and fragments""",embedded in references,Hidden in annotation layers,GenURL
1510.04483,18.0,http://arxiv.org/abs/1303.3758,References,"""URLs with schemes such as http, https, ftp, sftp, git, magnet"", ""URLs with paths, query Strings, and fragments""",embedded in references,Hidden in annotation layers,GenURL
1510.04483,15.0,http://arxiv.org/abs/1303.6254,References,"""URLs with schemes such as http, https, ftp, sftp, git, magnet"", ""URLs with paths, query Strings, and fragments""",embedded in references,Hidden in annotation layers,GenURL
1510.04483,18.0,http://arxiv.org/abs/1303.6415,References,"""URLs with schemes such as http, https, ftp, sftp, git, magnet"", ""URLs with paths, query Strings, and fragments""",embedded in references,Hidden in annotation layers,GenURL
1510.04483,17.0,http://arxiv.org/abs/1304.5783,References,"""URLs with schemes such as http, https, ftp, sftp, git, magnet"", ""URLs with paths, query Strings, and fragments""",embedded in references,Hidden in annotation layers,GenURL
1510.04483,17.0,http://arxiv.org/abs/1305.3339,References,"""URLs with schemes such as http, https, ftp, sftp, git, magnet"", ""URLs with paths, query Strings, and fragments""",embedded in references,Hidden in annotation layers,GenURL
1510.04483,18.0,http://arxiv.org/abs/1306.4945,References,"""URLs with schemes such as http, https, ftp, sftp, git, magnet"", ""URLs with paths, query Strings, and fragments""",embedded in references,Hidden in annotation layers,GenURL
1510.04483,17.0,http://arxiv.org/abs/1307.4617,References,"""URLs with schemes such as http, https, ftp, sftp, git, magnet"", ""URLs with paths, query Strings, and fragments""",embedded in references,Hidden in annotation layers,GenURL
1510.04483,17.0,http://arxiv.org/abs/1307.5749,References,"""URLs with schemes such as http, https, ftp, sftp, git, magnet"", ""URLs with paths, query Strings, and fragments"", URLs with subdomain",embedded in references,Hidden in annotation layers,GenURL
1510.04483,17.0,http://arxiv.org/abs/1307.6511,References,"""URLs with schemes such as http, https, ftp, sftp, git, magnet"", ""URLs with paths, query Strings, and fragments""",embedded in references,Hidden in annotation layers,GenURL
1510.04483,15.0,http://arxiv.org/abs/1310.0799,References,"""URLs with schemes such as http, https, ftp, sftp, git, magnet"", ""URLs with paths, query Strings, and fragments""",embedded in references,Hidden in annotation layers,GenURL
1510.04483,18.0,http://arxiv.org/abs/1311.2028,References,"""URLs with schemes such as http, https, ftp, sftp, git, magnet"", ""URLs with paths, query Strings, and fragments""",embedded in references,Hidden in annotation layers,GenURL
1510.04483,16.0,http://arxiv.org/abs/1312.5595,References,"""URLs with schemes such as http, https, ftp, sftp, git, magnet"", ""URLs with paths, query Strings, and fragments""",embedded in references,Hidden in annotation layers,GenURL
1510.04483,18.0,http://arxiv.org/abs/1312.6659,References,"""URLs with schemes such as http, https, ftp, sftp, git, magnet"", ""URLs with paths, query Strings, and fragments""",embedded in references,Hidden in annotation layers,GenURL
1510.04483,16.0,http://arxiv.org/abs/1312.6873,References,"""URLs with schemes such as http, https, ftp, sftp, git, magnet"", ""URLs with paths, query Strings, and fragments""",split across lines,Hidden in annotation layers,GenURL
1510.04483,18.0,http://arxiv.org/abs/1402.4016,References,"""URLs with schemes such as http, https, ftp, sftp, git, magnet"", ""URLs with paths, query Strings, and fragments""","embedded in references, split across lines",Hidden in annotation layers,GenURL
1510.04483,16.0,http://arxiv.org/abs/1403.4427,References,"""URLs with schemes such as http, https, ftp, sftp, git, magnet"", ""URLs with paths, query Strings, and fragments""",embedded in references,Hidden in annotation layers,GenURL
1510.04483,17.0,http://arxiv.org/abs/1405.1756,References,"""URLs with schemes such as http, https, ftp, sftp, git, magnet"", ""URLs with paths, query Strings, and fragments""",embedded in references,Hidden in annotation layers,GenURL
1510.04483,18.0,http://arxiv.org/abs/1405.2395,References,"""URLs with schemes such as http, https, ftp, sftp, git, magnet"", ""URLs with paths, query Strings, and fragments""",embedded in references,Hidden in annotation layers,GenURL
1510.04483,15.0,http://arxiv.org/abs/1405.4781,References,"""URLs with schemes such as http, https, ftp, sftp, git, magnet"", ""URLs with paths, query Strings, and fragments""",embedded in references,Hidden in annotation layers,GenURL
1510.04483,16.0,http://arxiv.org/abs/1406.0076,References,"""URLs with schemes such as http, https, ftp, sftp, git, magnet"", ""URLs with paths, query Strings, and fragments""",embedded in references,Hidden in annotation layers,GenURL
1510.04483,18.0,http://arxiv.org/abs/1406.5375,References,"""URLs with schemes such as http, https, ftp, sftp, git, magnet"", ""URLs with paths, query Strings, and fragments""",embedded in references,Hidden in annotation layers,GenURL
1510.04483,18.0,http://arxiv.org/abs/1407.0891,References,"""URLs with schemes such as http, https, ftp, sftp, git, magnet"", ""URLs with paths, query Strings, and fragments""",embedded in references,Hidden in annotation layers,GenURL
1510.04483,18.0,http://arxiv.org/abs/1407.2682,References,"""URLs with schemes such as http, https, ftp, sftp, git, magnet"", ""URLs with paths, query Strings, and fragments""",embedded in references,Hidden in annotation layers,GenURL
1510.04483,15.0,http://arxiv.org/abs/1407.2763,References,"""URLs with schemes such as http, https, ftp, sftp, git, magnet"", ""URLs with paths, query Strings, and fragments""","split across lines, embedded in references",Hidden in annotation layers,GenURL
1510.04483,15.0,http://arxiv.org/abs/1407.3792,References,"""URLs with schemes such as http, https, ftp, sftp, git, magnet"", ""URLs with paths, query Strings, and fragments""",embedded in references,Hidden in annotation layers,GenURL
1510.04483,17.0,http://arxiv.org/abs/1409.0832,References,"""URLs with schemes such as http, https, ftp, sftp, git, magnet"", ""URLs with paths, query Strings, and fragments""",embedded in references,Hidden in annotation layers,GenURL
1510.04483,17.0,http://arxiv.org/abs/1409.4906,References,"""URLs with schemes such as http, https, ftp, sftp, git, magnet"", ""URLs with paths, query Strings, and fragments""",embedded in references,Hidden in annotation layers,GenURL
1510.04483,17.0,http://arxiv.org/abs/1410.6319,References,"""URLs with schemes such as http, https, ftp, sftp, git, magnet"", ""URLs with paths, query Strings, and fragments""",embedded in references,Hidden in annotation layers,GenURL
1510.04483,18.0,http://arxiv.org/abs/1410.8849,References,"""URLs with schemes such as http, https, ftp, sftp, git, magnet"", ""URLs with paths, query Strings, and fragments""",embedded in references,Hidden in annotation layers,GenURL
1510.04483,15.0,http://arxiv.org/abs/1411.1923,References,"""URLs with schemes such as http, https, ftp, sftp, git, magnet"", ""URLs with paths, query Strings, and fragments""",embedded in references,Hidden in annotation layers,GenURL
1510.04483,18.0,http://arxiv.org/abs/1412.1828,References,"""URLs with schemes such as http, https, ftp, sftp, git, magnet"", ""URLs with paths, query Strings, and fragments""",embedded in references,Hidden in annotation layers,GenURL
1510.04483,15.0,http://arxiv.org/abs/1412.3649,References,"""URLs with schemes such as http, https, ftp, sftp, git, magnet"", ""URLs with paths, query Strings, and fragments""",embedded in references,Hidden in annotation layers,GenURL
1510.04483,16.0,http://arxiv.org/abs/1501.07912,References,"""URLs with schemes such as http, https, ftp, sftp, git, magnet"", ""URLs with paths, query Strings, and fragments""",embedded in references,Hidden in annotation layers,GenURL
1510.04483,17.0,http://arxiv.org/abs/1503.05427,References,"""URLs with schemes such as http, https, ftp, sftp, git, magnet"", ""URLs with paths, query Strings, and fragments""",embedded in references,Hidden in annotation layers,GenURL
1510.04483,15.0,http://arxiv.org/abs/1503.07589,References,"""URLs with schemes such as http, https, ftp, sftp, git, magnet"", ""URLs with paths, query Strings, and fragments"", URLs with subdomain",embedded in references,Hidden in annotation layers,GenURL
1510.04483,17.0,http://arxiv.org/abs/1505.00500,References,"""URLs with schemes such as http, https, ftp, sftp, git, magnet"", ""URLs with paths, query Strings, and fragments""",embedded in references,Hidden in annotation layers,GenURL
1510.04483,15.0,http://arxiv.org/abs/1505.00630,References,"""URLs with schemes such as http, https, ftp, sftp, git, magnet"", ""URLs with paths, query Strings, and fragments""",embedded in references,Hidden in annotation layers,GenURL
1510.04483,15.0,http://arxiv.org/abs/1506.02800,References,"""URLs with schemes such as http, https, ftp, sftp, git, magnet"", ""URLs with paths, query Strings, and fragments""",embedded in references,Hidden in annotation layers,GenURL
1510.04483,18.0,http://arxiv.org/abs/1507.01769,References,"""URLs with schemes such as http, https, ftp, sftp, git, magnet"", ""URLs with paths, query Strings, and fragments"", URLs with subdomain",embedded in references,Hidden in annotation layers,GenURL
1510.04483,17.0,http://arxiv.org/abs/1508.03322,References,"""URLs with schemes such as http, https, ftp, sftp, git, magnet"", ""URLs with paths, query Strings, and fragments""",embedded in references,Hidden in annotation layers,GenURL
1510.04483,18.0,http://arxiv.org/abs/1508.05332,References,"""URLs with schemes such as http, https, ftp, sftp, git, magnet"", ""URLs with paths, query Strings, and fragments""",embedded in references,Hidden in annotation layers,GenURL
1510.04483,15.0,http://arxiv.org/abs/1509.03325,References,"""URLs with schemes such as http, https, ftp, sftp, git, magnet"", ""URLs with paths, query Strings, and fragments""",embedded in references,Hidden in annotation layers,GenURL
1510.04483,17.0,http://arxiv.org/abs/1509.04044,References,"""URLs with schemes such as http, https, ftp, sftp, git, magnet"", ""URLs with paths, query Strings, and fragments""",embedded in references,Hidden in annotation layers,GenURL
1510.04483,18.0,http://arxiv.org/abs/1510.03072,References,"""URLs with schemes such as http, https, ftp, sftp, git, magnet"", ""URLs with paths, query Strings, and fragments"", URLs with subdomain",embedded in references,Hidden in annotation layers,GenURL
1510.04483,16.0,http://arxiv.org/abs/hep-ex/0011057,References,"""URLs with schemes such as http, https, ftp, sftp, git, magnet"", ""URLs with paths, query Strings, and fragments""",embedded in references,Hidden in annotation layers,GenURL
1510.04483,16.0,http://arxiv.org/abs/hep-ex/0410041,References,"""URLs with schemes such as http, https, ftp, sftp, git, magnet"", ""URLs with paths, query Strings, and fragments""",embedded in references,Hidden in annotation layers,GenURL
1510.04483,16.0,http://arxiv.org/abs/hep-ex/0412071,References,"""URLs with schemes such as http, https, ftp, sftp, git, magnet"", ""URLs with paths, query Strings, and fragments""",embedded in references,Hidden in annotation layers,GenURL
1510.04483,17.0,http://arxiv.org/abs/hep-ex/0501043,References,"""URLs with schemes such as http, https, ftp, sftp, git, magnet"", ""URLs with paths, query Strings, and fragments""",embedded in references,Hidden in annotation layers,GenURL
1510.04483,16.0,http://arxiv.org/abs/hep-ex/0508029,References,"""URLs with schemes such as http, https, ftp, sftp, git, magnet"", ""URLs with paths, query Strings, and fragments""",embedded in references,Hidden in annotation layers,GenURL
1510.04483,16.0,http://arxiv.org/abs/hep-ex/0510047,References,"""URLs with schemes such as http, https, ftp, sftp, git, magnet"", ""URLs with paths, query Strings, and fragments""",embedded in references,Hidden in annotation layers,GenURL
1510.04483,16.0,http://arxiv.org/abs/hep-ex/0510048,References,"""URLs with schemes such as http, https, ftp, sftp, git, magnet"", ""URLs with paths, query Strings, and fragments""",embedded in references,Hidden in annotation layers,GenURL
1510.04483,16.0,http://arxiv.org/abs/hep-ex/0510048,References,"""URLs with schemes such as http, https, ftp, sftp, git, magnet"", ""URLs with paths, query Strings, and fragments""",embedded in references,Hidden in annotation layers,GenURL
1510.04483,16.0,http://arxiv.org/abs/hep-ex/0602008,References,"""URLs with schemes such as http, https, ftp, sftp, git, magnet"", ""URLs with paths, query Strings, and fragments""",embedded in references,Hidden in annotation layers,GenURL
1510.04483,15.0,http://arxiv.org/abs/hep-ex/9503002,References,"""URLs with schemes such as http, https, ftp, sftp, git, magnet"", ""URLs with paths, query Strings, and fragments""","split across lines, embedded in references",Hidden in annotation layers,GenURL
1510.04483,15.0,http://arxiv.org/abs/hep-ex/9503003,References,"""URLs with schemes such as http, https, ftp, sftp, git, magnet"", ""URLs with paths, query Strings, and fragments""",embedded in references,Hidden in annotation layers,GenURL
1510.04483,16.0,http://arxiv.org/abs/hep-ex/9808029,References,"""URLs with schemes such as http, https, ftp, sftp, git, magnet"", ""URLs with paths, query Strings, and fragments""","split across lines, embedded in references",Hidden in annotation layers,GenURL
1510.04483,18.0,http://arxiv.org/abs/hep-ph/9912320,References,"""URLs with schemes such as http, https, ftp, sftp, git, magnet"", ""URLs with paths, query Strings, and fragments""","embedded in references, split across lines",Hidden in annotation layers,GenURL
1510.04483,16.0,http://arxiv.org/abs/physics/0507191,References,"""URLs with schemes such as http, https, ftp, sftp, git, magnet"", ""URLs with paths, query Strings, and fragments""",embedded in references,Hidden in annotation layers,GenURL
1510.04483,16.0,http://cds.cern.ch/record/1435194,References,"""URLs with schemes such as http, https, ftp, sftp, git, magnet"", ""URLs with paths, query Strings, and fragments""",embedded in references,Hidden in annotation layers,GenURL
1510.04483,16.0,http://cds.cern.ch/record/1435197,References,"""URLs with schemes such as http, https, ftp, sftp, git, magnet"", ""URLs with paths, query Strings, and fragments"", URLs with subdomain",embedded in references,,GenURL
1510.04483,16.0,http://cds.cern.ch/record/1435197,References,"""URLs with schemes such as http, https, ftp, sftp, git, magnet"", ""URLs with paths, query Strings, and fragments"", URLs with subdomain",embedded in references,Hidden in annotation layers,GenURL
1510.04483,17.0,http://cds.cern.ch/record/1563140,References,"""URLs with schemes such as http, https, ftp, sftp, git, magnet"", ""URLs with paths, query Strings, and fragments"", URLs with subdomain",embedded in references,Hidden in annotation layers,GenURL
1510.04483,17.0,http://cds.cern.ch/record/1563140,References,"""URLs with schemes such as http, https, ftp, sftp, git, magnet"", ""URLs with paths, query Strings, and fragments"", URLs with subdomain",embedded in references,,GenURL
1510.04483,18.0,http://cds.cern.ch/record/1571040,References,"""URLs with schemes such as http, https, ftp, sftp, git, magnet"", ""URLs with paths, query Strings, and fragments"", URLs with subdomain",embedded in references,Hidden in annotation layers,GenURL
1510.04483,18.0,http://cds.cern.ch/record/1571040,References,"""URLs with schemes such as http, https, ftp, sftp, git, magnet"", ""URLs with paths, query Strings, and fragments"", URLs with subdomain",embedded in references,,GenURL
1510.04483,17.0,http://cds.cern.ch/record/1599576,References,"""URLs with schemes such as http, https, ftp, sftp, git, magnet"", ""URLs with paths, query Strings, and fragments"", URLs with subdomain",embedded in references,Hidden in annotation layers,GenURL
1510.04483,17.0,http://cds.cern.ch/record/1599576,References,"""URLs with schemes such as http, https, ftp, sftp, git, magnet"", ""URLs with paths, query Strings, and fragments"", URLs with subdomain",embedded in references,,GenURL
1510.04483,18.0,http://cds.cern.ch/record/1647419,References,"""URLs with schemes such as http, https, ftp, sftp, git, magnet"", ""URLs with paths, query Strings, and fragments"", URLs with subdomain",embedded in references,Hidden in annotation layers,GenURL
1510.04483,18.0,http://cds.cern.ch/record/1647419,References,"""URLs with schemes such as http, https, ftp, sftp, git, magnet"", ""URLs with paths, query Strings, and fragments"", URLs with subdomain",embedded in references,,GenURL
1510.04483,16.0,http://cds.cern.ch/record/1664335,References,"""URLs with schemes such as http, https, ftp, sftp, git, magnet"", ""URLs with paths, query Strings, and fragments"", URLs with subdomain",embedded in references,Hidden in annotation layers,GenURL
1510.04483,16.0,http://cds.cern.ch/record/1664335,References,"""URLs with schemes such as http, https, ftp, sftp, git, magnet"", ""URLs with paths, query Strings, and fragments"", URLs with subdomain",embedded in references,,GenURL
1510.04483,18.0,http://cds.cern.ch/record/1951028,References,"""URLs with schemes such as http, https, ftp, sftp, git, magnet"", ""URLs with paths, query Strings, and fragments"", URLs with subdomain",embedded in references,Hidden in annotation layers,GenURL
1510.04483,18.0,http://cds.cern.ch/record/1951028,References,"""URLs with schemes such as http, https, ftp, sftp, git, magnet"", ""URLs with paths, query Strings, and fragments"", URLs with subdomain",embedded in references,,GenURL
1510.04483,17.0,http://cds.cern.ch/record/1951323,References,"""URLs with schemes such as http, https, ftp, sftp, git, magnet"", ""URLs with paths, query Strings, and fragments"", URLs with subdomain","embedded in references, split across lines",Hidden in annotation layers,GenURL
1510.04483,17.0,http://cds.cern.ch/record/1951323,References,"""URLs with schemes such as http, https, ftp, sftp, git, magnet"", ""URLs with paths, query Strings, and fragments"", URLs with subdomain",embedded in references,,GenURL
1510.04483,17.0,http://cds.cern.ch/record/1966416,References,"""URLs with schemes such as http, https, ftp, sftp, git, magnet"", ""URLs with paths, query Strings, and fragments"", URLs with subdomain","embedded in references, split across lines",Hidden in annotation layers,GenURL
1510.04483,17.0,http://cds.cern.ch/record/1966416,References,"""URLs with schemes such as http, https, ftp, sftp, git, magnet"", ""URLs with paths, query Strings, and fragments"", URLs with subdomain",embedded in references,,GenURL
1510.04483,18.0,http://cds.cern.ch/record/2046216,References,"""URLs with schemes such as http, https, ftp, sftp, git, magnet"", ""URLs with paths, query Strings, and fragments"", URLs with subdomain",embedded in references,Hidden in annotation layers,GenURL
1510.04483,18.0,http://cds.cern.ch/record/2046216,References,"""URLs with schemes such as http, https, ftp, sftp, git, magnet"", ""URLs with paths, query Strings, and fragments"", URLs with subdomain",embedded in references,,GenURL
1510.04483,18.0,http://cds.cern.ch/record/2048642,References,"""URLs with schemes such as http, https, ftp, sftp, git, magnet"", ""URLs with paths, query Strings, and fragments"", URLs with subdomain",embedded in references,Hidden in annotation layers,GenURL
1510.04483,18.0,http://cds.cern.ch/record/2048642,References,"""URLs with schemes such as http, https, ftp, sftp, git, magnet"", ""URLs with paths, query Strings, and fragments"", URLs with subdomain",embedded in references,,GenURL
1510.04483,17.0,http://cds.cern.ch/record/2053086,References,"""URLs with schemes such as http, https, ftp, sftp, git, magnet"", ""URLs with paths, query Strings, and fragments"", URLs with subdomain",embedded in references,Hidden in annotation layers,GenURL
1510.04483,17.0,http://cds.cern.ch/record/2053086,References,"""URLs with schemes such as http, https, ftp, sftp, git, magnet"", ""URLs with paths, query Strings, and fragments"", URLs with subdomain",embedded in references,,GenURL
1510.04483,15.0,http://dx.doi.org/10.1007/978-3-319-15001-7_7,References,"""URLs with schemes such as http, https, ftp, sftp, git, magnet"", ""URLs with paths, query Strings, and fragments"", URLs with subdomain",embedded in references,Hidden in annotation layers,GenURL
1510.04483,18.0,http://dx.doi.org/10.1007/JHEP01(2015)020,References,"""URLs with schemes such as http, https, ftp, sftp, git, magnet"", ""URLs with paths, query Strings, and fragments"", URLs with subdomain","embedded in references, split across lines",Hidden in annotation layers,GenURL
1510.04483,18.0,http://dx.doi.org/10.1007/JHEP04(2015)040,References,"""URLs with schemes such as http, https, ftp, sftp, git, magnet"", ""URLs with paths, query Strings, and fragments"", URLs with subdomain",embedded in references,Hidden in annotation layers,GenURL
1510.04483,18.0,http://dx.doi.org/10.1007/JHEP04(2015)114,References,"""URLs with schemes such as http, https, ftp, sftp, git, magnet"", ""URLs with paths, query Strings, and fragments"", URLs with subdomain",embedded in references,Hidden in annotation layers,GenURL
1510.04483,18.0,http://dx.doi.org/10.1007/JHEP06(2014)158,References,"""URLs with schemes such as http, https, ftp, sftp, git, magnet"", ""URLs with paths, query Strings, and fragments"", URLs with subdomain",embedded in references,Hidden in annotation layers,GenURL
1510.04483,18.0,http://dx.doi.org/10.1007/JHEP08(2010)048,References,"""URLs with schemes such as http, https, ftp, sftp, git, magnet"", ""URLs with paths, query Strings, and fragments"", URLs with subdomain",embedded in references,Hidden in annotation layers,GenURL
1510.04483,15.0,http://dx.doi.org/10.1007/JHEP08(2012)098,References,"""URLs with schemes such as http, https, ftp, sftp, git, magnet"", ""URLs with paths, query Strings, and fragments"", URLs with subdomain",embedded in references,Hidden in annotation layers,GenURL
1510.04483,18.0,http://dx.doi.org/10.1007/JHEP09(2013)076,References,"""URLs with schemes such as http, https, ftp, sftp, git, magnet"", ""URLs with paths, query Strings, and fragments"", URLs with subdomain",embedded in references,Hidden in annotation layers,GenURL
1510.04483,15.0,http://dx.doi.org/10.1007/JHEP09(2014)012,References,"""URLs with schemes such as http, https, ftp, sftp, git, magnet"", ""URLs with paths, query Strings, and fragments"", URLs with subdomain",embedded in references,Hidden in annotation layers,GenURL
1510.04483,17.0,http://dx.doi.org/10.1007/JHEP12(2012)105,References,"""URLs with schemes such as http, https, ftp, sftp, git, magnet"", ""URLs with paths, query Strings, and fragments"", URLs with subdomain",embedded in references,Hidden in annotation layers,GenURL
1510.04483,18.0,http://dx.doi.org/10.1016/0168-9002(88)90018-6,References,"""URLs with schemes such as http, https, ftp, sftp, git, magnet"", ""URLs with paths, query Strings, and fragments"", URLs with subdomain",embedded in references,Hidden in annotation layers,GenURL
1510.04483,16.0,http://dx.doi.org/10.1016/0168-9002(94)91312-9,References,"""URLs with schemes such as http, https, ftp, sftp, git, magnet"", ""URLs with paths, query Strings, and fragments"", URLs with subdomain",embedded in references,Hidden in annotation layers,GenURL
1510.04483,16.0,http://dx.doi.org/10.1016/j.nima.2006.05.248,References,"""URLs with schemes such as http, https, ftp, sftp, git, magnet"", ""URLs with paths, query Strings, and fragments"", URLs with subdomain","split across lines, embedded in references",Hidden in annotation layers,GenURL
1510.04483,16.0,http://dx.doi.org/10.1016/j.nima.2006.05.269,References,"""URLs with schemes such as http, https, ftp, sftp, git, magnet"", ""URLs with paths, query Strings, and fragments"", URLs with subdomain",embedded in references,Hidden in annotation layers,GenURL
1510.04483,16.0,http://dx.doi.org/10.1016/j.nima.2010.03.118,References,"""URLs with schemes such as http, https, ftp, sftp, git, magnet"", ""URLs with paths, query Strings, and fragments"", URLs with subdomain",embedded in references,Hidden in annotation layers,GenURL
1510.04483,16.0,http://dx.doi.org/10.1016/j.nima.2010.09.024,References,"""URLs with schemes such as http, https, ftp, sftp, git, magnet"", ""URLs with paths, query Strings, and fragments"", URLs with subdomain",embedded in references,Hidden in annotation layers,GenURL
1510.04483,16.0,http://dx.doi.org/10.1016/j.nima.2014.02.029,References,"""URLs with schemes such as http, https, ftp, sftp, git, magnet"", ""URLs with paths, query Strings, and fragments"", URLs with subdomain",embedded in references,Hidden in annotation layers,GenURL
1510.04483,16.0,http://dx.doi.org/10.1016/j.nima.2014.05.044,References,"""URLs with schemes such as http, https, ftp, sftp, git, magnet"", ""URLs with paths, query Strings, and fragments"", URLs with subdomain",embedded in references,Hidden in annotation layers,GenURL
1510.04483,17.0,http://dx.doi.org/10.1016/j.nima.2014.11.063,References,"""URLs with schemes such as http, https, ftp, sftp, git, magnet"", ""URLs with paths, query Strings, and fragments"", URLs with subdomain",embedded in references,Hidden in annotation layers,GenURL
1510.04483,15.0,http://dx.doi.org/10.1016/j.physletb.2012.08.020,References,"""URLs with schemes such as http, https, ftp, sftp, git, magnet"", ""URLs with paths, query Strings, and fragments"", URLs with subdomain",embedded in references,Hidden in annotation layers,GenURL
1510.04483,15.0,http://dx.doi.org/10.1016/j.physletb.2012.08.021,References,"""URLs with schemes such as http, https, ftp, sftp, git, magnet"", ""URLs with paths, query Strings, and fragments"", URLs with subdomain",embedded in references,Hidden in annotation layers,GenURL
1510.04483,18.0,http://dx.doi.org/10.1016/j.physletb.2014.12.044,References,"""URLs with schemes such as http, https, ftp, sftp, git, magnet"", ""URLs with paths, query Strings, and fragments"", URLs with subdomain",embedded in references,Hidden in annotation layers,GenURL
1510.04483,16.0,http://dx.doi.org/10.1016/j.physrep.2011.03.005,References,"""URLs with schemes such as http, https, ftp, sftp, git, magnet"", ""URLs with paths, query Strings, and fragments"", URLs with subdomain",embedded in references,Hidden in annotation layers,GenURL
1510.04483,16.0,http://dx.doi.org/10.1016/S0010-4655(00)00243-5,References,"""URLs with schemes such as http, https, ftp, sftp, git, magnet"", ""URLs with paths, query Strings, and fragments"", URLs with subdomain",embedded in references,Hidden in annotation layers,GenURL
1510.04483,18.0,http://dx.doi.org/10.1016/S0168-9002(03)00329-2,References,"""URLs with schemes such as http, https, ftp, sftp, git, magnet"", ""URLs with paths, query Strings, and fragments"", URLs with subdomain",embedded in references,Hidden in annotation layers,GenURL
1510.04483,18.0,http://dx.doi.org/10.1016/S0370-2693(00)00120-9,References,"""URLs with schemes such as http, https, ftp, sftp, git, magnet"", ""URLs with paths, query Strings, and fragments"", URLs with subdomain",embedded in references,Hidden in annotation layers,GenURL
1510.04483,16.0,http://dx.doi.org/10.1088/0954-3899/34/12/001,References,"""URLs with schemes such as http, https, ftp, sftp, git, magnet"", ""URLs with paths, query Strings, and fragments"", URLs with subdomain",embedded in references,Hidden in annotation layers,GenURL
1510.04483,17.0,http://dx.doi.org/10.1088/1126-6708/2009/03/143,References,"""URLs with schemes such as http, https, ftp, sftp, git, magnet"", ""URLs with paths, query Strings, and fragments"", URLs with subdomain",embedded in references,Hidden in annotation layers,GenURL
1510.04483,15.0,http://dx.doi.org/10.1088/1674-1137/38/9/090001,References,"""URLs with schemes such as http, https, ftp, sftp, git, magnet"", ""URLs with paths, query Strings, and fragments"", URLs with subdomain",embedded in references,Hidden in annotation layers,GenURL
1510.04483,16.0,http://dx.doi.org/10.1088/1748-0221/3/08/S08003,References,"""URLs with schemes such as http, https, ftp, sftp, git, magnet"", ""URLs with paths, query Strings, and fragments"", URLs with subdomain","split across lines, embedded in references",Hidden in annotation layers,GenURL
1510.04483,16.0,http://dx.doi.org/10.1088/1748-0221/3/08/S08004,References,"""URLs with schemes such as http, https, ftp, sftp, git, magnet"", ""URLs with paths, query Strings, and fragments"", URLs with subdomain","split across lines, embedded in references",Hidden in annotation layers,GenURL
1510.04483,16.0,http://dx.doi.org/10.1088/1748-0221/6/11/P11002,References,"""URLs with schemes such as http, https, ftp, sftp, git, magnet"", ""URLs with paths, query Strings, and fragments"", URLs with subdomain",embedded in references,Hidden in annotation layers,GenURL
1510.04483,16.0,http://dx.doi.org/10.1088/1748-0221/8/04/P04013,References,"""URLs with schemes such as http, https, ftp, sftp, git, magnet"", ""URLs with paths, query Strings, and fragments"", URLs with subdomain",embedded in references,Hidden in annotation layers,GenURL
1510.04483,16.0,http://dx.doi.org/10.1103/PhysRevD.60.052001,References,"""URLs with schemes such as http, https, ftp, sftp, git, magnet"", ""URLs with paths, query Strings, and fragments"", URLs with subdomain",embedded in references,Hidden in annotation layers,GenURL
1510.04483,16.0,http://dx.doi.org/10.1103/PhysRevD.71.032001,References,"""URLs with schemes such as http, https, ftp, sftp, git, magnet"", ""URLs with paths, query Strings, and fragments"", URLs with subdomain",embedded in references,Hidden in annotation layers,GenURL
1510.04483,16.0,http://dx.doi.org/10.1103/PhysRevD.71.052003,References,"""URLs with schemes such as http, https, ftp, sftp, git, magnet"", ""URLs with paths, query Strings, and fragments"", URLs with subdomain",embedded in references,Hidden in annotation layers,GenURL
1510.04483,17.0,http://dx.doi.org/10.1103/PhysRevD.71.054029,References,"""URLs with schemes such as http, https, ftp, sftp, git, magnet"", ""URLs with paths, query Strings, and fragments"", URLs with subdomain",embedded in references,Hidden in annotation layers,GenURL
1510.04483,16.0,http://dx.doi.org/10.1103/PhysRevD.73.032003,References,"""URLs with schemes such as http, https, ftp, sftp, git, magnet"", ""URLs with paths, query Strings, and fragments"", URLs with subdomain",embedded in references,Hidden in annotation layers,GenURL
1510.04483,16.0,http://dx.doi.org/10.1103/PhysRevD.73.032003,References,"""URLs with schemes such as http, https, ftp, sftp, git, magnet"", ""URLs with paths, query Strings, and fragments"", URLs with subdomain",embedded in references,Hidden in annotation layers,GenURL
1510.04483,16.0,http://dx.doi.org/10.1103/PhysRevD.73.112006,References,"""URLs with schemes such as http, https, ftp, sftp, git, magnet"", ""URLs with paths, query Strings, and fragments"", URLs with subdomain",embedded in references,Hidden in annotation layers,GenURL
1510.04483,17.0,http://dx.doi.org/10.1103/PhysRevD.81.032002,References,"""URLs with schemes such as http, https, ftp, sftp, git, magnet"", ""URLs with paths, query Strings, and fragments"", URLs with subdomain",embedded in references,Hidden in annotation layers,GenURL
1510.04483,17.0,http://dx.doi.org/10.1103/PhysRevD.88.011101,References,"""URLs with schemes such as http, https, ftp, sftp, git, magnet"", ""URLs with paths, query Strings, and fragments"", URLs with subdomain",embedded in references,Hidden in annotation layers,GenURL
1510.04483,17.0,http://dx.doi.org/10.1103/PhysRevD.88.057701,References,"""URLs with schemes such as http, https, ftp, sftp, git, magnet"", ""URLs with paths, query Strings, and fragments"", URLs with subdomain",embedded in references,Hidden in annotation layers,GenURL
1510.04483,17.0,http://dx.doi.org/10.1103/PhysRevD.90.091101,References,"""URLs with schemes such as http, https, ftp, sftp, git, magnet"", ""URLs with paths, query Strings, and fragments"", URLs with subdomain",embedded in references,Hidden in annotation layers,GenURL
1510.04483,16.0,http://dx.doi.org/10.1103/PhysRevD.91.112003,References,"""URLs with schemes such as http, https, ftp, sftp, git, magnet"", ""URLs with paths, query Strings, and fragments"", URLs with subdomain",embedded in references,Hidden in annotation layers,GenURL
1510.04483,17.0,http://dx.doi.org/10.1103/PhysRevD.92.032003,References,"""URLs with schemes such as http, https, ftp, sftp, git, magnet"", ""URLs with paths, query Strings, and fragments"", URLs with subdomain",embedded in references,Hidden in annotation layers,GenURL
1510.04483,17.0,http://dx.doi.org/10.1103/PhysRevLett.109.152003,References,"""URLs with schemes such as http, https, ftp, sftp, git, magnet"", ""URLs with paths, query Strings, and fragments"", URLs with subdomain",embedded in references,Hidden in annotation layers,GenURL
1510.04483,15.0,http://dx.doi.org/10.1103/PhysRevLett.110.252004,References,"""URLs with schemes such as http, https, ftp, sftp, git, magnet"", ""URLs with paths, query Strings, and fragments"", URLs with subdomain",embedded in references,Hidden in annotation layers,GenURL
1510.04483,17.0,http://dx.doi.org/10.1103/PhysRevLett.111.232002,References,"""URLs with schemes such as http, https, ftp, sftp, git, magnet"", ""URLs with paths, query Strings, and fragments"", URLs with subdomain","split across lines, embedded in references",Hidden in annotation layers,GenURL
1510.04483,17.0,http://dx.doi.org/10.1103/PhysRevLett.113.032002,References,"""URLs with schemes such as http, https, ftp, sftp, git, magnet"", ""URLs with paths, query Strings, and fragments"", URLs with subdomain",embedded in references,Hidden in annotation layers,GenURL
1510.04483,15.0,http://dx.doi.org/10.1103/PhysRevLett.114.191803,References,"""URLs with schemes such as http, https, ftp, sftp, git, magnet"", ""URLs with paths, query Strings, and fragments"", URLs with subdomain","split across lines, embedded in references",Hidden in annotation layers,GenURL
1510.04483,15.0,http://dx.doi.org/10.1103/PhysRevLett.74.2626,References,"""URLs with schemes such as http, https, ftp, sftp, git, magnet"", ""URLs with paths, query Strings, and fragments"", URLs with subdomain",embedded in references,Hidden in annotation layers,GenURL
1510.04483,15.0,http://dx.doi.org/10.1103/PhysRevLett.74.2632,References,"""URLs with schemes such as http, https, ftp, sftp, git, magnet"", ""URLs with paths, query Strings, and fragments"", URLs with subdomain","split across lines, embedded in references",Hidden in annotation layers,GenURL
1510.04483,15.0,http://dx.doi.org/10.1134/S1063776115030152,References,"""URLs with schemes such as http, https, ftp, sftp, git, magnet"", ""URLs with paths, query Strings, and fragments"", URLs with subdomain",embedded in references,Hidden in annotation layers,GenURL
1510.04483,16.0,http://dx.doi.org/10.1140/epjc/s10052-008-0585-7,References,"""URLs with schemes such as http, https, ftp, sftp, git, magnet"", ""URLs with paths, query Strings, and fragments"", URLs with subdomain",embedded in references,Hidden in annotation layers,GenURL
1510.04483,16.0,http://dx.doi.org/10.1140/epjc/s10052-012-2043-9,References,"""URLs with schemes such as http, https, ftp, sftp, git, magnet"", ""URLs with paths, query Strings, and fragments"", URLs with subdomain","embedded in references, split across pages",Hidden in annotation layers,GenURL
1510.04483,16.0,http://dx.doi.org/10.1140/epjc/s10052-012-2202-z,References,"""URLs with schemes such as http, https, ftp, sftp, git, magnet"", ""URLs with paths, query Strings, and fragments"", URLs with subdomain",embedded in references,Hidden in annotation layers,GenURL
1510.04483,16.0,http://dx.doi.org/10.1140/epjc/s10052-013-2304-2,References,"""URLs with schemes such as http, https, ftp, sftp, git, magnet"", ""URLs with paths, query Strings, and fragments"", URLs with subdomain",embedded in references,Hidden in annotation layers,GenURL
1510.04483,18.0,http://dx.doi.org/10.1140/epjc/s10052-013-2438-2,References,"""URLs with schemes such as http, https, ftp, sftp, git, magnet"", ""URLs with paths, query Strings, and fragments"", URLs with subdomain",embedded in references,Hidden in annotation layers,GenURL
1510.04483,17.0,http://dx.doi.org/10.1140/epjc/s10052-013-2494-7,References,"""URLs with schemes such as http, https, ftp, sftp, git, magnet"", ""URLs with paths, query Strings, and fragments"", URLs with subdomain",embedded in references,Hidden in annotation layers,GenURL
1510.04483,18.0,http://dx.doi.org/10.1140/epjc/s10052-013-2530-7,References,"""URLs with schemes such as http, https, ftp, sftp, git, magnet"", ""URLs with paths, query Strings, and fragments"", URLs with subdomain",embedded in references,Hidden in annotation layers,GenURL
1510.04483,17.0,http://dx.doi.org/10.1140/epjc/s10052-013-2676-3,References,"""URLs with schemes such as http, https, ftp, sftp, git, magnet"", ""URLs with paths, query Strings, and fragments"", URLs with subdomain",embedded in references,Hidden in annotation layers,GenURL
1510.04483,17.0,http://dx.doi.org/10.1140/epjc/s10052-014-2758-x,References,"""URLs with schemes such as http, https, ftp, sftp, git, magnet"", ""URLs with paths, query Strings, and fragments"", URLs with subdomain",embedded in references,Hidden in annotation layers,GenURL
1510.04483,18.0,http://dx.doi.org/10.1140/epjc/s10052-014-3004-2,References,"""URLs with schemes such as http, https, ftp, sftp, git, magnet"", ""URLs with paths, query Strings, and fragments"", URLs with subdomain",embedded in references,Hidden in annotation layers,GenURL
1510.04483,15.0,http://dx.doi.org/10.1140/epjc/s10052-014-3046-5,References,"""URLs with schemes such as http, https, ftp, sftp, git, magnet"", ""URLs with paths, query Strings, and fragments"", URLs with subdomain",embedded in references,Hidden in annotation layers,GenURL
1510.04483,18.0,http://dx.doi.org/10.1140/epjc/s10052-014-3109-7,References,"""URLs with schemes such as http, https, ftp, sftp, git, magnet"", ""URLs with paths, query Strings, and fragments"", URLs with subdomain","embedded in references, split across lines",Hidden in annotation layers,GenURL
1510.04483,15.0,http://dx.doi.org/10.1140/epjc/s10052-014-3119-5,References,"""URLs with schemes such as http, https, ftp, sftp, git, magnet"", ""URLs with paths, query Strings, and fragments"", URLs with subdomain",embedded in references,Hidden in annotation layers,GenURL
1510.04483,16.0,http://dx.doi.org/10.1140/epjc/s10052-014-3190-y,References,"""URLs with schemes such as http, https, ftp, sftp, git, magnet"", ""URLs with paths, query Strings, and fragments"", URLs with subdomain",embedded in references,Hidden in annotation layers,GenURL
1510.04483,17.0,http://dx.doi.org/10.1140/epjc/s10052-015-3373-1,References,"""URLs with schemes such as http, https, ftp, sftp, git, magnet"", ""URLs with paths, query Strings, and fragments"", URLs with subdomain",embedded in references,Hidden in annotation layers,GenURL
1510.04483,17.0,http://dx.doi.org/10.1140/epjc/s10052-015-3544-0,References,"""URLs with schemes such as http, https, ftp, sftp, git, magnet"", ""URLs with paths, query Strings, and fragments"", URLs with subdomain",embedded in references,Hidden in annotation layers,GenURL
1510.04483,11.0,http://tevewwg.fnal.gov,Methodology,"""URLs with schemes such as http, https, ftp, sftp, git, magnet""",embedded in footnotes,,GenURL
1510.04483,11.0,http://twiki.cern.ch/twiki/bin/view/LHCPhysics/LHCTopWG,Methodology,"""URLs with schemes such as http, https, ftp, sftp, git, magnet"", URLs with subdomain, ""URLs with paths, query Strings, and fragments""",embedded in footnotes,,GenURL
1510.04483,18.0,http://www-d0.fnal.gov/Run2Physics/WWW/results/prelim/TOP/T106/,References,"""URLs with schemes such as http, https, ftp, sftp, git, magnet"", ""URLs with paths, query Strings, and fragments"", URLs with subdomain, URLs with trailing slashes",embedded in references,Hidden in annotation layers,GenURL
1510.04483,18.0,http://www-d0.fnal.gov/Run2Physics/WWW/results/prelim/TOP/T106/,References,"""URLs with schemes such as http, https, ftp, sftp, git, magnet"", ""URLs with paths, query Strings, and fragments"", URLs with subdomain, URLs with trailing slashes",embedded in references,,GenURL
1510.04483,16.0,https://cds.cern.ch/record/1454659,References,"""URLs with schemes such as http, https, ftp, sftp, git, magnet"", ""URLs with paths, query Strings, and fragments"", URLs with subdomain",embedded in references,Hidden in annotation layers,GenURL
1510.04483,16.0,https://cds.cern.ch/record/1454659,References,"""URLs with schemes such as http, https, ftp, sftp, git, magnet"", ""URLs with paths, query Strings, and fragments"", URLs with subdomain",embedded in references,,GenURL
1510.04483,17.0,https://cds.cern.ch/record/1478672,References,"""URLs with schemes such as http, https, ftp, sftp, git, magnet"", ""URLs with paths, query Strings, and fragments"", URLs with subdomain",embedded in references,Hidden in annotation layers,GenURL
1510.04483,17.0,https://cds.cern.ch/record/1478672,References,"""URLs with schemes such as http, https, ftp, sftp, git, magnet"", ""URLs with paths, query Strings, and fragments"", URLs with subdomain",embedded in references,,GenURL
1510.04483,17.0,https://cds.cern.ch/record/1600599,References,"""URLs with schemes such as http, https, ftp, sftp, git, magnet"", ""URLs with paths, query Strings, and fragments"", URLs with subdomain",embedded in references,Hidden in annotation layers,GenURL
1510.04483,17.0,https://cds.cern.ch/record/1600599,References,"""URLs with schemes such as http, https, ftp, sftp, git, magnet"", ""URLs with paths, query Strings, and fragments"", URLs with subdomain",embedded in references,,GenURL
1510.04483,17.0,https://cds.cern.ch/record/1601811,References,"""URLs with schemes such as http, https, ftp, sftp, git, magnet"", ""URLs with paths, query Strings, and fragments"", URLs with subdomain","embedded in references, split across lines",Hidden in annotation layers,GenURL
1510.04483,17.0,https://cds.cern.ch/record/1603490,References,"""URLs with schemes such as http, https, ftp, sftp, git, magnet"", ""URLs with paths, query Strings, and fragments"", URLs with subdomain",embedded in references,,GenURL
1510.04483,18.0,https://cds.cern.ch/record/1605627,References,"""URLs with schemes such as http, https, ftp, sftp, git, magnet"", ""URLs with paths, query Strings, and fragments"", URLs with subdomain",embedded in references,Hidden in annotation layers,GenURL
1510.04483,18.0,https://cds.cern.ch/record/1605627,References,"""URLs with schemes such as http, https, ftp, sftp, git, magnet"", ""URLs with paths, query Strings, and fragments"", URLs with subdomain",embedded in references,,GenURL
1510.04483,15.0,https://cds.cern.ch/record/1974419,References,"""URLs with schemes such as http, https, ftp, sftp, git, magnet"", ""URLs with paths, query Strings, and fragments""",embedded in references,Hidden in annotation layers,GenURL
1510.04483,15.0,https://cds.cern.ch/record/1974419,References,"""URLs with schemes such as http, https, ftp, sftp, git, magnet"", ""URLs with paths, query Strings, and fragments""",embedded in references,,GenURL
1510.05937,1.0,http://arxiv.org/abs/1510.05937v2,Title & Authors,"""URLs with schemes such as http, https, ftp, sftp, git, magnet"", ""URLs with paths, query Strings, and fragments""",,"Hidden in annotation layers, Hidden in metadata",GenURL
1510.05937,4.0,http://www.itl.nist.gov/iad/mig/tests/sre/2008/sre08 _evalplan_release4.pdf,References,"""URLs with schemes such as http, https, ftp, sftp, git, magnet"", URLs with subdomain, ""URLs with paths, query Strings, and fragments""",embedded in references,,GenURL
1510.05937,1.0,mailto:fzheng@tsinghua.edu.cn,Title & Authors,"""URLs with schemes such as http, https, ftp, sftp, git, magnet""",,Hidden in annotation layers,GenURL
1510.05937,1.0,mailto:wangdong99@mails.tsinghua.edu.cn,Title & Authors,"""URLs with schemes such as http, https, ftp, sftp, git, magnet""",,Hidden in annotation layers,GenURL
1510.06700,81.0,http://arxiv.org/abs/1312.6679,References,"""URLs with schemes such as http, https, ftp, sftp, git, magnet"", ""URLs with paths, query Strings, and fragments""","embedded in references, split across lines",,GenURL
1510.06700,81.0,http://arxiv.org/abs/1312.6679,References,"""URLs with schemes such as http, https, ftp, sftp, git, magnet"", ""URLs with paths, query Strings, and fragments""","embedded in references, split across lines",,GenURL
1510.06700,81.0,http://arxiv.org/abs/1403.6165,References,"""URLs with schemes such as http, https, ftp, sftp, git, magnet"", ""URLs with paths, query Strings, and fragments""","embedded in references, split across lines",,GenURL
1510.06700,12.0,https://github.com/konradws/SatConn,Introduction,"""URLs with schemes such as http, https, ftp, sftp, git, magnet"", ""URLs with paths, query Strings, and fragments""",,,Project
1510.07429,10.0,http://cern.ch/luscher/openQCD,References,"""URLs with paths, query Strings, and fragments"", ""URLs with schemes such as http, https, ftp, sftp, git, magnet""",embedded in references,,GenURL
1510.07429,1.0,http://pos.sissa.it/,Title & Authors,"""URLs with schemes such as http, https, ftp, sftp, git, magnet"", URLs with subdomain, URLs with trailing slashes",embedded in footnotes,,GenURL
1510.07429,1.0,mailto:vladimir.braun@ur.de,Title & Authors,"""URLs with schemes such as http, https, ftp, sftp, git, magnet""",embedded in captions,,GenURL
1510.07579,9.0,http://www.qm4d.info,References,"""URLs with schemes such as http, https, ftp, sftp, git, magnet""",embedded in references,,APS
1510.07579,1.0,mailto:kieron@uci.edu,Title & Authors,"""URLs with schemes such as http, https, ftp, sftp, git, magnet""",embedded in footnotes,Hidden in annotation layers,GenURL
1510.07579,1.0,mailto:weitao.yang@duke.edu,Header,"""URLs with schemes such as http, https, ftp, sftp, git, magnet""",embedded in footnotes,Hidden in annotation layers,GenURL
1510.07579,1.0,mailto:yy88@duke.edu,Title & Authors,"""URLs with schemes such as http, https, ftp, sftp, git, magnet""",embedded in footnotes,Hidden in annotation layers,GenURL
1510.08187,1.0,http://arxiv.org/abs/1510.08187v1,Title & Authors,"""URLs with schemes such as http, https, ftp, sftp, git, magnet"", ""URLs with paths, query Strings, and fragments""",,"Hidden in annotation layers, Hidden in metadata",GenURL
1510.08187,3.0,http://starlink.eao.hawaii.edu,Results and Discussion,"""URLs with schemes such as http, https, ftp, sftp, git, magnet"", URLs with subdomain",embedded in footnotes,,TPS
1510.08187,1.0,mailto:rlward@mcmaster.ca,Title & Authors,"""URLs with schemes such as http, https, ftp, sftp, git, magnet""",embedded in footnotes,,GenURL
1510.08628,10.0,http://ml.cs.tsinghua.edu.cn/~jianfei/warplda.html,Results and Discussion,"""URLs with schemes such as http, https, ftp, sftp, git, magnet"", URLs with subdomain, ""URLs with paths, query Strings, and fragments""",embedded in footnotes,,APD
1510.08628,8.0,http://www.lemurproject.org/clueweb12.php/,Methodology,"""URLs with schemes such as http, https, ftp, sftp, git, magnet"", ""URLs with paths, query Strings, and fragments"", URLs with trailing slashes",embedded in footnotes,,TPD
1510.08977,3.0,http://arxiv.org/abs/1108.1517,References,"""URLs with schemes such as http, https, ftp, sftp, git, magnet"", ""URLs with paths, query Strings, and fragments""",embedded in references,,GenURL
1510.08977,3.0,http://arxiv.org/abs/1502.06782,References,"""URLs with schemes such as http, https, ftp, sftp, git, magnet"", ""URLs with paths, query Strings, and fragments""",embedded in references,,GenURL
1510.08977,1.0,http://arxiv.org/abs/1510.08977v2,Title & Authors,"""URLs with schemes such as http, https, ftp, sftp, git, magnet"", ""URLs with paths, query Strings, and fragments""",,"Hidden in annotation layers, Hidden in metadata",GenURL
1510.08977,1.0,mailto:h.jeong37@gmail.com,Title & Authors,"""URLs with schemes such as http, https, ftp, sftp, git, magnet""",,Hidden in annotation layers,GenURL
astro-ph0001299,1.0,http://arxiv.org/abs/astro-ph/0001299v1,Title & Authors,"""URLs with schemes such as http, https, ftp, sftp, git, magnet"", ""URLs with paths, query Strings, and fragments""",,"Hidden in annotation layers, Hidden in metadata",GenURL
astro-ph0001299,7.0,http://arxiv.org/abs/astro-ph/9908016,References,"""URLs with schemes such as http, https, ftp, sftp, git, magnet"", ""URLs with paths, query Strings, and fragments""",embedded in references,Hidden in annotation layers,GenURL
astro-ph0001299,1.0,http://heasarc.gsfc.nasa.gov/W3Browse,Methodology,"""URLs with schemes such as http, https, ftp, sftp, git, magnet"", ""URLs with paths, query Strings, and fragments"", URLs with subdomain",embedded in footnotes,,TPD
astro-ph0001299,1.0,mailto:dps@astro.psu.edu,Title & Authors,"""URLs with schemes such as http, https, ftp, sftp, git, magnet""",,Hidden in annotation layers,GenURL
astro-ph0001460,1.0,http://arxiv.org/abs/astro-ph/0001460v1,Title & Authors,"""URLs with schemes such as http, https, ftp, sftp, git, magnet"", ""URLs with paths, query Strings, and fragments""",,"Hidden in annotation layers, Hidden in metadata",GenURL
astro-ph0001460,9.0,http://arxiv.org/abs/astro-ph/9708201,References,"""URLs with schemes such as http, https, ftp, sftp, git, magnet"", ""URLs with paths, query Strings, and fragments""",embedded in references,Hidden in annotation layers,GenURL
astro-ph0001460,10.0,http://arxiv.org/abs/astro-ph/9805224,References,"""URLs with schemes such as http, https, ftp, sftp, git, magnet"", ""URLs with paths, query Strings, and fragments""",embedded in references,Hidden in annotation layers,GenURL
astro-ph0001460,9.0,http://arxiv.org/abs/astro-ph/9808019,References,"""URLs with schemes such as http, https, ftp, sftp, git, magnet"", ""URLs with paths, query Strings, and fragments""",embedded in references,Hidden in annotation layers,GenURL
astro-ph0001460,9.0,http://arxiv.org/abs/astro-ph/9904087,References,"""URLs with schemes such as http, https, ftp, sftp, git, magnet"", ""URLs with paths, query Strings, and fragments""","embedded in references, split across lines",Hidden in annotation layers,GenURL
astro-ph0001460,8.0,http://arxiv.org/abs/astro-ph/9907124,References,"""URLs with schemes such as http, https, ftp, sftp, git, magnet"", ""URLs with paths, query Strings, and fragments""",embedded in references,Hidden in annotation layers,GenURL
astro-ph0001460,3.0,http://heasarc.gsfc.nasa.gov/xte_weather/,Related Works & Background,"""URLs with schemes such as http, https, ftp, sftp, git, magnet"", URLs with subdomain, ""URLs with paths, query Strings, and fragments"", URLs with trailing slashes",,,TPD
astro-ph0001460,3.0,http://space.mit.edu/XTE/ASM lc.html,Related Works & Background,"""URLs with schemes such as http, https, ftp, sftp, git, magnet"", URLs with subdomain, ""URLs with paths, query Strings, and fragments""",,,TPD
astro-ph0110206,1.0,http://arxiv.org/abs/astro-ph/0110206v1,Title & Authors,"""URLs with schemes such as http, https, ftp, sftp, git, magnet"", ""URLs with paths, query Strings, and fragments""",,"Hidden in annotation layers, Hidden in metadata",GenURL
astro-ph0110206,7.0,http://www.kusastro.kyoto-u.ac.jp/vsnet/,Results and Discussion,"""URLs with schemes such as http, https, ftp, sftp, git, magnet"", URLs with subdomain, ""URLs with paths, query Strings, and fragments"", URLs with trailing slashes",embedded in footnotes,,TPD
astro-ph0110206,8.0,https://www.kusastro.kyoto-u.ac.jp/vsnet/Mail/alert0/msg00306.html,References,"""URLs with schemes such as http, https, ftp, sftp, git, magnet"", ""URLs with paths, query Strings, and fragments"", URLs with subdomain","embedded in references, split across lines",,GenURL
astro-ph0110206,8.0,https://www.kusastro.kyoto-u.ac.jp/vsnet/Mail/alert0/msg00428.html,References,"""URLs with schemes such as http, https, ftp, sftp, git, magnet"", ""URLs with paths, query Strings, and fragments"", URLs with subdomain","embedded in references, split across lines",,GenURL
astro-ph0110206,1.0,mailto:hajime.baba@nao.ac.jp,Title & Authors,"""URLs with schemes such as http, https, ftp, sftp, git, magnet""",,Hidden in annotation layers,GenURL
astro-ph0110206,1.0,mailto:nogami@kwasan.kyoto-u.ac.jp,Title & Authors,"""URLs with schemes such as http, https, ftp, sftp, git, magnet""",,Hidden in annotation layers,GenURL
astro-ph0110206,1.0,mailto:tkato@kusastro.kyoto-u.ac.jp,Title & Authors,"""URLs with schemes such as http, https, ftp, sftp, git, magnet""",,Hidden in annotation layers,GenURL
astro-ph0202013,2.0,http://alpha2.cnrs-mrs.fr/adhoc/,References,"""URLs with schemes such as http, https, ftp, sftp, git, magnet"", URLs with subdomain, ""URLs with paths, query Strings, and fragments""",embedded in references,,GenURL
astro-ph0202013,1.0,http://arxiv.org/abs/astro-ph/0202013v1,Title & Authors,"""URLs with schemes such as http, https, ftp, sftp, git, magnet"", ""URLs with paths, query Strings, and fragments""",,"Hidden in annotation layers, Hidden in metadata",GenURL
astro-ph0202271,10.0,http://arxiv.org/abs/astro-ph/0002091,References,"""URLs with schemes such as http, https, ftp, sftp, git, magnet"", ""URLs with paths, query Strings, and fragments""","split across lines, embedded in references",Hidden in annotation layers,GenURL
astro-ph0202271,10.0,http://arxiv.org/abs/astro-ph/0104490,References,"""URLs with schemes such as http, https, ftp, sftp, git, magnet"", ""URLs with paths, query Strings, and fragments""",embedded in references,Hidden in annotation layers,GenURL
astro-ph0202271,10.0,http://arxiv.org/abs/astro-ph/0111078,References,"""URLs with schemes such as http, https, ftp, sftp, git, magnet"", ""URLs with paths, query Strings, and fragments""",embedded in references,Hidden in annotation layers,GenURL
astro-ph0202271,1.0,http://arxiv.org/abs/astro-ph/0202271v1,Title & Authors,"""URLs with schemes such as http, https, ftp, sftp, git, magnet"", ""URLs with paths, query Strings, and fragments""",,"Hidden in annotation layers, Hidden in metadata",GenURL
astro-ph0202271,10.0,http://arxiv.org/abs/astro-ph/9602009,References,"""URLs with schemes such as http, https, ftp, sftp, git, magnet"", ""URLs with paths, query Strings, and fragments""","split across lines, embedded in references",Hidden in annotation layers,GenURL
astro-ph0202271,10.0,http://arxiv.org/abs/astro-ph/9812350,References,"""URLs with schemes such as http, https, ftp, sftp, git, magnet"", ""URLs with paths, query Strings, and fragments""","split across lines, embedded in references",Hidden in annotation layers,GenURL
astro-ph0202271,9.0,http://arxiv.org/abs/astro-ph/9906369,References,"""URLs with schemes such as http, https, ftp, sftp, git, magnet"", ""URLs with paths, query Strings, and fragments""","split across lines, embedded in references",Hidden in annotation layers,GenURL
astro-ph0202271,2.0,http://astro.estec.esa.nl/SA-general/Projects/Planck/,Introduction,"""URLs with schemes such as http, https, ftp, sftp, git, magnet"", URLs with subdomain, ""URLs with paths, query Strings, and fragments"", URLs with trailing slashes",embedded in footnotes,,GenURL
astro-ph0202271,1.0,http://map.gsfc.nasa.gov/,Introduction,"""URLs with schemes such as http, https, ftp, sftp, git, magnet"", URLs with subdomain, URLs with trailing slashes",embedded in footnotes,,GenURL
astro-ph0202271,1.0,mailto:maino@ts.astro.it,Title & Authors,"""URLs with schemes such as http, https, ftp, sftp, git, magnet""",embedded in footnotes,,GenURL
astro-ph0202307,1.0,http://arxiv.org/abs/astro-ph/0202307v1,Title & Authors,"""URLs with schemes such as http, https, ftp, sftp, git, magnet"", ""URLs with paths, query Strings, and fragments""",,"Hidden in annotation layers, Hidden in metadata",GenURL
astro-ph0202307,3.0,http://www-obs.univ-lyon1.fr/hypercat/,Results and Discussion,"""URLs with schemes such as http, https, ftp, sftp, git, magnet"", ""URLs with paths, query Strings, and fragments"", URLs with trailing slashes",embedded in footnotes,,TPD
astro-ph0202307,1.0,mailto:Graham@astro.ufl.edu,Title & Authors,"""URLs with schemes such as http, https, ftp, sftp, git, magnet""",embedded in footnotes,Hidden in annotation layers,GenURL
astro-ph0202373,4.0,http://arxiv.org/abs/astro-ph/0201412,References,"""URLs with schemes such as http, https, ftp, sftp, git, magnet"", ""URLs with paths, query Strings, and fragments""",embedded in references,Hidden in annotation layers,GenURL
astro-ph0202373,1.0,http://arxiv.org/abs/astro-ph/0202373v1,Title & Authors,"""URLs with schemes such as http, https, ftp, sftp, git, magnet"", ""URLs with paths, query Strings, and fragments""",,"Hidden in annotation layers, Hidden in metadata",GenURL
astro-ph0202373,4.0,http://cxc.harvard.edu/cal/Links/Acis/acis/Calprods/vfbkgrnd/index.html,References,"""URLs with schemes such as http, https, ftp, sftp, git, magnet"", URLs with subdomain, ""URLs with paths, query Strings, and fragments""",embedded in references,,GenURL
astro-ph0202416,13.0,http://arxiv.org/abs/astro-ph/0108114,References,"""URLs with schemes such as http, https, ftp, sftp, git, magnet"", ""URLs with paths, query Strings, and fragments""",embedded in references,Hidden in annotation layers,GenURL
astro-ph0202416,13.0,http://arxiv.org/abs/astro-ph/0108523,References,"""URLs with schemes such as http, https, ftp, sftp, git, magnet"", ""URLs with paths, query Strings, and fragments""",embedded in references,Hidden in annotation layers,GenURL
astro-ph0202416,13.0,http://arxiv.org/abs/astro-ph/0109336,References,"""URLs with schemes such as http, https, ftp, sftp, git, magnet"", ""URLs with paths, query Strings, and fragments""",embedded in references,Hidden in annotation layers,GenURL
astro-ph0202416,13.0,http://arxiv.org/abs/astro-ph/0112385,References,"""URLs with schemes such as http, https, ftp, sftp, git, magnet"", ""URLs with paths, query Strings, and fragments""","split across lines, embedded in references",Hidden in annotation layers,GenURL
astro-ph0202416,1.0,http://arxiv.org/abs/astro-ph/0202416v1,Title & Authors,"""URLs with schemes such as http, https, ftp, sftp, git, magnet"", URLs with escape characters",,"Hidden in annotation layers, Hidden in metadata",GenURL
astro-ph0202416,3.0,http://asc.harvard.edu/ciao/,Results and Discussion,"""URLs with schemes such as http, https, ftp, sftp, git, magnet"", URLs with subdomain, ""URLs with paths, query Strings, and fragments"", URLs with trailing slashes",embedded in footnotes,,TPS
astro-ph0202416,3.0,http://hea-www.harvard.edu/RD/index.html,Results and Discussion,"""URLs with schemes such as http, https, ftp, sftp, git, magnet"", ""URLs with paths, query Strings, and fragments""",embedded in footnotes,,TPS
astro-ph0202416,1.0,mailto:ginevra@brera.mi.astro.it,Title & Authors,"""URLs with schemes such as http, https, ftp, sftp, git, magnet""",embedded in footnotes,Hidden in annotation layers,GenURL
astro-ph0202438,6.0,http://arxiv.org/abs/astro-ph/0102066,References,"""URLs with schemes such as http, https, ftp, sftp, git, magnet"", ""URLs with paths, query Strings, and fragments""",embedded in references,Hidden in annotation layers,GenURL
astro-ph0202438,6.0,http://arxiv.org/abs/astro-ph/0105420,References,"""URLs with schemes such as http, https, ftp, sftp, git, magnet"", ""URLs with paths, query Strings, and fragments""",embedded in references,Hidden in annotation layers,GenURL
astro-ph0202438,6.0,http://arxiv.org/abs/astro-ph/0110111,References,"""URLs with schemes such as http, https, ftp, sftp, git, magnet"", ""URLs with paths, query Strings, and fragments""",embedded in references,Hidden in annotation layers,GenURL
astro-ph0202438,1.0,http://arxiv.org/abs/astro-ph/0202438v1,Title & Authors,"""URLs with schemes such as http, https, ftp, sftp, git, magnet"", ""URLs with paths, query Strings, and fragments""",,"Hidden in annotation layers, Hidden in metadata",GenURL
astro-ph0202438,4.0,http://www.kusastro.kyoto-u.ac.jp/vsnet/Xray/xtej1118-camp.html,Methodology,"""URLs with schemes such as http, https, ftp, sftp, git, magnet"", URLs with subdomain, ""URLs with paths, query Strings, and fragments""","embedded in footnotes, split across lines",,GenURL
astro-ph0202463,1.0,http://arxiv.org/abs/astro-ph/0202463v1,Title & Authors,"""URLs with schemes such as http, https, ftp, sftp, git, magnet"", ""URLs with paths, query Strings, and fragments""",,"Hidden in annotation layers, Hidden in metadata",GenURL
astro-ph0202463,5.0,http://ipac.caltech.edu/IRSA/,Results and Discussion,"""URLs with schemes such as http, https, ftp, sftp, git, magnet"", URLs with subdomain, ""URLs with paths, query Strings, and fragments"", URLs with trailing slashes",,,APD
astro-ph0202463,6.0,http://sirtf.caltech.edu/SSC/A_GenInfo/SSC_A1_legacy.html,References,"""URLs with schemes such as http, https, ftp, sftp, git, magnet"", ""URLs with paths, query Strings, and fragments"", URLs with subdomain",embedded in references,,APS
astro-ph0202463,4.0,http://www.eso.org/observing/visas/lpsummary/168.A-0322.html,Results and Discussion,"""URLs with schemes such as http, https, ftp, sftp, git, magnet"", ""URLs with paths, query Strings, and fragments""",,,GenURL
astro-ph0202463,6.0,http://www.ipac.caltech.edu/SWIRE/swire_v2.html,References,"""URLs with schemes such as http, https, ftp, sftp, git, magnet"", ""URLs with paths, query Strings, and fragments"", URLs with subdomain",embedded in references,,APS
astro-ph0305109,11.0,http://arxiv.org/abs/astro-ph/0304227,References,"""URLs with schemes such as http, https, ftp, sftp, git, magnet"", ""URLs with paths, query Strings, and fragments""",embedded in references,Hidden in annotation layers,GenURL
astro-ph0305109,10.0,http://arxiv.org/abs/astro-ph/0304467,References,"""URLs with schemes such as http, https, ftp, sftp, git, magnet"", ""URLs with paths, query Strings, and fragments""",embedded in references,Hidden in annotation layers,TPS
astro-ph0305109,1.0,http://arxiv.org/abs/astro-ph/0305109v1,Title & Authors,"""URLs with schemes such as http, https, ftp, sftp, git, magnet"", ""URLs with paths, query Strings, and fragments""",,"Hidden in annotation layers, Hidden in metadata",GenURL
astro-ph0305109,11.0,http://hdf.ncsa.uiuc.edu/,References,"""URLs with schemes such as http, https, ftp, sftp, git, magnet"", URLs with subdomain, URLs with trailing slashes",embedded in references,,TPS
astro-ph0305109,11.0,http://oscar.sourceforge.net,References,"""URLs with schemes such as http, https, ftp, sftp, git, magnet"", URLs with subdomain",embedded in references,,TPS
astro-ph0305109,11.0,http://www.cita.utoronto.ca/~dubinski/sc2003,References,"""URLs with schemes such as http, https, ftp, sftp, git, magnet"", ""URLs with paths, query Strings, and fragments"", URLs with subdomain",embedded in references,,GenURL
astro-ph0305109,10.0,http://www.cs.utexas.edu/users/flame/goto/,References,"""URLs with schemes such as http, https, ftp, sftp, git, magnet"", URLs with subdomain, ""URLs with paths, query Strings, and fragments"", URLs with trailing slashes",embedded in references,,TPS
astro-ph0305109,11.0,http://www.fftw.org,References,"""URLs with schemes such as http, https, ftp, sftp, git, magnet""",embedded in references,,TPS
astro-ph0305109,11.0,http://www.mynix.com,References,"""URLs with schemes such as http, https, ftp, sftp, git, magnet""",embedded in references,,GenURL
astro-ph0305109,11.0,http://www.top500.org,References,"""URLs with schemes such as http, https, ftp, sftp, git, magnet""",embedded in references,,TPD
astro-ph0305109,1.0,mailto:cloken@cita.utoronto.ca,Title & Authors,"""URLs with schemes such as http, https, ftp, sftp, git, magnet""",,Hidden in annotation layers,GenURL
astro-ph0305109,1.0,mailto:dubinski@astro.utoronto.ca,Title & Authors,"""URLs with schemes such as http, https, ftp, sftp, git, magnet""",,Hidden in annotation layers,GenURL
astro-ph0305109,1.0,mailto:pen@cita.utoronto.ca,Title & Authors,"""URLs with schemes such as http, https, ftp, sftp, git, magnet""",,Hidden in annotation layers,GenURL
astro-ph0305109,1.0,mailto:pgmartin@cita.utoronto.ca,Title & Authors,"""URLs with schemes such as http, https, ftp, sftp, git, magnet""",,Hidden in annotation layers,GenURL
astro-ph0305109,1.0,mailto:rjh@cita.utoronto.ca,Title & Authors,"""URLs with schemes such as http, https, ftp, sftp, git, magnet""",,Hidden in annotation layers,GenURL
astro-ph0305250,1.0,http://arxiv.org/abs/astro-ph/0305250v1,Title & Authors,"""URLs with schemes such as http, https, ftp, sftp, git, magnet"", ""URLs with paths, query Strings, and fragments""",,"Hidden in annotation layers, Hidden in metadata",GenURL
astro-ph0305250,139.0,http://pollux.ft.uam.es/gustavo/VIDEOS/LCDM80/clustervideo.html,Results and Discussion,"""URLs with schemes such as http, https, ftp, sftp, git, magnet"", ""URLs with paths, query Strings, and fragments"", URLs with subdomain",embedded in footnotes,,GenURL
astro-ph0305250,144.0,http://pollux.ft.uam.es/gustavo/VIDEOS/LCDM80/clustervideo.html,Results and Discussion,"""URLs with schemes such as http, https, ftp, sftp, git, magnet"", ""URLs with paths, query Strings, and fragments"", URLs with subdomain",embedded in footnotes,,GenURL
astro-ph0305250,51.0,http://star-www.dur.ac.uk/∼csf/clusdata/,Results and Discussion,"""URLs with schemes such as http, https, ftp, sftp, git, magnet"", URLs with subdomain, ""URLs with paths, query Strings, and fragments"", URLs with trailing slashes",,,TPD
astro-ph0305250,221.0,http://www.mpa-garching.mpg.de/volker/paper_sfr/,References,"""URLs with schemes such as http, https, ftp, sftp, git, magnet"", URLs with subdomain, ""URLs with paths, query Strings, and fragments"", URLs with trailing slashes",embedded in references,,GenURL
astro-ph0305250,221.0,http://www.mpa-garching.mpg.de/volker/paper_sfr/,References,"""URLs with schemes such as http, https, ftp, sftp, git, magnet"", ""URLs with paths, query Strings, and fragments"", URLs with trailing slashes",embedded in references,,GenURL
astro-ph0305250,37.0,http://www.mpa-garching.mpg.de/gadget/,Results and Discussion,"""URLs with schemes such as http, https, ftp, sftp, git, magnet"", ""URLs with paths, query Strings, and fragments"", URLs with subdomain, URLs with trailing slashes",,,TPS
astro-ph0305497,1.0,http://arxiv.org/abs/astro-ph/0305497v1,Title & Authors,"""URLs with paths, query Strings, and fragments"", ""URLs with schemes such as http, https, ftp, sftp, git, magnet""",,"Hidden in annotation layers, Hidden in metadata",GenURL
astro-ph0305497,2.0,http://heasarc.gsfc.nasa.gov/docs/xanadu/xspec/index.html,Results and Discussion,"""URLs with schemes such as http, https, ftp, sftp, git, magnet"", URLs with subdomain, ""URLs with paths, query Strings, and fragments""",embedded in footnotes,,TPS
astro-ph0305497,1.0,mailto:2umgonza4@cc.umanitoba.ca,Title & Authors,"""URLs with schemes such as http, https, ftp, sftp, git, magnet""",,Hidden in annotation layers,GenURL
astro-ph0305497,1.0,mailto:safiharb@cc.umanitoba.ca,Title & Authors,"""URLs with schemes such as http, https, ftp, sftp, git, magnet""",,Hidden in annotation layers,GenURL
astro-ph0404092,11.0,http://arxiv.org/abs/astro-ph/0401536,References,"""URLs with schemes such as http, https, ftp, sftp, git, magnet"", ""URLs with paths, query Strings, and fragments""",embedded in references,Hidden in annotation layers,GenURL
astro-ph0404092,11.0,http://arxiv.org/abs/astro-ph/0401598,References,"""URLs with schemes such as http, https, ftp, sftp, git, magnet"", ""URLs with paths, query Strings, and fragments""",embedded in references,Hidden in annotation layers,GenURL
astro-ph0404092,1.0,http://arxiv.org/abs/astro-ph/0404092v1,Title & Authors,"""URLs with schemes such as http, https, ftp, sftp, git, magnet"", ""URLs with paths, query Strings, and fragments""",,"Hidden in annotation layers, Hidden in metadata",GenURL
astro-ph0404092,12.0,http://www.astron.nl/wsrt/WSRTobs/PuManual.pdf,Related Works & Background,"""URLs with schemes such as http, https, ftp, sftp, git, magnet"", ""URLs with paths, query Strings, and fragments"", URLs with subdomain",embedded in footnotes,,GenURL
astro-ph0404092,12.0,http://www.mpifr-bonn.mpg.de/div/pulsar/data/,Related Works & Background,"""URLs with schemes such as http, https, ftp, sftp, git, magnet"", ""URLs with paths, query Strings, and fragments"", URLs with subdomain, URLs with trailing slashes",embedded in footnotes,,TPD
astro-ph0404092,1.0,mailto:redwards@science.uva.nl,Title & Authors,"""URLs with schemes such as http, https, ftp, sftp, git, magnet""",embedded in footnotes,Hidden in annotation layers,GenURL
astro-ph0509152,1.0,http://arxiv.org/abs/astro-ph/0509152v1,Title & Authors,"""URLs with schemes such as http, https, ftp, sftp, git, magnet"", ""URLs with paths, query Strings, and fragments""",,"Hidden in annotation layers, Hidden in metadata",GenURL
astro-ph0509152,2.0,http://obswww.unige.ch/webda/,Results and Discussion,"""URLs with schemes such as http, https, ftp, sftp, git, magnet"", ""URLs with paths, query Strings, and fragments"", URLs with subdomain",,,TPD
astro-ph0509152,4.0,https://www.unige.ch/webda/,Results and Discussion,"""URLs with schemes such as http, https, ftp, sftp, git, magnet"", ""URLs with paths, query Strings, and fragments"", URLs with subdomain, URLs with trailing slashes",embedded in captions,,TPD
astro-ph0509431,1.0,http://arxiv.org/abs/astro-ph/0509431v1,Title & Authors,"""URLs with schemes such as http, https, ftp, sftp, git, magnet"", ""URLs with paths, query Strings, and fragments""",,"Hidden in annotation layers, Hidden in metadata",GenURL
astro-ph0509431,2.0,http://www.eia.doe.gov/oiaf/ieo/,References,"""URLs with schemes such as http, https, ftp, sftp, git, magnet"", URLs with subdomain, ""URLs with paths, query Strings, and fragments"", URLs with trailing slashes",embedded in references,,GenURL
astro-ph0509431,2.0,http://www.worldsteel.org/wsif.php,References,"""URLs with schemes such as http, https, ftp, sftp, git, magnet"", ""URLs with paths, query Strings, and fragments""",embedded in references,,GenURL
astro-ph9901022,5.0,http://arxiv.org/abs/astro--ph/9809401,References,"""URLs with schemes such as http, https, ftp, sftp, git, magnet"", ""URLs with paths, query Strings, and fragments""",,Hidden in annotation layers,GenURL
astro-ph9901022,5.0,http://arxiv.org/abs/astro--ph/9809404,References,"""URLs with schemes such as http, https, ftp, sftp, git, magnet"", ""URLs with paths, query Strings, and fragments""",,Hidden in annotation layers,GenURL
astro-ph9901022,5.0,http://arxiv.org/abs/astro--ph/9812246,References,"""URLs with schemes such as http, https, ftp, sftp, git, magnet"", ""URLs with paths, query Strings, and fragments""",,Hidden in annotation layers,GenURL
astro-ph9901022,1.0,http://arxiv.org/abs/astro-ph/9901022v3,Title & Authors,"""URLs with schemes such as http, https, ftp, sftp, git, magnet"", ""URLs with paths, query Strings, and fragments""",,"Hidden in annotation layers, Hidden in metadata",GenURL
astro-ph9901022,1.0,http://www.stsci.edu/ftp/observing/hdf/hdfsouth/hdfs.html,Introduction,"""URLs with schemes such as http, https, ftp, sftp, git, magnet"", ""URLs with paths, query Strings, and fragments"", URLs with subdomain",embedded in footnotes,,GenURL
astro-ph9901154,1.0,http://arxiv.org/abs/astro-ph/9901154v1,Title & Authors,"""URLs with schemes such as http, https, ftp, sftp, git, magnet"", ""URLs with paths, query Strings, and fragments""",,"Hidden in annotation layers, Hidden in metadata",GenURL
astro-ph9901154,1.0,http://constellation.gsfc.nasa.gov,Title & Authors,"""URLs with schemes such as http, https, ftp, sftp, git, magnet"", URLs with subdomain",,,GenURL
cond-mat0001432,1.0,http://arxiv.org/abs/cond-mat/0001432,Title & Authors,"""URLs with schemes such as http, https, ftp, sftp, git, magnet"", ""URLs with paths, query Strings, and fragments""",,Hidden in annotation layers,GenURL
cond-mat0001432,1.0,http://arxiv.org/abs/cond-mat/0001432v4,Title & Authors,"""URLs with schemes such as http, https, ftp, sftp, git, magnet"", ""URLs with paths, query Strings, and fragments""",,"Hidden in annotation layers, Hidden in metadata",GenURL
cond-mat0001432,7.0,http://arxiv.org/abs/cond-mat/0002374,References,"""URLs with schemes such as http, https, ftp, sftp, git, magnet"", ""URLs with paths, query Strings, and fragments""",embedded in references,Hidden in annotation layers,GenURL
cond-mat0001432,7.0,http://arxiv.org/abs/cond-mat/0004256,References,"""URLs with schemes such as http, https, ftp, sftp, git, magnet"", ""URLs with paths, query Strings, and fragments""","split across lines, embedded in references",Hidden in annotation layers,GenURL
cond-mat0001432,7.0,http://www2.physics.umd.edu/~yakovenk,References,"""URLs with schemes such as http, https, ftp, sftp, git, magnet"", URLs with subdomain, ""URLs with paths, query Strings, and fragments""",embedded in references,,GenURL
cond-mat0110095,1.0,http://arxiv.org/abs/cond-mat/0110095v1,Title & Authors,"""URLs with schemes such as http, https, ftp, sftp, git, magnet"", ""URLs with paths, query Strings, and fragments""",,"Hidden in annotation layers, Hidden in metadata",GenURL
cond-mat0110095,4.0,http://www.itp.uni-hannover.de/~kolezhuk,References,"""URLs with schemes such as http, https, ftp, sftp, git, magnet"", ""URLs with paths, query Strings, and fragments"", URLs with subdomain",embedded in references,,GenURL
cond-mat0305091,1.0,http://arxiv.org/abs/cond-mat/0305091v1,Title & Authors,"""URLs with schemes such as http, https, ftp, sftp, git, magnet"", ""URLs with paths, query Strings, and fragments""",,"Hidden in annotation layers, Hidden in metadata",GenURL
cond-mat0305091,4.0,http://tsallis.cat.cbpf.br/biblio.htm,References,"""URLs with schemes such as http, https, ftp, sftp, git, magnet"", URLs with subdomain, ""URLs with paths, query Strings, and fragments""",embedded in references,,GenURL
cond-mat0305091,1.0,mailto:baldovin@cbpf.br,Title & Authors,"""URLs with schemes such as http, https, ftp, sftp, git, magnet""",embedded in footnotes,Hidden in annotation layers,GenURL
cond-mat0305091,1.0,mailto:moyano@cbpf.br,Title & Authors,"""URLs with schemes such as http, https, ftp, sftp, git, magnet""",embedded in footnotes,Hidden in annotation layers,GenURL
cond-mat0305091,1.0,mailto:tsallis@cbpf.br,Title & Authors,"""URLs with schemes such as http, https, ftp, sftp, git, magnet""",embedded in footnotes,Hidden in annotation layers,GenURL
cond-mat0404117,1.0,http://arxiv.org/abs/cond-mat/0404117v1,Title & Authors,"""URLs with schemes such as http, https, ftp, sftp, git, magnet"", ""URLs with paths, query Strings, and fragments""",,"Hidden in annotation layers, Hidden in metadata",GenURL
cond-mat0404117,7.0,http://arxiv.org/ps/cond-mat/0404117v1,References,"""URLs with schemes such as http, https, ftp, sftp, git, magnet"", ""URLs with paths, query Strings, and fragments""",,,GenURL
cond-mat0404117,8.0,http://arxiv.org/ps/cond-mat/0404117v1,References,"""URLs with schemes such as http, https, ftp, sftp, git, magnet"", ""URLs with paths, query Strings, and fragments""",,,GenURL
cond-mat0404117,9.0,http://arxiv.org/ps/cond-mat/0404117v1,References,"""URLs with schemes such as http, https, ftp, sftp, git, magnet"", ""URLs with paths, query Strings, and fragments""",,,GenURL
cond-mat0404117,10.0,http://arxiv.org/ps/cond-mat/0404117v1,References,"""URLs with schemes such as http, https, ftp, sftp, git, magnet"", ""URLs with paths, query Strings, and fragments""",,,GenURL
cond-mat0404117,11.0,http://arxiv.org/ps/cond-mat/0404117v1,References,"""URLs with schemes such as http, https, ftp, sftp, git, magnet"", ""URLs with paths, query Strings, and fragments""",,,GenURL
cond-mat0404117,12.0,http://arxiv.org/ps/cond-mat/0404117v1,References,"""URLs with schemes such as http, https, ftp, sftp, git, magnet"", ""URLs with paths, query Strings, and fragments""",,,GenURL
cond-mat0404117,13.0,http://arxiv.org/ps/cond-mat/0404117v1,References,"""URLs with schemes such as http, https, ftp, sftp, git, magnet"", ""URLs with paths, query Strings, and fragments""",,,GenURL
cond-mat0604079,10.0,http://arxiv.org/abs/cond-mat/0411219,References,"""URLs with schemes such as http, https, ftp, sftp, git, magnet"", ""URLs with paths, query Strings, and fragments""",embedded in references,Hidden in annotation layers,GenURL
cond-mat0604079,11.0,http://arxiv.org/abs/cond-mat/0604079,References,"""URLs with schemes such as http, https, ftp, sftp, git, magnet"", ""URLs with paths, query Strings, and fragments""",embedded in references,Hidden in annotation layers,GenURL
cond-mat0604079,1.0,http://arxiv.org/abs/cond-mat/0604079v2,Title & Authors,"""URLs with schemes such as http, https, ftp, sftp, git, magnet"", ""URLs with paths, query Strings, and fragments""",,"Hidden in annotation layers, Hidden in metadata",GenURL
cond-mat0604079,1.0,http://www.unex.es/eweb/fisteor/andres/,Introduction,"""URLs with schemes such as http, https, ftp, sftp, git, magnet"", URLs with subdomain, ""URLs with paths, query Strings, and fragments"", URLs with trailing slashes",embedded in footnotes,,GenURL
cond-mat0604079,1.0,http://www.unex.es/eweb/fisteor/vicente/,Introduction,"""URLs with schemes such as http, https, ftp, sftp, git, magnet"", ""URLs with paths, query Strings, and fragments"", URLs with subdomain, URLs with trailing slashes",embedded in footnotes,,GenURL
cond-mat0604079,1.0,mailto:andres@unex.es,Introduction,"""URLs with schemes such as http, https, ftp, sftp, git, magnet""",embedded in footnotes,,GenURL
cond-mat0604079,1.0,mailto:jmm@unex.es,Introduction,"""URLs with schemes such as http, https, ftp, sftp, git, magnet""",embedded in footnotes,,GenURL
cond-mat0604079,1.0,mailto:vicenteg@unex.es,Introduction,"""URLs with schemes such as http, https, ftp, sftp, git, magnet""",embedded in footnotes,,GenURL
cond-mat0604252,11.0, http://theory.caltech.edu/people/preskill/ph229/,References,"""URLs with schemes such as http, https, ftp, sftp, git, magnet"", ""URLs with paths, query Strings, and fragments"", URLs with subdomain, URLs with trailing slashes",embedded in references,,GenURL
cond-mat0604252,1.0,http://arxiv.org/abs/cond-mat/0604252v1,Title & Authors,"""URLs with schemes such as http, https, ftp, sftp, git, magnet"", ""URLs with paths, query Strings, and fragments""",embedded in references,"Hidden in annotation layers, Hidden in metadata",GenURL
hep-ex0305058,1.0,http://arxiv.org/abs/hep-ex/0305058v1,Title & Authors,"""URLs with schemes such as http, https, ftp, sftp, git, magnet"", ""URLs with paths, query Strings, and fragments""",,,GenURL
hep-ph0110220,1.0,http://arxiv.org/abs/hep-ph/0110220v1,Title & Authors,"""URLs with schemes such as http, https, ftp, sftp, git, magnet"", ""URLs with paths, query Strings, and fragments""",,"Hidden in annotation layers, Hidden in metadata",GenURL
hep-ph0110220,144.0,http://www.bnl.gov/RHIC/,References,"""URLs with schemes such as http, https, ftp, sftp, git, magnet"", URLs with subdomain, ""URLs with paths, query Strings, and fragments"", URLs with trailing slashes",embedded in references,,APD
hep-ph0110220,143.0,http://www.cern.ch/CERN/Announcements/2000/NewStateMatter,References,"""URLs with schemes such as http, https, ftp, sftp, git, magnet"", URLs with subdomain, ""URLs with paths, query Strings, and fragments""",embedded in references,,GenURL
hep-ph0110228,1.0,http://arxiv.org/abs/hep-ph/0110228v1,Title & Authors,"""URLs with schemes such as http, https, ftp, sftp, git, magnet"", ""URLs with paths, query Strings, and fragments""",,"Hidden in annotation layers, Hidden in metadata",GenURL
hep-ph0110228,,mailto:Malgorzata.Worek@phys.us.edu.pl,Title & Authors,"""URLs with schemes such as http, https, ftp, sftp, git, magnet""",,Hidden in annotation layers,GenURL
hep-ph0110228,,www.home.cern.ch/∼wasm,References,"""URLs with paths, query Strings, and fragments"", URLs without scheme, URLs with subdomain",embedded in references,,APS
hep-ph9305288,1.0,http://arxiv.org/abs/hep-ph/9305288v1,References,"""URLs with schemes such as http, https, ftp, sftp, git, magnet"", ""URLs with paths, query Strings, and fragments""",,"Hidden in annotation layers, Hidden in metadata",GenURL
hep-ph9305288,5.0,http://arxiv.org/ps/hep-ph/9305288v1,References,"""URLs with schemes such as http, https, ftp, sftp, git, magnet"", ""URLs with paths, query Strings, and fragments""",,,GenURL
hep-ph9305288,6.0,http://arxiv.org/ps/hep-ph/9305288v1,References,"""URLs with schemes such as http, https, ftp, sftp, git, magnet"", ""URLs with paths, query Strings, and fragments""",,,GenURL
hep-ph9305288,7.0,http://arxiv.org/ps/hep-ph/9305288v1,References,"""URLs with schemes such as http, https, ftp, sftp, git, magnet"", ""URLs with paths, query Strings, and fragments""",,,GenURL
hep-ph9305288,8.0,http://arxiv.org/ps/hep-ph/9305288v1,References,"""URLs with schemes such as http, https, ftp, sftp, git, magnet"", ""URLs with paths, query Strings, and fragments""",,,GenURL
hep-th0509024,1.0,http://arxiv.org/abs/hep-th/0509024v1,Title & Authors,"""URLs with schemes such as http, https, ftp, sftp, git, magnet"", ""URLs with paths, query Strings, and fragments""",,"Hidden in annotation layers, Hidden in metadata",GenURL
hep-th0509024,120.0,http://www-spht.cea.fr/articles/t01/014/publi.ps.gz,References,"""URLs with schemes such as http, https, ftp, sftp, git, magnet"", URLs with subdomain, ""URLs with paths, query Strings, and fragments""",embedded in references,,GenURL
hep-th0509024,118.0,http://www.phys.uu.nl/∼thooft.,References,"""URLs with schemes such as http, https, ftp, sftp, git, magnet"", ""URLs with paths, query Strings, and fragments"", URLs with subdomain",embedded in references,,GenURL
hep-th0604177,4.0,http://arxiv.org/abs/astro-ph/0512487,References,"""URLs with schemes such as http, https, ftp, sftp, git, magnet"", ""URLs with paths, query Strings, and fragments""",embedded in references,Hidden in annotation layers,GenURL
hep-th0604177,4.0,http://arxiv.org/abs/hep-ph/9206216,References,"""URLs with schemes such as http, https, ftp, sftp, git, magnet"", ""URLs with paths, query Strings, and fragments""",embedded in references,Hidden in annotation layers,GenURL
hep-th0604177,4.0,http://arxiv.org/abs/hep-ph/9304214,References,"""URLs with schemes such as http, https, ftp, sftp, git, magnet"", ""URLs with paths, query Strings, and fragments""",embedded in references,Hidden in annotation layers,GenURL
hep-th0604177,4.0,http://arxiv.org/abs/hep-ph/9612350,References,"""URLs with schemes such as http, https, ftp, sftp, git, magnet"", ""URLs with paths, query Strings, and fragments""",embedded in references,Hidden in annotation layers,GenURL
hep-th0604177,4.0,http://arxiv.org/abs/hep-ph/9802306,References,"""URLs with schemes such as http, https, ftp, sftp, git, magnet"", ""URLs with paths, query Strings, and fragments""",embedded in references,Hidden in annotation layers,GenURL
hep-th0604177,4.0,http://arxiv.org/abs/hep-ph/9904229,References,"""URLs with schemes such as http, https, ftp, sftp, git, magnet"", ""URLs with paths, query Strings, and fragments""",embedded in references,Hidden in annotation layers,GenURL
hep-th0604177,4.0,http://arxiv.org/abs/hep-th/0402032,References,"""URLs with schemes such as http, https, ftp, sftp, git, magnet"", ""URLs with paths, query Strings, and fragments""",embedded in references,Hidden in annotation layers,GenURL
hep-th0604177,4.0,http://arxiv.org/abs/hep-th/0405229,References,"""URLs with schemes such as http, https, ftp, sftp, git, magnet"", ""URLs with paths, query Strings, and fragments""",embedded in references,Hidden in annotation layers,GenURL
hep-th0604177,4.0,http://arxiv.org/abs/hep-th/0405247,References,"""URLs with schemes such as http, https, ftp, sftp, git, magnet"", ""URLs with paths, query Strings, and fragments""",embedded in references,Hidden in annotation layers,GenURL
hep-th0604177,4.0,http://arxiv.org/abs/hep-th/0505172,References,"""URLs with schemes such as http, https, ftp, sftp, git, magnet"", ""URLs with paths, query Strings, and fragments""",embedded in references,Hidden in annotation layers,GenURL
hep-th0604177,4.0,http://arxiv.org/abs/hep-th/0506022,References,"""URLs with schemes such as http, https, ftp, sftp, git, magnet"", ""URLs with paths, query Strings, and fragments""",embedded in references,Hidden in annotation layers,GenURL
hep-th0604177,4.0,http://arxiv.org/abs/hep-th/0507246,References,"""URLs with schemes such as http, https, ftp, sftp, git, magnet"", ""URLs with paths, query Strings, and fragments""",embedded in references,Hidden in annotation layers,GenURL
hep-th0604177,4.0,http://arxiv.org/abs/hep-th/0602175,References,"""URLs with schemes such as http, https, ftp, sftp, git, magnet"", ""URLs with paths, query Strings, and fragments""",embedded in references,Hidden in annotation layers,GenURL
hep-th0604177,4.0,http://arxiv.org/abs/hep-th/0603134,References,"""URLs with schemes such as http, https, ftp, sftp, git, magnet"", ""URLs with paths, query Strings, and fragments""",embedded in references,Hidden in annotation layers,GenURL
hep-th0604177,1.0,http://arxiv.org/abs/hep-th/0604177v2,Title & Authors,"""URLs with schemes such as http, https, ftp, sftp, git, magnet"", ""URLs with paths, query Strings, and fragments""",,"Hidden in annotation layers, Hidden in metadata",GenURL
hep-th0604177,4.0,http://arxiv.org/abs/hep-th/9203023,References,"""URLs with schemes such as http, https, ftp, sftp, git, magnet"", ""URLs with paths, query Strings, and fragments""",embedded in references,Hidden in annotation layers,GenURL
hep-th0604177,4.0,http://arxiv.org/abs/hep-th/9306120,References,"""URLs with schemes such as http, https, ftp, sftp, git, magnet"", ""URLs with paths, query Strings, and fragments""",embedded in references,Hidden in annotation layers,GenURL
hep-th0604177,4.0,http://gravity.psu.edu/numrel/strings/,Results and Discussion,"""URLs with schemes such as http, https, ftp, sftp, git, magnet"", URLs with subdomain, ""URLs with paths, query Strings, and fragments"", URLs with trailing slashes",,,APD
math-ph0305029,1.0,http://arxiv.org/abs/math-ph/0305029v1,Title & Authors,"""URLs with schemes such as http, https, ftp, sftp, git, magnet"", ""URLs with paths, query Strings, and fragments""",,"Hidden in annotation layers, Hidden in metadata",GenURL
math-ph0305029,18.0,http://www.math.ucl.ac.be/~magnus/,References,"""URLs with schemes such as http, https, ftp, sftp, git, magnet"", ""URLs with paths, query Strings, and fragments"", URLs with subdomain, URLs with trailing slashes",embedded in references,,GenURL
math-ph0305029,18.0,http://www.ms.unimelb.edu.au/~matpjf/matpjf.html.,References,"""URLs with schemes such as http, https, ftp, sftp, git, magnet"", ""URLs with paths, query Strings, and fragments"", URLs with subdomain",embedded in references,,GenURL
math0305004,1.0,http://arxiv.org/abs/math/0305004v1,Title & Authors,"""URLs with schemes such as http, https, ftp, sftp, git, magnet"", ""URLs with paths, query Strings, and fragments""",,"Hidden in annotation layers, Hidden in metadata",GenURL
math0305004,10.0,www.cs.utep.edu/interval-comp/rcjournal.html,References,"URLs without scheme, ""URLs with paths, query Strings, and fragments"", URLs with subdomain",embedded in references,,GenURL
math0305404,1.0,http://arxiv.org/abs/math/0305404v1,Title & Authors,"""URLs with schemes such as http, https, ftp, sftp, git, magnet"", ""URLs with paths, query Strings, and fragments""",,"Hidden in annotation layers, Hidden in metadata",GenURL
math0305404,6.0,http://www.math.temple.edu/~matthias,References,"""URLs with schemes such as http, https, ftp, sftp, git, magnet"", URLs with subdomain",,,GenURL
math0404241,12.0,http://arxiv.org/abs/math.PR/0403016,References,"""URLs with schemes such as http, https, ftp, sftp, git, magnet"", ""URLs with paths, query Strings, and fragments""",embedded in references,,GenURL
math0404241,1.0,http://arxiv.org/abs/math/0404241v1,Title & Authors,"""URLs with schemes such as http, https, ftp, sftp, git, magnet"", ""URLs with paths, query Strings, and fragments""",,"Hidden in annotation layers, Hidden in metadata",GenURL
math0404241,12.0,mailto:wesolo@alpha.mini.pw.edu.pl,References,"""URLs with schemes such as http, https, ftp, sftp, git, magnet""",,Hidden in annotation layers,GenURL
math0404241,12.0,mailto:Wlodzimierz.Bryc@UC.edu,References,"""URLs with schemes such as http, https, ftp, sftp, git, magnet""",,Hidden in annotation layers,GenURL
math0604095,1.0,http://arxiv.org/abs/math/0604095v2,Title & Authors,"""URLs with schemes such as http, https, ftp, sftp, git, magnet"", ""URLs with paths, query Strings, and fragments""",,"Hidden in annotation layers, Hidden in metadata",GenURL
math0604095,1.0,mailto:watkins@maths.usyd.edu.au,Title & Authors,"""URLs with schemes such as http, https, ftp, sftp, git, magnet""",,Hidden in annotation layers,GenURL
math0604095,14.0,www.ams.org/online_bks/pspum332,References,"""URLs with paths, query Strings, and fragments"", URLs without scheme",embedded in references,,GenURL
math0604095,14.0,www.eecs.berkeley.edu/~yozo/papers/LBNL-46996.ps.gz,References,"""URLs with paths, query Strings, and fragments"", URLs with subdomain, URLs without scheme",embedded in references,,GenURL
math0604095,15.0,www.expmath.org/expmath/contents.html,References,"""URLs with paths, query Strings, and fragments"", URLs without scheme",embedded in references,,GenURL
math0604095,15.0,www.math.harvard.edu/~rtaylor,References,"URLs with subdomain, ""URLs with paths, query Strings, and fragments"", URLs without scheme",embedded in references,,GenURL
math0604095,15.0,www.math.uwaterloo.ca/~mrubinst,References,"URLs with subdomain, ""URLs with paths, query Strings, and fragments"", URLs without scheme",embedded in references,,Project
math0604095,10.0,www.maths.bris.ac.uk/~mamjw,Results and Discussion,"URLs with subdomain, ""URLs with paths, query Strings, and fragments"", URLs without scheme",embedded in footnotes,,TPS
math0604095,13.0,www.maths.nottingham.ac.uk/personal/jec,References,"URLs with subdomain, ""URLs with paths, query Strings, and fragments"", URLs without scheme",embedded in references,,TPD
math0604095,14.0,www.sunsite.ubc.ca/DigitalMathArchive/Langlands,References,"URLs with subdomain, ""URLs with paths, query Strings, and fragments"", URLs without scheme",embedded in references,,GenURL
math0604479,1.0,http://arxiv.org/abs/math/0604479v2,Title & Authors,"""URLs with schemes such as http, https, ftp, sftp, git, magnet"", ""URLs with paths, query Strings, and fragments""",,"Hidden in annotation layers, Hidden in metadata",GenURL
math0604479,15.0,http://www.math.uiuc.edu/Macaulay2/,References,"""URLs with schemes such as http, https, ftp, sftp, git, magnet"", URLs with subdomain, URLs with trailing slashes, ""URLs with paths, query Strings, and fragments""",embedded in references,,TPS
math0604479,15.0,mailto:asmarks@gmail.com,References,"""URLs with schemes such as http, https, ftp, sftp, git, magnet""",embedded in references,Hidden in annotation layers,GenURL
math0604479,15.0,mailto:brichert@calpoly.edu,References,"""URLs with schemes such as http, https, ftp, sftp, git, magnet""",embedded in references,Hidden in annotation layers,GenURL
math0604479,1.0,mailto:brichert@calpoly.edu,Title & Authors,"""URLs with schemes such as http, https, ftp, sftp, git, magnet""",embedded in footnotes,Hidden in annotation layers,GenURL
math0604479,15.0,mailto:csdodd@gmail.com,References,"""URLs with schemes such as http, https, ftp, sftp, git, magnet""",embedded in references,Hidden in annotation layers,GenURL
math0604479,15.0,mailto:vmeyerso@calpoly.edu,References,"""URLs with schemes such as http, https, ftp, sftp, git, magnet""",embedded in references,Hidden in annotation layers,GenURL
physics0305069,1.0,http://arxiv.org/abs/physics/0305069v1,Title & Authors,"""URLs with schemes such as http, https, ftp, sftp, git, magnet"", ""URLs with paths, query Strings, and fragments""",,"Hidden in annotation layers, Hidden in metadata",GenURL
physics0305069,2.0,http://grid.phys.uvic.ca,Methodology,"""URLs with schemes such as http, https, ftp, sftp, git, magnet"", URLs with subdomain, URLs with trailing slashes, URLs without scheme",,,GenURL
physics0305069,4.0,http://root.cern.ch,References,"""URLs with schemes such as http, https, ftp, sftp, git, magnet"", URLs with subdomain",,,GenURL
physics0305069,4.0,http://www.cs.wisc.edu/condor,References,"""URLs with schemes such as http, https, ftp, sftp, git, magnet"", URLs with subdomain, ""URLs with paths, query Strings, and fragments""",,,TPS
physics0305069,4.0,http://www.globus.org,References,"""URLs with schemes such as http, https, ftp, sftp, git, magnet""",,,TPS
physics0305069,4.0,http://www.objectivity.com,References,"""URLs with schemes such as http, https, ftp, sftp, git, magnet""",,,TPD
physics0305069,4.0,http://www.openafs.org,References,"""URLs with schemes such as http, https, ftp, sftp, git, magnet""",,,TPS
physics0305069,4.0,http://www.pbspro.com/overview.html,References,"""URLs with schemes such as http, https, ftp, sftp, git, magnet"", URLs with subdomain, ""URLs with paths, query Strings, and fragments""",,,TPS
physics0305069,4.0,http://www.raxnet.net/products/cacti,References,"""URLs with schemes such as http, https, ftp, sftp, git, magnet"", ""URLs with paths, query Strings, and fragments""",,,TPS
physics0305069,4.0,https://gridport.npaci.edu,References,"""URLs with schemes such as http, https, ftp, sftp, git, magnet"", URLs with subdomain",,,TPS
physics0305069,1.0,www.c3.ca,Methodology,URLs without scheme,,,GenURL
physics0305069,1.0,www.canarie.ca,Methodology,URLs without scheme,,,GenURL
physics0305069,1.0,www.gridcanada.ca,Methodology,URLs without scheme,,,GenURL
physics0305069,1.0,www.nrc.ca,Methodology,URLs without scheme,,,GenURL
quant-ph0001004,96.0,http://archiv.tu-chemnitz.de/pub/1997/0009,References,"""URLs with schemes such as http, https, ftp, sftp, git, magnet"", ""URLs with paths, query Strings, and fragments"", URLs with subdomain",embedded in references,,GenURL
quant-ph0001004,1.0,http://arxiv.org/abs/quant-ph/0001004v1,Title & Authors,"""URLs with schemes such as http, https, ftp, sftp, git, magnet"", ""URLs with paths, query Strings, and fragments""",,"Hidden in annotation layers, Hidden in metadata",GenURL
quant-ph0001004,96.0,http://www.ctennant.co.uk/tenn04.htm,References,"""URLs with schemes such as http, https, ftp, sftp, git, magnet"", ""URLs with paths, query Strings, and fragments"", URLs with subdomain",embedded in references,,GenURL
