,,,,,,,"annotation layer, embedded in images",
arxiv_id,page,URL_1,URL,location,Lexicographical Complexity,Spatial Complexity,Representational Complexity,
1601.00722,7,uri:{https://github.com/rasmusbergpalm/DeepLearnToolbox},https://github.com/rasmusbergpalm/DeepLearnToolbox,Results and Discussion,"""URLs with schemes such as http, https, ftp, sftp, git, magnet"", ""URLs with paths, query Strings, and fragments""",split across lines,,.
1601.00722,7,,http://decsai.ugr.es/cvg/dbimagenes/,Results and Discussion,"""URLs with schemes such as http, https, ftp, sftp, git, magnet"", URLs with trailing slashes, ""URLs with paths, query Strings, and fragments"", URLs with subdomain",,,
1601.00722,6,,http://yann.lecun.com/exdb/mnist/,Results and Discussion,"""URLs with schemes such as http, https, ftp, sftp, git, magnet"", URLs with trailing slashes, ""URLs with paths, query Strings, and fragments"", URLs with subdomain",,,
1601.02280,21,uri:{http://icerm.brown.edu/html/programs/sp_f11/schedules/slides_workshop_1_tutorial/LectureNumericalVlasov.pdf},http://icerm.brown.edu/html/programs/sp_f11/schedules/slides_workshop_1_tutorial/LectureNumericalVlasov.pdf,References,"""URLs with schemes such as http, https, ftp, sftp, git, magnet"", URLs with subdomain, ""URLs with paths, query Strings, and fragments""","embedded in references, split across lines",,
1601.02280,20,,http://inria.hal.science/inria-00633934,References,"URLs with subdomain, ""URLs with schemes such as http, https, ftp, sftp, git, magnet"", ""URLs with paths, query Strings, and fragments""","embedded in references, split across lines",,
1602.00266,31,uri:{http://arxiv.org/abs/math/9707228v1},http://arxiv.org/abs/math/9707228v1,References,"""URLs with schemes such as http, https, ftp, sftp, git, magnet"", ""URLs with paths, query Strings, and fragments""",embedded in references,,
1602.00266,1,uri:{http://arxiv.org/abs/1602.00266v2},http://arxiv.org/abs/1602.00266v2,Header,"""URLs with schemes such as http, https, ftp, sftp, git, magnet"", ""URLs with paths, query Strings, and fragments""",,"Hidden in annotation layers, Hidden in metadata",
1602.00266,31,uri:{http://arxiv.org/abs/1510.04555v2},http://arxiv.org/abs/1510.04555v2,References,"""URLs with schemes such as http, https, ftp, sftp, git, magnet"", ""URLs with paths, query Strings, and fragments""",embedded in references,,
1602.00266,32,uri:{http://arxiv.org/abs/1509.08380v1},http://arxiv.org/abs/1509.08380v1,References,"""URLs with schemes such as http, https, ftp, sftp, git, magnet"", ""URLs with paths, query Strings, and fragments""",embedded in references,,
1602.00266,31,uri:{http://arxiv.org/abs/1501.00135},http://arxiv.org/abs/1501.00135,References,"""URLs with schemes such as http, https, ftp, sftp, git, magnet"", ""URLs with paths, query Strings, and fragments""",embedded in references,,
1602.00266,32,uri:{http://arxiv.org/abs/1410.8170v1},http://arxiv.org/abs/1410.8170v1,References,"""URLs with schemes such as http, https, ftp, sftp, git, magnet"", ""URLs with paths, query Strings, and fragments""",embedded in references,,
1602.00266,32,uri:{http://arxiv.org/abs/1408.6096v3},http://arxiv.org/abs/1408.6096v3,References,"""URLs with schemes such as http, https, ftp, sftp, git, magnet"", ""URLs with paths, query Strings, and fragments""",embedded in references,,
1602.00266,31,uri:{http://arxiv.org/abs/1207.1909v4},http://arxiv.org/abs/1207.1909v4,References,"""URLs with schemes such as http, https, ftp, sftp, git, magnet"", ""URLs with paths, query Strings, and fragments""",embedded in references,,
1602.00875,1,uri:{http://arxiv.org/abs/1602.00875v2},http://arxiv.org/abs/1602.00875v2,Header,"""URLs with schemes such as http, https, ftp, sftp, git, magnet"", ""URLs with paths, query Strings, and fragments""",,"Hidden in annotation layers, Hidden in metadata",
1602.00875,5,,http://infoscience.epﬂ.ch/record/204670,References,"""URLs with schemes such as http, https, ftp, sftp, git, magnet"", URLs with subdomain, ""URLs with paths, query Strings, and fragments""",embedded in references,Shortened URLs that redirect to a longer address,
1602.00875,5,,http://arxiv.org/abs/1511.05201,References,"""URLs with schemes such as http, https, ftp, sftp, git, magnet"", ""URLs with paths, query Strings, and fragments""",embedded in references,,
1602.00875,5,,http://arxiv.org/abs/1509.06188,References,"""URLs with schemes such as http, https, ftp, sftp, git, magnet"", ""URLs with paths, query Strings, and fragments""",embedded in references,,
1602.00875,5,,http://people.lids.mit.edu/yp/homepage/data/itlectures_v2.pdf,References,"""URLs with schemes such as http, https, ftp, sftp, git, magnet"", ""URLs with paths, query Strings, and fragments"", URLs with subdomain",embedded in references,,
1602.01172,3,uri:{http://www.nxtprograms.com/NXT2/forklift/steps.html},http://www.nxtprograms.com/NXT2/forklift/steps.html,Related Works & Background,"""URLs with schemes such as http, https, ftp, sftp, git, magnet"", ""URLs with paths, query Strings, and fragments""",embedded in footnotes,,
1602.01172,9,uri:{http://www.lejos.org/nxj.php},http://www.lejos.org/nxj.php,Methodology,"""URLs with schemes such as http, https, ftp, sftp, git, magnet"", ""URLs with paths, query Strings, and fragments""",embedded in footnotes,,
1602.01172,2,uri:{http://www.lego.com/en-us/mindstorms},http://www.lego.com/en-us/mindstorms,Introduction,"""URLs with schemes such as http, https, ftp, sftp, git, magnet"", ""URLs with paths, query Strings, and fragments""",embedded in footnotes,,
1602.01172,15,uri:{http://smlab.cs.tau.ac.il/syntech/patterns/},http://smlab.cs.tau.ac.il/syntech/patterns/,References,"""URLs with schemes such as http, https, ftp, sftp, git, magnet"", URLs with subdomain, ""URLs with paths, query Strings, and fragments"", URLs with trailing slashes",embedded in references,,
1602.01172,14,uri:{http://smlab.cs.tau.ac.il/syntech/patterns/},http://smlab.cs.tau.ac.il/syntech/patterns/,References,"""URLs with schemes such as http, https, ftp, sftp, git, magnet"", URLs with subdomain, ""URLs with paths, query Strings, and fragments"", URLs with trailing slashes",split across lines,,
1602.01172,15,uri:{http://smlab.cs.tau.ac.il/syntech/forklift/},http://smlab.cs.tau.ac.il/syntech/forklift/,References,"""URLs with schemes such as http, https, ftp, sftp, git, magnet"", URLs with subdomain, ""URLs with paths, query Strings, and fragments"", URLs with trailing slashes",embedded in references,,
1602.01172,1,uri:{http://dx.doi.org/10.4204/EPTCS.202.5},http://dx.doi.org/10.4204/EPTCS.202.5,Footer,"""URLs with schemes such as http, https, ftp, sftp, git, magnet"", URLs with subdomain, ""URLs with paths, query Strings, and fragments""",embedded in footnotes,Hidden in annotation layers,
1602.01172,14,uri:{http://dx.doi.org/10.4204/EPTCS.157.9},http://dx.doi.org/10.4204/EPTCS.157.9,References,"""URLs with schemes such as http, https, ftp, sftp, git, magnet"", URLs with subdomain, ""URLs with paths, query Strings, and fragments""","split across lines, embedded in references",,
1602.01172,14,uri:{http://dx.doi.org/10.1145/2786805.2786824},http://dx.doi.org/10.1145/2786805.2786824,References,"""URLs with schemes such as http, https, ftp, sftp, git, magnet"", URLs with subdomain, ""URLs with paths, query Strings, and fragments""",embedded in references,,
1602.01172,14,uri:{http://dx.doi.org/10.1109/TRO.2009.2030225},http://dx.doi.org/10.1109/TRO.2009.2030225,References,"""URLs with schemes such as http, https, ftp, sftp, git, magnet"", URLs with subdomain, ""URLs with paths, query Strings, and fragments""","split across lines, embedded in references",,
1602.01172,14,uri:{http://dx.doi.org/10.1109/ROBOT.2007.363946},http://dx.doi.org/10.1109/ROBOT.2007.363946,References,"""URLs with schemes such as http, https, ftp, sftp, git, magnet"", URLs with subdomain, ""URLs with paths, query Strings, and fragments""","split across lines, embedded in references",,
1602.01172,15,uri:{http://dx.doi.org/10.1109/ICRA.2013.6631152},http://dx.doi.org/10.1109/ICRA.2013.6631152,References,"""URLs with schemes such as http, https, ftp, sftp, git, magnet"", URLs with subdomain, ""URLs with paths, query Strings, and fragments""",embedded in references,,
1602.01172,14,uri:{http://dx.doi.org/10.1109/FMCAD.2013.6679387},http://dx.doi.org/10.1109/FMCAD.2013.6679387,References,"""URLs with schemes such as http, https, ftp, sftp, git, magnet"", URLs with subdomain, ""URLs with paths, query Strings, and fragments""","split across lines, embedded in references",,
1602.01172,14,uri:{http://dx.doi.org/10.1016/j.jcss.2011.08.007},http://dx.doi.org/10.1016/j.jcss.2011.08.007,References,"""URLs with schemes such as http, https, ftp, sftp, git, magnet"", URLs with subdomain, ""URLs with paths, query Strings, and fragments""","split across lines, embedded in references",,
1602.01172,14,uri:{http://dx.doi.org/10.1007/s10009-011-0221-y},http://dx.doi.org/10.1007/s10009-011-0221-y,References,"""URLs with schemes such as http, https, ftp, sftp, git, magnet"", URLs with subdomain, ""URLs with paths, query Strings, and fragments""",embedded in references,,
1602.01172,14,uri:{http://dx.doi.org/10.1007/s10009-011-0207-9},http://dx.doi.org/10.1007/s10009-011-0207-9,References,"""URLs with schemes such as http, https, ftp, sftp, git, magnet"", URLs with subdomain, ""URLs with paths, query Strings, and fragments""","split across lines, embedded in references",,
1602.01172,15,uri:{http://dx.doi.org/10.1007/978-3-642-36964-3_2},http://dx.doi.org/10.1007/978-3-642-36964-3_2,References,"""URLs with schemes such as http, https, ftp, sftp, git, magnet"", URLs with subdomain, ""URLs with paths, query Strings, and fragments""","split across lines, embedded in references",,
1602.01172,14,uri:{http://dx.doi.org/10.1007/978-3-642-33666-9_22},http://dx.doi.org/10.1007/978-3-642-33666-9_22,References,"""URLs with schemes such as http, https, ftp, sftp, git, magnet"", URLs with subdomain, ""URLs with paths, query Strings, and fragments""","split across lines, embedded in references",,
1602.01172,14,uri:{http://dx.doi.org/10.1007/978-3-642-19583-9_16},http://dx.doi.org/10.1007/978-3-642-19583-9_16,References,"""URLs with schemes such as http, https, ftp, sftp, git, magnet"", URLs with subdomain, ""URLs with paths, query Strings, and fragments""","split across lines, embedded in references",,
1602.01172,15,uri:{http://dx.doi.org/10.1007/978-3-642-14295-6_18},http://dx.doi.org/10.1007/978-3-642-14295-6_18,References,"""URLs with schemes such as http, https, ftp, sftp, git, magnet"", URLs with subdomain, ""URLs with paths, query Strings, and fragments""","split across lines, embedded in references",,
1602.01172,15,uri:{http://dx.doi.org/10.1007/11609773_24},http://dx.doi.org/10.1007/11609773_24,References,"""URLs with schemes such as http, https, ftp, sftp, git, magnet"", URLs with subdomain, ""URLs with paths, query Strings, and fragments""",embedded in references,,
1602.01172,15,uri:{http://doi.acm.org/10.1145/75277.75293},http://doi.acm.org/10.1145/75277.75293,References,"""URLs with schemes such as http, https, ftp, sftp, git, magnet"", URLs with subdomain, ""URLs with paths, query Strings, and fragments""",embedded in references,,
1602.01172,14,uri:{http://doi.acm.org/10.1145/302405.302672},http://doi.acm.org/10.1145/302405.302672,References,"""URLs with schemes such as http, https, ftp, sftp, git, magnet"", URLs with subdomain, ""URLs with paths, query Strings, and fragments""","split across lines, embedded in references",,
1602.01172,14,uri:{http://doi.acm.org/10.1145/2562059.2562128},http://doi.acm.org/10.1145/2562059.2562128,References,"""URLs with schemes such as http, https, ftp, sftp, git, magnet"", URLs with subdomain, ""URLs with paths, query Strings, and fragments""",embedded in references,,
1602.01172,14,uri:{http://doi.acm.org/10.1145/2430536.2430543},http://doi.acm.org/10.1145/2430536.2430543,References,"""URLs with schemes such as http, https, ftp, sftp, git, magnet"", URLs with subdomain, ""URLs with paths, query Strings, and fragments""",embedded in references,,
1602.01172,14,uri:{http://doi.acm.org/10.1145/1960275.1960280},http://doi.acm.org/10.1145/1960275.1960280,References,"""URLs with schemes such as http, https, ftp, sftp, git, magnet"", URLs with subdomain, ""URLs with paths, query Strings, and fragments""","split across lines, embedded in references",,
1602.01172,15,uri:{http://dl.acm.org/citation.cfm?id=2486821},http://dl.acm.org/citation.cfm?id=2486821,References,"""URLs with schemes such as http, https, ftp, sftp, git, magnet"", URLs with subdomain, ""URLs with paths, query Strings, and fragments""","split across lines, embedded in references",,
1602.01172,1,uri:{http://creativecommons.org/licenses/by/3.0/},http://creativecommons.org/licenses/by/3.0/,Footer,"""URLs with schemes such as http, https, ftp, sftp, git, magnet"", ""URLs with paths, query Strings, and fragments""",embedded in footnotes,Hidden in annotation layers,
1602.01172,1,uri:{http://creativecommons.org},http://creativecommons.org,Footer,"""URLs with schemes such as http, https, ftp, sftp, git, magnet""",embedded in footnotes,Hidden in annotation layers,
1602.01172,1,,http://www.cs.tau.ac.il,Title & Authors,"""URLs with schemes such as http, https, ftp, sftp, git, magnet"", URLs with subdomain",,,
1602.01388,1,uri:{http://arxiv.org/abs/1602.01388v1},http://arxiv.org/abs/1602.01388v1,Header,"""URLs with schemes such as http, https, ftp, sftp, git, magnet"", ""URLs with paths, query Strings, and fragments""",,"Hidden in annotation layers, Hidden in metadata",
1602.01388,15,uri:{http://www.statista.com/statistics/276601/number-of-world-of-warcraft-subscribers-by-quarter/},http://www.statista.com/statistics/276601/number-of-world-of-warcraft-subscribers-by-quarter/,References,"""URLs with schemes such as http, https, ftp, sftp, git, magnet"", ""URLs with paths, query Strings, and fragments"", URLs with trailing slashes",embedded in references,Hidden in annotation layers,
1602.01388,15,uri:{http://www.pardus.at},http://www.pardus.at,References,"""URLs with schemes such as http, https, ftp, sftp, git, magnet""",embedded in references,, 
1602.01388,4,,http://www.youtube.com/user/complexsystemsvienna,Methodology,"""URLs with schemes such as http, https, ftp, sftp, git, magnet"", ""URLs with paths, query Strings, and fragments""",embedded in captions,,
1602.02336,55,uri:{http://front.math.ucdavis.edu/1509.09079},http://front.math.ucdavis.edu/1509.09079,References,"""URLs with schemes such as http, https, ftp, sftp, git, magnet"", URLs with subdomain, ""URLs with paths, query Strings, and fragments""",embedded in references,,
1602.02336,55,uri:{http://front.math.ucdavis.edu/1304.3538},http://front.math.ucdavis.edu/1304.3538,References,"""URLs with schemes such as http, https, ftp, sftp, git, magnet"", URLs with subdomain, ""URLs with paths, query Strings, and fragments""",embedded in references,,
1602.02336,55,uri:{http://arxiv.org/abs/1702.03514},http://arxiv.org/abs/1702.03514,References,"""URLs with schemes such as http, https, ftp, sftp, git, magnet"", ""URLs with paths, query Strings, and fragments""",embedded in references,,
1602.02336,1,uri:{http://arxiv.org/abs/1602.02336v3},http://arxiv.org/abs/1602.02336v3,Header,"""URLs with schemes such as http, https, ftp, sftp, git, magnet"", ""URLs with paths, query Strings, and fragments""",,"Hidden in annotation layers, Hidden in metadata",
1602.03455,27,uri:{http://www.slac.stanford.edu/xorg/hfag/},http://www.slac.stanford.edu/xorg/hfag/,References,"""URLs with schemes such as http, https, ftp, sftp, git, magnet"", URLs with subdomain, ""URLs with paths, query Strings, and fragments"", URLs with trailing slashes",embedded in references,,
1602.03455,26,uri:{http://pdg.lbl.gov/},http://pdg.lbl.gov/,References,"URLs with trailing slashes, URLs with subdomain, ""URLs with schemes such as http, https, ftp, sftp, git, magnet""",embedded in references,Hidden in annotation layers,
1602.03455,27,uri:{http://laura.hepforge.org/},http://laura.hepforge.org/,References,"URLs with trailing slashes, URLs with subdomain, ""URLs with schemes such as http, https, ftp, sftp, git, magnet""",embedded in references,,
1602.03455,26,uri:{http://inspirehep.net/record/230779/},http://inspirehep.net/record/230779/,References,"URLs with trailing slashes, ""URLs with schemes such as http, https, ftp, sftp, git, magnet""",embedded in references,Hidden in annotation layers,
1602.03455,27,uri:{http://gammacombo.hepforge.org/},http://gammacombo.hepforge.org/,References,"URLs with trailing slashes, URLs with subdomain, ""URLs with schemes such as http, https, ftp, sftp, git, magnet""",embedded in references,,
1602.03455,24,uri:{http://dx.doi.org/10.1146/annurev.nucl.49.1.35},http://dx.doi.org/10.1146/annurev.nucl.49.1.35,References,"""URLs with schemes such as http, https, ftp, sftp, git, magnet"", URLs with subdomain, ""URLs with paths, query Strings, and fragments""","split across lines, embedded in references",Hidden in annotation layers,
1602.03455,24,uri:{http://dx.doi.org/10.1143/PTP.49.652},http://dx.doi.org/10.1143/PTP.49.652,References,"""URLs with schemes such as http, https, ftp, sftp, git, magnet"", URLs with subdomain, ""URLs with paths, query Strings, and fragments""",embedded in references,Hidden in annotation layers,
1602.03455,25,uri:{http://dx.doi.org/10.1142/S0217751X15300227},http://dx.doi.org/10.1142/S0217751X15300227,References,"""URLs with schemes such as http, https, ftp, sftp, git, magnet"", URLs with subdomain, ""URLs with paths, query Strings, and fragments""","split across lines, embedded in references",Hidden in annotation layers,
1602.03455,25,uri:{http://dx.doi.org/10.1140/epjc/s2005-02396-4},http://dx.doi.org/10.1140/epjc/s2005-02396-4,References,"""URLs with schemes such as http, https, ftp, sftp, git, magnet"", URLs with subdomain, ""URLs with paths, query Strings, and fragments""",embedded in references,Hidden in annotation layers,
1602.03455,28,uri:{http://dx.doi.org/10.1140/epjc/s2005-02169-1},http://dx.doi.org/10.1140/epjc/s2005-02169-1,References,"""URLs with schemes such as http, https, ftp, sftp, git, magnet"", URLs with subdomain, ""URLs with paths, query Strings, and fragments""",embedded in references,Hidden in annotation layers,
1602.03455,25,uri:{http://dx.doi.org/10.1140/epjc/s10052-013-2655-8},http://dx.doi.org/10.1140/epjc/s10052-013-2655-8,References,"""URLs with schemes such as http, https, ftp, sftp, git, magnet"", URLs with subdomain, ""URLs with paths, query Strings, and fragments""",embedded in references,Hidden in annotation layers,
1602.03455,27,uri:{http://dx.doi.org/10.1140/epjc/s10052-013-2431-9},http://dx.doi.org/10.1140/epjc/s10052-013-2431-9,References,"""URLs with schemes such as http, https, ftp, sftp, git, magnet"", URLs with subdomain, ""URLs with paths, query Strings, and fragments""","split across lines, embedded in references",Hidden in annotation layers,
1602.03455,25,uri:{http://dx.doi.org/10.1109/TNS.2006.869826},http://dx.doi.org/10.1109/TNS.2006.869826,References,"""URLs with schemes such as http, https, ftp, sftp, git, magnet"", URLs with subdomain, ""URLs with paths, query Strings, and fragments""","split across lines, embedded in references",Hidden in annotation layers,
1602.03455,24,uri:{http://dx.doi.org/10.1103/PhysRevLett.78.3257},http://dx.doi.org/10.1103/PhysRevLett.78.3257,References,"""URLs with schemes such as http, https, ftp, sftp, git, magnet"", URLs with subdomain, ""URLs with paths, query Strings, and fragments""","split across lines, embedded in references",Hidden in annotation layers,
1602.03455,24,uri:{http://dx.doi.org/10.1103/PhysRevLett.55.1039},http://dx.doi.org/10.1103/PhysRevLett.55.1039,References,"""URLs with schemes such as http, https, ftp, sftp, git, magnet"", URLs with subdomain, ""URLs with paths, query Strings, and fragments""",embedded in references,Hidden in annotation layers,
1602.03455,24,uri:{http://dx.doi.org/10.1103/PhysRevLett.51.1945},http://dx.doi.org/10.1103/PhysRevLett.51.1945,References,"""URLs with schemes such as http, https, ftp, sftp, git, magnet"", URLs with subdomain, ""URLs with paths, query Strings, and fragments""","split across lines, embedded in references",Hidden in annotation layers,
1602.03455,27,uri:{http://dx.doi.org/10.1103/PhysRevLett.116.191601},http://dx.doi.org/10.1103/PhysRevLett.116.191601,References,"""URLs with schemes such as http, https, ftp, sftp, git, magnet"", URLs with subdomain, ""URLs with paths, query Strings, and fragments""","split across lines, embedded in references",Hidden in annotation layers,
1602.03455,26,uri:{http://dx.doi.org/10.1103/PhysRevLett.113.162001},http://dx.doi.org/10.1103/PhysRevLett.113.162001,References,"""URLs with schemes such as http, https, ftp, sftp, git, magnet"", URLs with subdomain, ""URLs with paths, query Strings, and fragments""",embedded in references,Hidden in annotation layers,
1602.03455,26,uri:{http://dx.doi.org/10.1103/PhysRevLett.109.131801},http://dx.doi.org/10.1103/PhysRevLett.109.131801,References,"""URLs with schemes such as http, https, ftp, sftp, git, magnet"", URLs with subdomain, ""URLs with paths, query Strings, and fragments""",embedded in references,Hidden in annotation layers,
1602.03455,24,uri:{http://dx.doi.org/10.1103/PhysRevLett.10.531},http://dx.doi.org/10.1103/PhysRevLett.10.531,References,"""URLs with schemes such as http, https, ftp, sftp, git, magnet"", URLs with subdomain, ""URLs with paths, query Strings, and fragments""",embedded in references,Hidden in annotation layers,
1602.03455,26,uri:{http://dx.doi.org/10.1103/PhysRevD.93.119902},http://dx.doi.org/10.1103/PhysRevD.93.119902,References,"""URLs with schemes such as http, https, ftp, sftp, git, magnet"", URLs with subdomain, ""URLs with paths, query Strings, and fragments""",embedded in references,Hidden in annotation layers,
1602.03455,26,uri:{http://dx.doi.org/10.1103/PhysRevD.93.051101},http://dx.doi.org/10.1103/PhysRevD.93.051101,References,"""URLs with schemes such as http, https, ftp, sftp, git, magnet"", URLs with subdomain, ""URLs with paths, query Strings, and fragments""",embedded in references,Hidden in annotation layers,
1602.03455,26,uri:{http://dx.doi.org/10.1103/PhysRevD.92.032002},http://dx.doi.org/10.1103/PhysRevD.92.032002,References,"""URLs with schemes such as http, https, ftp, sftp, git, magnet"", URLs with subdomain, ""URLs with paths, query Strings, and fragments""",embedded in references,Hidden in annotation layers,
1602.03455,25,uri:{http://dx.doi.org/10.1103/PhysRevD.92.012012},http://dx.doi.org/10.1103/PhysRevD.92.012012,References,"""URLs with schemes such as http, https, ftp, sftp, git, magnet"", URLs with subdomain, ""URLs with paths, query Strings, and fragments""",embedded in references,Hidden in annotation layers,
1602.03455,27,uri:{http://dx.doi.org/10.1103/PhysRevD.91.052002},http://dx.doi.org/10.1103/PhysRevD.91.052002,References,"""URLs with schemes such as http, https, ftp, sftp, git, magnet"", URLs with subdomain, ""URLs with paths, query Strings, and fragments""",embedded in references,Hidden in annotation layers,
1602.03455,28,uri:{http://dx.doi.org/10.1103/PhysRevD.90.112002},http://dx.doi.org/10.1103/PhysRevD.90.112002,References,"""URLs with schemes such as http, https, ftp, sftp, git, magnet"", URLs with subdomain, ""URLs with paths, query Strings, and fragments""",embedded in references,Hidden in annotation layers,
1602.03455,26,uri:{http://dx.doi.org/10.1103/PhysRevD.90.072003},http://dx.doi.org/10.1103/PhysRevD.90.072003,References,"""URLs with schemes such as http, https, ftp, sftp, git, magnet"", URLs with subdomain, ""URLs with paths, query Strings, and fragments""",embedded in references,Hidden in annotation layers,
1602.03455,26,uri:{http://dx.doi.org/10.1103/PhysRevD.89.032001},http://dx.doi.org/10.1103/PhysRevD.89.032001,References,"""URLs with schemes such as http, https, ftp, sftp, git, magnet"", URLs with subdomain, ""URLs with paths, query Strings, and fragments""",embedded in references,Hidden in annotation layers,
1602.03455,26,uri:{http://dx.doi.org/10.1103/PhysRevD.87.092007},http://dx.doi.org/10.1103/PhysRevD.87.092007,References,"""URLs with schemes such as http, https, ftp, sftp, git, magnet"", URLs with subdomain, ""URLs with paths, query Strings, and fragments""",embedded in references,Hidden in annotation layers,
1602.03455,28,uri:{http://dx.doi.org/10.1103/PhysRevD.86.011101},http://dx.doi.org/10.1103/PhysRevD.86.011101,References,"""URLs with schemes such as http, https, ftp, sftp, git, magnet"", URLs with subdomain, ""URLs with paths, query Strings, and fragments""",embedded in references,Hidden in annotation layers,
1602.03455,24,uri:{http://dx.doi.org/10.1103/PhysRevD.80.092002},http://dx.doi.org/10.1103/PhysRevD.80.092002,References,"""URLs with schemes such as http, https, ftp, sftp, git, magnet"", URLs with subdomain, ""URLs with paths, query Strings, and fragments""",embedded in references,Hidden in annotation layers,
1602.03455,28,uri:{http://dx.doi.org/10.1103/PhysRevD.80.031102},http://dx.doi.org/10.1103/PhysRevD.80.031102,References,"""URLs with schemes such as http, https, ftp, sftp, git, magnet"", URLs with subdomain, ""URLs with paths, query Strings, and fragments""",embedded in references,Hidden in annotation layers,
1602.03455,28,uri:{http://dx.doi.org/10.1103/PhysRevD.79.072003},http://dx.doi.org/10.1103/PhysRevD.79.072003,References,"""URLs with schemes such as http, https, ftp, sftp, git, magnet"", URLs with subdomain, ""URLs with paths, query Strings, and fragments""",embedded in references,Hidden in annotation layers,
1602.03455,24,uri:{http://dx.doi.org/10.1103/PhysRevD.79.051301},http://dx.doi.org/10.1103/PhysRevD.79.051301,References,"""URLs with schemes such as http, https, ftp, sftp, git, magnet"", URLs with subdomain, ""URLs with paths, query Strings, and fragments""",embedded in references,Hidden in annotation layers,
1602.03455,26,uri:{http://dx.doi.org/10.1103/PhysRevD.76.012006},http://dx.doi.org/10.1103/PhysRevD.76.012006,References,"""URLs with schemes such as http, https, ftp, sftp, git, magnet"", URLs with subdomain, ""URLs with paths, query Strings, and fragments""","split across lines, embedded in references",Hidden in annotation layers,
1602.03455,24,uri:{http://dx.doi.org/10.1103/PhysRevD.63.036005},http://dx.doi.org/10.1103/PhysRevD.63.036005,References,"""URLs with schemes such as http, https, ftp, sftp, git, magnet"", URLs with subdomain, ""URLs with paths, query Strings, and fragments""",embedded in references,Hidden in annotation layers,
1602.03455,24,uri:{http://dx.doi.org/10.1103/PhysRevD.50.3433},http://dx.doi.org/10.1103/PhysRevD.50.3433,References,"""URLs with schemes such as http, https, ftp, sftp, git, magnet"", URLs with subdomain, ""URLs with paths, query Strings, and fragments""","split across lines, embedded in references",Hidden in annotation layers,
1602.03455,28,uri:{http://dx.doi.org/10.1093/ptep/ptw030},http://dx.doi.org/10.1093/ptep/ptw030,References,"""URLs with schemes such as http, https, ftp, sftp, git, magnet"", URLs with subdomain, ""URLs with paths, query Strings, and fragments""",embedded in references,Hidden in annotation layers,
1602.03455,25,uri:{http://dx.doi.org/10.1088/1748-0221/3/08/S08005},http://dx.doi.org/10.1088/1748-0221/3/08/S08005,References,"""URLs with schemes such as http, https, ftp, sftp, git, magnet"", URLs with subdomain, ""URLs with paths, query Strings, and fragments""","split across lines, embedded in references",Hidden in annotation layers,
1602.03455,25,uri:{http://dx.doi.org/10.1088/1742-6596/331/3/032047},http://dx.doi.org/10.1088/1742-6596/331/3/032047,References,"""URLs with schemes such as http, https, ftp, sftp, git, magnet"", URLs with subdomain, ""URLs with paths, query Strings, and fragments""",embedded in references,Hidden in annotation layers,
1602.03455,25,uri:{http://dx.doi.org/10.1088/1742-6596/331/3/032023},http://dx.doi.org/10.1088/1742-6596/331/3/032023,References,"""URLs with schemes such as http, https, ftp, sftp, git, magnet"", URLs with subdomain, ""URLs with paths, query Strings, and fragments""",embedded in references,Hidden in annotation layers,
1602.03455,26,uri:{http://dx.doi.org/10.1088/1674-1137/38/9/090001},http://dx.doi.org/10.1088/1674-1137/38/9/090001,References,"""URLs with schemes such as http, https, ftp, sftp, git, magnet"", URLs with subdomain, ""URLs with paths, query Strings, and fragments""","split across lines, embedded in references",Hidden in annotation layers,
1602.03455,25,uri:{http://dx.doi.org/10.1088/1126-6708/2006/05/026},http://dx.doi.org/10.1088/1126-6708/2006/05/026,References,"""URLs with schemes such as http, https, ftp, sftp, git, magnet"", URLs with subdomain, ""URLs with paths, query Strings, and fragments""",embedded in references,Hidden in annotation layers,
1602.03455,28,uri:{http://dx.doi.org/10.1088/1126-6708/2005/07/028},http://dx.doi.org/10.1088/1126-6708/2005/07/028,References,"""URLs with schemes such as http, https, ftp, sftp, git, magnet"", URLs with subdomain, ""URLs with paths, query Strings, and fragments""",embedded in references,Hidden in annotation layers,
1602.03455,24,uri:{http://dx.doi.org/10.1080/14786441008520365},http://dx.doi.org/10.1080/14786441008520365,References,"""URLs with schemes such as http, https, ftp, sftp, git, magnet"", URLs with subdomain, ""URLs with paths, query Strings, and fragments""","split across lines, embedded in references",Hidden in annotation layers,
1602.03455,25,uri:{http://dx.doi.org/10.1016/S0370-2693(03)00192-8},http://dx.doi.org/10.1016/S0370-2693(03)00192-8,References,"""URLs with schemes such as http, https, ftp, sftp, git, magnet"", URLs with subdomain, ""URLs with paths, query Strings, and fragments""","split across lines, embedded in references",Hidden in annotation layers,
1602.03455,25,uri:{http://dx.doi.org/10.1016/S0168-9002(03)01368-8},http://dx.doi.org/10.1016/S0168-9002(03)01368-8,References,"""URLs with schemes such as http, https, ftp, sftp, git, magnet"", URLs with subdomain, ""URLs with paths, query Strings, and fragments""",embedded in references,Hidden in annotation layers,
1602.03455,25,uri:{http://dx.doi.org/10.1016/S0168-9002(01)00089-4},http://dx.doi.org/10.1016/S0168-9002(01)00089-4,References,"""URLs with schemes such as http, https, ftp, sftp, git, magnet"", URLs with subdomain, ""URLs with paths, query Strings, and fragments""","split across lines, embedded in references",Hidden in annotation layers,
1602.03455,27,uri:{http://dx.doi.org/10.1016/j.physletb.2014.10.005},http://dx.doi.org/10.1016/j.physletb.2014.10.005,References,"""URLs with schemes such as http, https, ftp, sftp, git, magnet"", URLs with subdomain, ""URLs with paths, query Strings, and fragments""",embedded in references,Hidden in annotation layers,
1602.03455,25,uri:{http://dx.doi.org/10.1016/j.physletb.2013.10.057},http://dx.doi.org/10.1016/j.physletb.2013.10.057,References,"""URLs with schemes such as http, https, ftp, sftp, git, magnet"", URLs with subdomain, ""URLs with paths, query Strings, and fragments""","split across lines, embedded in references",Hidden in annotation layers,
1602.03455,27,uri:{http://dx.doi.org/10.1016/j.physletb.2013.08.020},http://dx.doi.org/10.1016/j.physletb.2013.08.020,References,"""URLs with schemes such as http, https, ftp, sftp, git, magnet"", URLs with subdomain, ""URLs with paths, query Strings, and fragments""",embedded in references,Hidden in annotation layers,
1602.03455,26,uri:{http://dx.doi.org/10.1016/j.nima.2005.11.166},http://dx.doi.org/10.1016/j.nima.2005.11.166,References,"""URLs with schemes such as http, https, ftp, sftp, git, magnet"", URLs with subdomain, ""URLs with paths, query Strings, and fragments""","split across lines, embedded in references",Hidden in annotation layers,
1602.03455,26,uri:{http://dx.doi.org/10.1016/j.nima.2005.08.106},http://dx.doi.org/10.1016/j.nima.2005.08.106,References,"""URLs with schemes such as http, https, ftp, sftp, git, magnet"", URLs with subdomain, ""URLs with paths, query Strings, and fragments""",embedded in references,Hidden in annotation layers,
1602.03455,25,uri:{http://dx.doi.org/10.1016/j.cpc.2008.01.036},http://dx.doi.org/10.1016/j.cpc.2008.01.036,References,"""URLs with schemes such as http, https, ftp, sftp, git, magnet"", URLs with subdomain, ""URLs with paths, query Strings, and fragments""",embedded in references,Hidden in annotation layers,
1602.03455,27,uri:{http://dx.doi.org/10.1016/0550-3213(88)90028-4},http://dx.doi.org/10.1016/0550-3213(88)90028-4,References,"""URLs with schemes such as http, https, ftp, sftp, git, magnet"", URLs with subdomain, ""URLs with paths, query Strings, and fragments""",embedded in references,Hidden in annotation layers,
1602.03455,24,uri:{http://dx.doi.org/10.1016/0370-2693(91)91756-L},http://dx.doi.org/10.1016/0370-2693(91)91756-L,References,"""URLs with schemes such as http, https, ftp, sftp, git, magnet"", URLs with subdomain, ""URLs with paths, query Strings, and fragments""",embedded in references,Hidden in annotation layers,
1602.03455,25,uri:{http://dx.doi.org/10.1016/0370-2693(91)91542-4},http://dx.doi.org/10.1016/0370-2693(91)91542-4,References,"""URLs with schemes such as http, https, ftp, sftp, git, magnet"", URLs with subdomain, ""URLs with paths, query Strings, and fragments""",embedded in references,Hidden in annotation layers,
1602.03455,24,uri:{http://dx.doi.org/10.1016/0370-2693(91)90034-N},http://dx.doi.org/10.1016/0370-2693(91)90034-N,References,"""URLs with schemes such as http, https, ftp, sftp, git, magnet"", URLs with subdomain, ""URLs with paths, query Strings, and fragments""",embedded in references,Hidden in annotation layers,
1602.03455,25,uri:{http://dx.doi.org/10.1016/0370-2693(88)90836-2},http://dx.doi.org/10.1016/0370-2693(88)90836-2,References,"""URLs with schemes such as http, https, ftp, sftp, git, magnet"", URLs with subdomain, ""URLs with paths, query Strings, and fragments""",embedded in references,Hidden in annotation layers,
1602.03455,27,uri:{http://dx.doi.org/10.1007/JHEP09(2013)145},http://dx.doi.org/10.1007/JHEP09(2013)145,References,"""URLs with schemes such as http, https, ftp, sftp, git, magnet"", URLs with subdomain, ""URLs with paths, query Strings, and fragments""",embedded in references,Hidden in annotation layers,
1602.03455,26,uri:{http://dx.doi.org/10.1007/JHEP08(2015)005},http://dx.doi.org/10.1007/JHEP08(2015)005,References,"""URLs with schemes such as http, https, ftp, sftp, git, magnet"", URLs with subdomain, ""URLs with paths, query Strings, and fragments""","split across lines, embedded in references",Hidden in annotation layers,
1602.03455,27,uri:{http://dx.doi.org/10.1007/JHEP04(2015)043},http://dx.doi.org/10.1007/JHEP04(2015)043,References,"""URLs with schemes such as http, https, ftp, sftp, git, magnet"", URLs with subdomain, ""URLs with paths, query Strings, and fragments""","split across lines, embedded in references",Hidden in annotation layers,
1602.03455,24,uri:{http://dx.doi.org/10.1007/JHEP01(2014)051},http://dx.doi.org/10.1007/JHEP01(2014)051,References,"""URLs with schemes such as http, https, ftp, sftp, git, magnet"", URLs with subdomain, ""URLs with paths, query Strings, and fragments""",embedded in references,Hidden in annotation layers,
1602.03455,1,uri:{http://creativecommons.org/licenses/by/4.0/},http://creativecommons.org/licenses/by/4.0/,Abstract,"""URLs with schemes such as http, https, ftp, sftp, git, magnet"", ""URLs with paths, query Strings, and fragments"", URLs with trailing slashes",,Hidden in annotation layers,
1602.03455,25,uri:{http://cdsweb.cern.ch/search?p=LHCb-PUB-2014-046&f=reportnumber&action_search=Search&c=LHCb+Reports},http://cdsweb.cern.ch/search?p=LHCb-PUB-2014-046&f=reportnumber&action_search=Search&c=LHCb+Reports,References,"""URLs with schemes such as http, https, ftp, sftp, git, magnet"", URLs with subdomain, ""URLs with paths, query Strings, and fragments""",embedded in references,Hidden in annotation layers,
1602.03455,27,uri:{http://cdsweb.cern.ch/search?p=LHCb-CONF-2016-001&f=reportnumber&action_search=Search&c=LHCb+Conference+Contributions},http://cdsweb.cern.ch/search?p=LHCb-CONF-2016-001&f=reportnumber&action_search=Search&c=LHCb+Conference+Contributions,References,"""URLs with schemes such as http, https, ftp, sftp, git, magnet"", URLs with subdomain, ""URLs with paths, query Strings, and fragments""","split across lines, embedded in references",Hidden in annotation layers,
1602.03455,27,uri:{http://cdsweb.cern.ch/search?p=LHCb-CONF-2014-004&f=reportnumber&action_search=Search&c=LHCb+Conference+Contributions},http://cdsweb.cern.ch/search?p=LHCb-CONF-2014-004&f=reportnumber&action_search=Search&c=LHCb+Conference+Contributions,References,"""URLs with schemes such as http, https, ftp, sftp, git, magnet"", URLs with subdomain, ""URLs with paths, query Strings, and fragments""","split across lines, embedded in references",Hidden in annotation layers,
1602.03455,26,uri:{http://arxiv.org/abs/physics/0402083},http://arxiv.org/abs/physics/0402083,References,"""URLs with schemes such as http, https, ftp, sftp, git, magnet"", ""URLs with paths, query Strings, and fragments""",embedded in references,Hidden in annotation layers,
1602.03455,24,uri:{http://arxiv.org/abs/hep-ph/9901362},http://arxiv.org/abs/hep-ph/9901362,References,"""URLs with schemes such as http, https, ftp, sftp, git, magnet"", ""URLs with paths, query Strings, and fragments""",embedded in references,Hidden in annotation layers,
1602.03455,24,uri:{http://arxiv.org/abs/hep-ph/9612433},http://arxiv.org/abs/hep-ph/9612433,References,"""URLs with schemes such as http, https, ftp, sftp, git, magnet"", ""URLs with paths, query Strings, and fragments""",embedded in references,Hidden in annotation layers,
1602.03455,24,uri:{http://arxiv.org/abs/hep-ph/9403384},http://arxiv.org/abs/hep-ph/9403384,References,"""URLs with schemes such as http, https, ftp, sftp, git, magnet"", ""URLs with paths, query Strings, and fragments""",embedded in references,Hidden in annotation layers,
1602.03455,25,uri:{http://arxiv.org/abs/hep-ph/0603175},http://arxiv.org/abs/hep-ph/0603175,References,"""URLs with schemes such as http, https, ftp, sftp, git, magnet"", ""URLs with paths, query Strings, and fragments""",embedded in references,Hidden in annotation layers,
1602.03455,25,uri:{http://arxiv.org/abs/hep-ph/0506026},http://arxiv.org/abs/hep-ph/0506026,References,"""URLs with schemes such as http, https, ftp, sftp, git, magnet"", ""URLs with paths, query Strings, and fragments""",embedded in references,Hidden in annotation layers,
1602.03455,28,uri:{http://arxiv.org/abs/hep-ph/0501199},http://arxiv.org/abs/hep-ph/0501199,References,"""URLs with schemes such as http, https, ftp, sftp, git, magnet"", ""URLs with paths, query Strings, and fragments""",embedded in references,Hidden in annotation layers,
1602.03455,28,uri:{http://arxiv.org/abs/hep-ph/0406184},http://arxiv.org/abs/hep-ph/0406184,References,"""URLs with schemes such as http, https, ftp, sftp, git, magnet"", ""URLs with paths, query Strings, and fragments""",embedded in references,Hidden in annotation layers,
1602.03455,25,uri:{http://arxiv.org/abs/hep-ph/0211282},http://arxiv.org/abs/hep-ph/0211282,References,"""URLs with schemes such as http, https, ftp, sftp, git, magnet"", ""URLs with paths, query Strings, and fragments""",embedded in references,Hidden in annotation layers,
1602.03455,24,uri:{http://arxiv.org/abs/hep-ph/0008090},http://arxiv.org/abs/hep-ph/0008090,References,"""URLs with schemes such as http, https, ftp, sftp, git, magnet"", ""URLs with paths, query Strings, and fragments""",embedded in references,Hidden in annotation layers,
1602.03455,26,uri:{http://arxiv.org/abs/hep-ex/0611054},http://arxiv.org/abs/hep-ex/0611054,References,"""URLs with schemes such as http, https, ftp, sftp, git, magnet"", ""URLs with paths, query Strings, and fragments""",embedded in references,Hidden in annotation layers,
1602.03455,26,uri:{http://arxiv.org/abs/hep-ex/0412072},http://arxiv.org/abs/hep-ex/0412072,References,"""URLs with schemes such as http, https, ftp, sftp, git, magnet"", ""URLs with paths, query Strings, and fragments""",embedded in references,Hidden in annotation layers,
1602.03455,28,uri:{http://arxiv.org/abs/1605.01082},http://arxiv.org/abs/1605.01082,References,"""URLs with schemes such as http, https, ftp, sftp, git, magnet"", ""URLs with paths, query Strings, and fragments""",embedded in references,Hidden in annotation layers,
1602.03455,28,uri:{http://arxiv.org/abs/1604.01525},http://arxiv.org/abs/1604.01525,References,"""URLs with schemes such as http, https, ftp, sftp, git, magnet"", ""URLs with paths, query Strings, and fragments""",embedded in references,Hidden in annotation layers,
1602.03455,27,uri:{http://arxiv.org/abs/1602.03160},http://arxiv.org/abs/1602.03160,References,"""URLs with schemes such as http, https, ftp, sftp, git, magnet"", ""URLs with paths, query Strings, and fragments""",embedded in references,Hidden in annotation layers,
1602.03455,26,uri:{http://arxiv.org/abs/1512.02494},http://arxiv.org/abs/1512.02494,References,"""URLs with schemes such as http, https, ftp, sftp, git, magnet"", ""URLs with paths, query Strings, and fragments""",embedded in references,Hidden in annotation layers,
1602.03455,28,uri:{http://arxiv.org/abs/1509.01098},http://arxiv.org/abs/1509.01098,References,"""URLs with schemes such as http, https, ftp, sftp, git, magnet"", ""URLs with paths, query Strings, and fragments""",embedded in references,Hidden in annotation layers,
1602.03455,26,uri:{http://arxiv.org/abs/1505.01710},http://arxiv.org/abs/1505.01710,References,"""URLs with schemes such as http, https, ftp, sftp, git, magnet"", ""URLs with paths, query Strings, and fragments""",embedded in references,Hidden in annotation layers,
1602.03455,26,uri:{http://arxiv.org/abs/1505.01654},http://arxiv.org/abs/1505.01654,References,"""URLs with schemes such as http, https, ftp, sftp, git, magnet"", ""URLs with paths, query Strings, and fragments""",embedded in references,Hidden in annotation layers,
1602.03455,25,uri:{http://arxiv.org/abs/1505.01505},http://arxiv.org/abs/1505.01505,References,"""URLs with schemes such as http, https, ftp, sftp, git, magnet"", ""URLs with paths, query Strings, and fragments""",embedded in references,Hidden in annotation layers,
1602.03455,27,uri:{http://arxiv.org/abs/1501.06777},http://arxiv.org/abs/1501.06777,References,"""URLs with schemes such as http, https, ftp, sftp, git, magnet"", ""URLs with paths, query Strings, and fragments""",embedded in references,Hidden in annotation layers,
1602.03455,27,uri:{http://arxiv.org/abs/1412.7515},http://arxiv.org/abs/1412.7515,References,"""URLs with schemes such as http, https, ftp, sftp, git, magnet"", ""URLs with paths, query Strings, and fragments""",embedded in references,Hidden in annotation layers,
1602.03455,27,uri:{http://arxiv.org/abs/1412.6751},http://arxiv.org/abs/1412.6751,References,"""URLs with schemes such as http, https, ftp, sftp, git, magnet"", ""URLs with paths, query Strings, and fragments""",embedded in references,Hidden in annotation layers,
1602.03455,25,uri:{http://arxiv.org/abs/1412.6352},http://arxiv.org/abs/1412.6352,References,"""URLs with schemes such as http, https, ftp, sftp, git, magnet"", ""URLs with paths, query Strings, and fragments""",embedded in references,Hidden in annotation layers,
1602.03455,27,uri:{http://arxiv.org/abs/1409.5080},http://arxiv.org/abs/1409.5080,References,"""URLs with schemes such as http, https, ftp, sftp, git, magnet"", ""URLs with paths, query Strings, and fragments""",embedded in references,Hidden in annotation layers,
1602.03455,27,uri:{http://arxiv.org/abs/1408.0275},http://arxiv.org/abs/1408.0275,References,"""URLs with schemes such as http, https, ftp, sftp, git, magnet"", ""URLs with paths, query Strings, and fragments""",embedded in references,Hidden in annotation layers,
1602.03455,28,uri:{http://arxiv.org/abs/1407.8136},http://arxiv.org/abs/1407.8136,References,"""URLs with schemes such as http, https, ftp, sftp, git, magnet"", ""URLs with paths, query Strings, and fragments""",embedded in references,Hidden in annotation layers,
1602.03455,26,uri:{http://arxiv.org/abs/1407.7712},http://arxiv.org/abs/1407.7712,References,"""URLs with schemes such as http, https, ftp, sftp, git, magnet"", ""URLs with paths, query Strings, and fragments""",embedded in references,Hidden in annotation layers,
1602.03455,26,uri:{http://arxiv.org/abs/1407.7574},http://arxiv.org/abs/1407.7574,References,"""URLs with schemes such as http, https, ftp, sftp, git, magnet"", ""URLs with paths, query Strings, and fragments""",embedded in references,Hidden in annotation layers,
1602.03455,26,uri:{http://arxiv.org/abs/1311.4823},http://arxiv.org/abs/1311.4823,References,"""URLs with schemes such as http, https, ftp, sftp, git, magnet"", ""URLs with paths, query Strings, and fragments""",embedded in references,Hidden in annotation layers,
1602.03455,24,uri:{http://arxiv.org/abs/1308.5663},http://arxiv.org/abs/1308.5663,References,"""URLs with schemes such as http, https, ftp, sftp, git, magnet"", ""URLs with paths, query Strings, and fragments""",embedded in references,Hidden in annotation layers,
1602.03455,25,uri:{http://arxiv.org/abs/1308.4583},http://arxiv.org/abs/1308.4583,References,"""URLs with schemes such as http, https, ftp, sftp, git, magnet"", ""URLs with paths, query Strings, and fragments""",embedded in references,Hidden in annotation layers,
1602.03455,25,uri:{http://arxiv.org/abs/1308.1302},http://arxiv.org/abs/1308.1302,References,"""URLs with schemes such as http, https, ftp, sftp, git, magnet"", ""URLs with paths, query Strings, and fragments""",embedded in references,Hidden in annotation layers,
1602.03455,27,uri:{http://arxiv.org/abs/1307.4556},http://arxiv.org/abs/1307.4556,References,"""URLs with schemes such as http, https, ftp, sftp, git, magnet"", ""URLs with paths, query Strings, and fragments""",embedded in references,Hidden in annotation layers,
1602.03455,27,uri:{http://arxiv.org/abs/1305.2050},http://arxiv.org/abs/1305.2050,References,"""URLs with schemes such as http, https, ftp, sftp, git, magnet"", ""URLs with paths, query Strings, and fragments""",embedded in references,Hidden in annotation layers,
1602.03455,26,uri:{http://arxiv.org/abs/1302.5854},http://arxiv.org/abs/1302.5854,References,"""URLs with schemes such as http, https, ftp, sftp, git, magnet"", ""URLs with paths, query Strings, and fragments""",embedded in references,Hidden in annotation layers,
1602.03455,27,uri:{http://arxiv.org/abs/1211.6759},http://arxiv.org/abs/1211.6759,References,"""URLs with schemes such as http, https, ftp, sftp, git, magnet"", ""URLs with paths, query Strings, and fragments""",embedded in references,Hidden in annotation layers,
1602.03455,26,uri:{http://arxiv.org/abs/1210.1089},http://arxiv.org/abs/1210.1089,References,"""URLs with schemes such as http, https, ftp, sftp, git, magnet"", ""URLs with paths, query Strings, and fragments""",embedded in references,Hidden in annotation layers,
1602.03455,26,uri:{http://arxiv.org/abs/1207.5991},http://arxiv.org/abs/1207.5991,References,"""URLs with schemes such as http, https, ftp, sftp, git, magnet"", ""URLs with paths, query Strings, and fragments""",embedded in references,Hidden in annotation layers,
1602.03455,28,uri:{http://arxiv.org/abs/1205.0422},http://arxiv.org/abs/1205.0422,References,"""URLs with schemes such as http, https, ftp, sftp, git, magnet"", ""URLs with paths, query Strings, and fragments""",embedded in references,Hidden in annotation layers,
1602.03455,24,uri:{http://arxiv.org/abs/0909.1495},http://arxiv.org/abs/0909.1495,References,"""URLs with schemes such as http, https, ftp, sftp, git, magnet"", ""URLs with paths, query Strings, and fragments""",embedded in references,Hidden in annotation layers,
1602.03455,28,uri:{http://arxiv.org/abs/0904.2112},http://arxiv.org/abs/0904.2112,References,"""URLs with schemes such as http, https, ftp, sftp, git, magnet"", ""URLs with paths, query Strings, and fragments""",embedded in references,Hidden in annotation layers,
1602.03455,24,uri:{http://arxiv.org/abs/0810.2706},http://arxiv.org/abs/0810.2706,References,"""URLs with schemes such as http, https, ftp, sftp, git, magnet"", ""URLs with paths, query Strings, and fragments""",embedded in references,Hidden in annotation layers,
1602.03455,28,uri:{http://arxiv.org/abs/0805.2001},http://arxiv.org/abs/0805.2001,References,"""URLs with schemes such as http, https, ftp, sftp, git, magnet"", ""URLs with paths, query Strings, and fragments""",embedded in references,Hidden in annotation layers,
1602.03455,25,uri:{http://arxiv.org/abs/0710.3820},http://arxiv.org/abs/0710.3820,References,"""URLs with schemes such as http, https, ftp, sftp, git, magnet"", ""URLs with paths, query Strings, and fragments""",embedded in references,Hidden in annotation layers,
1602.07564,17,uri:{http://www.sciencedirect.com/science/article/pii/S0022311513000330},http://www.sciencedirect.com/science/article/pii/S0022311513000330,References,"""URLs with schemes such as http, https, ftp, sftp, git, magnet"", ""URLs with paths, query Strings, and fragments""",embedded in references,,
1602.07564,1,uri:{http://www.euro-fusionscipub.org/mst1},http://www.euro-fusionscipub.org/mst1,Abstract,"""URLs with schemes such as http, https, ftp, sftp, git, magnet"", ""URLs with paths, query Strings, and fragments""",,,
1602.07564,19,uri:{http://www-naweb.iaea.org/napc/physics/FEC/FEC2012/papers/577_THP427.pdf},http://www-naweb.iaea.org/napc/physics/FEC/FEC2012/papers/577_THP427.pdf,References,"""URLs with schemes such as http, https, ftp, sftp, git, magnet"", URLs with subdomain, ""URLs with paths, query Strings, and fragments""",embedded in references,,
1602.07564,17,uri:{http://stacks.iop.org/0741-3335/57/i=9/a=095008},http://stacks.iop.org/0741-3335/57/i=9/a=095008,References,"""URLs with schemes such as http, https, ftp, sftp, git, magnet"", URLs with subdomain, ""URLs with paths, query Strings, and fragments""","split across lines, embedded in references",,
1602.07564,15,uri:{http://stacks.iop.org/0741-3335/57/i=5/a=054006},http://stacks.iop.org/0741-3335/57/i=5/a=054006,References,"""URLs with schemes such as http, https, ftp, sftp, git, magnet"", URLs with subdomain, ""URLs with paths, query Strings, and fragments""",embedded in references,,
1602.07564,17,uri:{http://stacks.iop.org/0741-3335/57/i=1/a=014020},http://stacks.iop.org/0741-3335/57/i=1/a=014020,References,"""URLs with schemes such as http, https, ftp, sftp, git, magnet"", URLs with subdomain, ""URLs with paths, query Strings, and fragments""",embedded in references,,
1602.07564,18,uri:{http://stacks.iop.org/0741-3335/55/i=12/a=124037},http://stacks.iop.org/0741-3335/55/i=12/a=124037,References,"""URLs with schemes such as http, https, ftp, sftp, git, magnet"", URLs with subdomain, ""URLs with paths, query Strings, and fragments""",embedded in references,,
1602.07564,19,uri:{http://stacks.iop.org/0741-3335/53/i=6/a=065011},http://stacks.iop.org/0741-3335/53/i=6/a=065011,References,"""URLs with schemes such as http, https, ftp, sftp, git, magnet"", URLs with subdomain, ""URLs with paths, query Strings, and fragments""",embedded in references,,
1602.07564,18,uri:{http://stacks.iop.org/0741-3335/53/i=12/a=124014},http://stacks.iop.org/0741-3335/53/i=12/a=124014,References,"""URLs with schemes such as http, https, ftp, sftp, git, magnet"", URLs with subdomain, ""URLs with paths, query Strings, and fragments""",embedded in references,,
1602.07564,15,uri:{http://stacks.iop.org/0741-3335/38/i=10/a=002},http://stacks.iop.org/0741-3335/38/i=10/a=002,References,"""URLs with schemes such as http, https, ftp, sftp, git, magnet"", URLs with subdomain, ""URLs with paths, query Strings, and fragments""",embedded in references,,
1602.07564,17,uri:{http://stacks.iop.org/0029-5515/55/i=6/a=063027},http://stacks.iop.org/0029-5515/55/i=6/a=063027,References,"""URLs with schemes such as http, https, ftp, sftp, git, magnet"", URLs with subdomain, ""URLs with paths, query Strings, and fragments""","split across lines, embedded in references",,
1602.07564,18,uri:{http://stacks.iop.org/0029-5515/55/i=4/a=043011},http://stacks.iop.org/0029-5515/55/i=4/a=043011,References,"""URLs with schemes such as http, https, ftp, sftp, git, magnet"", URLs with subdomain, ""URLs with paths, query Strings, and fragments""",embedded in references,,
1602.07564,16,uri:{http://stacks.iop.org/0029-5515/55/i=10/a=104015},http://stacks.iop.org/0029-5515/55/i=10/a=104015,References,"""URLs with schemes such as http, https, ftp, sftp, git, magnet"", URLs with subdomain, ""URLs with paths, query Strings, and fragments""","split across lines, embedded in references",,
1602.07564,19,uri:{http://stacks.iop.org/0029-5515/52/i=7/a=074004},http://stacks.iop.org/0029-5515/52/i=7/a=074004,References,"""URLs with schemes such as http, https, ftp, sftp, git, magnet"", URLs with subdomain, ""URLs with paths, query Strings, and fragments""",embedded in references,,
1602.07564,16,uri:{http://stacks.iop.org/0029-5515/50/i=3/a=034012},http://stacks.iop.org/0029-5515/50/i=3/a=034012,References,"""URLs with schemes such as http, https, ftp, sftp, git, magnet"", URLs with subdomain, ""URLs with paths, query Strings, and fragments""","split across lines, embedded in references",,
1602.07564,16,uri:{http://stacks.iop.org/0029-5515/50/i=3/a=034008},http://stacks.iop.org/0029-5515/50/i=3/a=034008,References,"""URLs with schemes such as http, https, ftp, sftp, git, magnet"", URLs with subdomain, ""URLs with paths, query Strings, and fragments""",embedded in references,,
1602.07564,16,uri:{http://stacks.iop.org/0029-5515/49/i=5/a=055025},http://stacks.iop.org/0029-5515/49/i=5/a=055025,References,"""URLs with schemes such as http, https, ftp, sftp, git, magnet"", URLs with subdomain, ""URLs with paths, query Strings, and fragments""",embedded in references,,
1602.07564,18,uri:{http://stacks.iop.org/0029-5515/47/i=7/a=016},http://stacks.iop.org/0029-5515/47/i=7/a=016,References,"""URLs with schemes such as http, https, ftp, sftp, git, magnet"", URLs with subdomain, ""URLs with paths, query Strings, and fragments""",embedded in references,,
1602.07564,15,uri:{http://scitation.aip.org/content/aip/journal/pop/9/5/10.1063/1.1449463},http://scitation.aip.org/content/aip/journal/pop/9/5/10.1063/1.1449463,References,"""URLs with schemes such as http, https, ftp, sftp, git, magnet"", URLs with subdomain, ""URLs with paths, query Strings, and fragments""","split across lines, embedded in references",,
1602.07564,17,uri:{http://scitation.aip.org/content/aip/journal/pop/20/10/10.1063/1.4824820},http://scitation.aip.org/content/aip/journal/pop/20/10/10.1063/1.4824820,References,"""URLs with schemes such as http, https, ftp, sftp, git, magnet"", URLs with subdomain, ""URLs with paths, query Strings, and fragments""","split across lines, embedded in references",,
1602.07564,17,uri:{http://scitation.aip.org/content/aip/journal/pop/19/5/10.1063/1.3694657},http://scitation.aip.org/content/aip/journal/pop/19/5/10.1063/1.3694657,References,"""URLs with schemes such as http, https, ftp, sftp, git, magnet"", URLs with subdomain, ""URLs with paths, query Strings, and fragments""","split across lines, embedded in references",,
1602.07564,16,uri:{http://link.aps.org/doi/10.1103/PhysRevLett.92.235003},http://link.aps.org/doi/10.1103/PhysRevLett.92.235003,References,"""URLs with schemes such as http, https, ftp, sftp, git, magnet"", URLs with subdomain, ""URLs with paths, query Strings, and fragments""","split across lines, embedded in references",,
1602.07564,18,uri:{http://link.aps.org/doi/10.1103/PhysRevLett.114.105002},http://link.aps.org/doi/10.1103/PhysRevLett.114.105002,References,"""URLs with schemes such as http, https, ftp, sftp, git, magnet"", URLs with subdomain, ""URLs with paths, query Strings, and fragments""",embedded in references,,
1602.07564,17,uri:{http://link.aps.org/doi/10.1103/PhysRevLett.114.105001},http://link.aps.org/doi/10.1103/PhysRevLett.114.105001,References,"""URLs with schemes such as http, https, ftp, sftp, git, magnet"", URLs with subdomain, ""URLs with paths, query Strings, and fragments""","split across lines, embedded in references",,
1602.07564,16,uri:{http://link.aps.org/doi/10.1103/PhysRevLett.109.035004},http://link.aps.org/doi/10.1103/PhysRevLett.109.035004,References,"""URLs with schemes such as http, https, ftp, sftp, git, magnet"", URLs with subdomain, ""URLs with paths, query Strings, and fragments""",embedded in references,,
1602.07564,18,uri:{http://link.aps.org/doi/10.1103/PhysRevLett.108.255003},http://link.aps.org/doi/10.1103/PhysRevLett.108.255003,References,"""URLs with schemes such as http, https, ftp, sftp, git, magnet"", URLs with subdomain, ""URLs with paths, query Strings, and fragments""","split across lines, embedded in references",,
1602.07564,16,uri:{http://link.aps.org/doi/10.1103/PhysRevLett.106.225004},http://link.aps.org/doi/10.1103/PhysRevLett.106.225004,References,"""URLs with schemes such as http, https, ftp, sftp, git, magnet"", URLs with subdomain, ""URLs with paths, query Strings, and fragments""","split across lines, embedded in references",,
1602.07564,18,uri:{http://link.aip.org/link/?PHP/15/042508/1},http://link.aip.org/link/?PHP/15/042508/1,References,"""URLs with schemes such as http, https, ftp, sftp, git, magnet"", URLs with subdomain, ""URLs with paths, query Strings, and fragments""",embedded in references,,
1602.07564,17,uri:{http://iopscience.iop.org/0029-5515/52/5/054003/},http://iopscience.iop.org/0029-5515/52/5/054003/,References,"""URLs with schemes such as http, https, ftp, sftp, git, magnet"", URLs with subdomain, ""URLs with paths, query Strings, and fragments"", URLs with trailing slashes","split across lines, embedded in references",,
1602.07564,16,uri:{http://iopscience.iop.org/0029-5515/50/3/034002/},http://iopscience.iop.org/0029-5515/50/3/034002/,References,"""URLs with schemes such as http, https, ftp, sftp, git, magnet"", URLs with subdomain, ""URLs with paths, query Strings, and fragments"", URLs with trailing slashes","split across lines, embedded in references",,
1602.07564,15,,http://dx.doi.org/10.1063/1.1449463,References,"""URLs with schemes such as http, https, ftp, sftp, git, magnet"", URLs with subdomain, ""URLs with paths, query Strings, and fragments""",embedded in references,,
1602.07564,16,,http://dx.doi.org/10.1088/0029-5515/50/3/034002,References,"""URLs with schemes such as http, https, ftp, sftp, git, magnet"", URLs with subdomain, ""URLs with paths, query Strings, and fragments""",embedded in references,,
1602.07564,17,,http://dx.doi.org/10.1088/0029-5515/52/5/054003,References,"""URLs with schemes such as http, https, ftp, sftp, git, magnet"", URLs with subdomain, ""URLs with paths, query Strings, and fragments""","split across lines, embedded in references",,
1602.07564,17,,http://dx.doi.org/10.1063/1.3694657,References,"""URLs with schemes such as http, https, ftp, sftp, git, magnet"", URLs with subdomain, ""URLs with paths, query Strings, and fragments""",embedded in references,,
1602.07564,17,,http://dx.doi.org/10.1016/j.jnucmat.2013.01.025,References,"""URLs with schemes such as http, https, ftp, sftp, git, magnet"", URLs with subdomain, ""URLs with paths, query Strings, and fragments""",embedded in references,,
1602.07564,17,,http://dx.doi.org/10.1063/1.4824820,References,"""URLs with schemes such as http, https, ftp, sftp, git, magnet"", URLs with subdomain, ""URLs with paths, query Strings, and fragments""","split across lines, embedded in references",,
1602.07564,19,,http://meetings.aps.org/link/BAPS.2015.DPP.TP12.109,References,"""URLs with schemes such as http, https, ftp, sftp, git, magnet"", URLs with subdomain, ""URLs with paths, query Strings, and fragments""",embedded in references,,
1602.07564,18,,www-pub.iaea.org/iaeameetings/46091/25th-Fusion-Energy-Conference-FEC-2014,References,"""URLs with schemes such as http, https, ftp, sftp, git, magnet"", URLs with subdomain, ""URLs with paths, query Strings, and fragments""","split across lines, embedded in references",,
1602.08429,6,uri:{mailto:diane.wilcox@wits.ac.za},mailto:diane.wilcox@wits.ac.za,References,"""URLs with schemes such as http, https, ftp, sftp, git, magnet""",embedded in references,Hidden in annotation layers,
1602.08429,,,http://ssrn.com/abstract=1112664,References,"""URLs with schemes such as http, https, ftp, sftp, git, magnet""",embedded in references,,
1602.08429,,,http://dx.doi.org/10.2139/ssrn.2283486,References,"""URLs with schemes such as http, https, ftp, sftp, git, magnet"", URLs with subdomain, ""URLs with paths, query Strings, and fragments""",embedded in references,,
1602.08429,,,http://arxiv.org/pdf/1408.5585.pdf,References,"""URLs with schemes such as http, https, ftp, sftp, git, magnet"", ""URLs with paths, query Strings, and fragments""",embedded in references,,
1702.05374,17,uri:{https://sites.google.com/site/xyzliwen/publications/HFA_release_0315.rar},https://sites.google.com/site/xyzliwen/publications/HFA_release_0315.rar,Methodology,"URLs with subdomain, ""URLs with schemes such as http, https, ftp, sftp, git, magnet"", ""URLs with paths, query Strings, and fragments""","split across lines, embedded in footnotes",,
1702.05374,23,uri:{https://github.com/VisionLearningGroup/CORAL},https://github.com/VisionLearningGroup/CORAL,Methodology,"""URLs with schemes such as http, https, ftp, sftp, git, magnet"", ""URLs with paths, query Strings, and fragments""",embedded in footnotes,,
1702.05374,19,uri:{https://github.com/UCBAIR/decaf-releas},https://github.com/UCBAIR/decaf-releas,Methodology,"""URLs with schemes such as http, https, ftp, sftp, git, magnet"", ""URLs with paths, query Strings, and fragments""",embedded in footnotes,,
1702.05374,23,uri:{https://github.com/thuml/transfer-caffe},https://github.com/thuml/transfer-caffe,Methodology,"""URLs with schemes such as http, https, ftp, sftp, git, magnet"", ""URLs with paths, query Strings, and fragments""",embedded in footnotes,,
1702.05374,10,uri:{https://github.com/sclincha/xrce_msda_da_regularization},https://github.com/sclincha/xrce_msda_da_regularization,Methodology,"""URLs with schemes such as http, https, ftp, sftp, git, magnet"", ""URLs with paths, query Strings, and fragments""",embedded in footnotes,,
1702.05374,31,uri:{https://github.com/jhoffman/lsda/zipball/master},https://github.com/jhoffman/lsda/zipball/master,Methodology,"""URLs with schemes such as http, https, ftp, sftp, git, magnet"", ""URLs with paths, query Strings, and fragments""",embedded in footnotes,,
1702.05374,22,uri:{https://github.com/ghif/mtae},https://github.com/ghif/mtae,Methodology,"""URLs with schemes such as http, https, ftp, sftp, git, magnet"", ""URLs with paths, query Strings, and fragments""",embedded in footnotes,,
1702.05374,25,uri:{https://github.com/ghif/drcn},https://github.com/ghif/drcn,Methodology,"""URLs with schemes such as http, https, ftp, sftp, git, magnet"", ""URLs with paths, query Strings, and fragments""",embedded in footnotes,,
1702.05374,24,uri:{https://github.com/erictzeng/caffe/tree/confusion},https://github.com/erictzeng/caffe/tree/confusion,Methodology,"""URLs with schemes such as http, https, ftp, sftp, git, magnet"", ""URLs with paths, query Strings, and fragments""",embedded in footnotes,,
1702.05374,24,uri:{https://github.com/ddtm/caffe/tree/grl},https://github.com/ddtm/caffe/tree/grl,Methodology,"""URLs with schemes such as http, https, ftp, sftp, git, magnet"", ""URLs with paths, query Strings, and fragments""",embedded in footnotes,,
1702.05374,6,uri:{https://github.com/BoChen90/machine-learning-matlab/blob/master/TrAdaBoost.m},https://github.com/BoChen90/machine-learning-matlab/blob/master/TrAdaBoost.m,Methodology,"""URLs with schemes such as http, https, ftp, sftp, git, magnet"", ""URLs with paths, query Strings, and fragments""",embedded in footnotes,,
1702.05374,9,uri:{https://drive.google.com/uc?export=download&id=0B9_PW9TCpxT0SEdMQ1pCNzdZekU},https://drive.google.com/uc?export=download&id=0B9_PW9TCpxT0SEdMQ1pCNzdZekU,Methodology,"""URLs with schemes such as http, https, ftp, sftp, git, magnet"", ""URLs with paths, query Strings, and fragments"", URLs with subdomain",embedded in footnotes,,
1702.05374,9,uri:{https://drive.google.com/uc?export=download&id=0B9_PW9TCpxT0c292bWlRaWtXRHc},https://drive.google.com/uc?export=download&id=0B9_PW9TCpxT0c292bWlRaWtXRHc,Methodology,"""URLs with schemes such as http, https, ftp, sftp, git, magnet"", ""URLs with paths, query Strings, and fragments"", URLs with subdomain",embedded in footnotes,,
1702.05374,14,uri:{https://cs.stanford.edu/~jhoffman/code/hoffman_latent_domains_release_v2.zip},https://cs.stanford.edu/~jhoffman/code/hoffman_latent_domains_release_v2.zip,Methodology,"""URLs with schemes such as http, https, ftp, sftp, git, magnet"", ""URLs with paths, query Strings, and fragments"", URLs with subdomain",embedded in footnotes,,
1702.05374,10,uri:{https://cs.stanford.edu/~jhoffman/code/Hoffman_ICLR13_MMDT_v3.zip},https://cs.stanford.edu/~jhoffman/code/Hoffman_ICLR13_MMDT_v3.zip,Methodology,"""URLs with schemes such as http, https, ftp, sftp, git, magnet"", ""URLs with paths, query Strings, and fragments"", URLs with subdomain",embedded in footnotes,,
1702.05374,28,uri:{http://www.xrce.xerox.com/Research-Development/Computer-Vision/Proxy-Virtual-Worlds},http://www.xrce.xerox.com/Research-Development/Computer-Vision/Proxy-Virtual-Worlds,Methodology,"""URLs with schemes such as http, https, ftp, sftp, git, magnet"", URLs with subdomain, ""URLs with paths, query Strings, and fragments""","split across lines, embedded in footnotes",,
1702.05374,1,uri:{www.xrce.xerox.com},www.xrce.xerox.com,Introduction,URLs with subdomain,embedded in footnotes,,
1702.05374,18,uri:{http://www.umiacs.umd.edu/~pvishalm/Codes/DomainAdaptDict.zip},http://www.umiacs.umd.edu/~pvishalm/Codes/DomainAdaptDict.zip,Methodology,"""URLs with schemes such as http, https, ftp, sftp, git, magnet"", ""URLs with paths, query Strings, and fragments"", URLs with subdomain",embedded in footnotes,,
1702.05374,11,uri:{http://www.tatianatommasi.com/2013/DANBNNdemo.tar.gz},http://www.tatianatommasi.com/2013/DANBNNdemo.tar.gz,Methodology,"""URLs with schemes such as http, https, ftp, sftp, git, magnet"", ""URLs with paths, query Strings, and fragments""",embedded in footnotes,,
1702.05374,16,uri:{http://www.ifp.illinois.edu/%7Eqi4/TTI_release_v1.zip},http://www.ifp.illinois.edu/%7Eqi4/TTI_release_v1.zip,Methodology,"""URLs with schemes such as http, https, ftp, sftp, git, magnet"", ""URLs with paths, query Strings, and fragments"", URLs with subdomain, URLs with escape characters",embedded in footnotes,,
1702.05374,16,uri:{http://www.cse.ust.hk/%7Eyinz/htl4ic.zip},http://www.cse.ust.hk/%7Eyinz/htl4ic.zip,Methodology,"""URLs with schemes such as http, https, ftp, sftp, git, magnet"", ""URLs with paths, query Strings, and fragments"", URLs with subdomain, URLs with escape characters",embedded in footnotes,,
1702.05374,6,uri:{http://www.codeforge.com/article/248440},http://www.codeforge.com/article/248440,Methodology,"""URLs with schemes such as http, https, ftp, sftp, git, magnet"", ""URLs with paths, query Strings, and fragments""","split across lines, embedded in footnotes",,
1702.05374,12,uri:{http://www-scf.usc.edu/~boqinggo/domain_adaptation/landmark_v1.zip},http://www-scf.usc.edu/~boqinggo/domain_adaptation/landmark_v1.zip,Methodology,"""URLs with schemes such as http, https, ftp, sftp, git, magnet"", ""URLs with paths, query Strings, and fragments"", URLs with subdomain",embedded in footnotes,,
1702.05374,7,uri:{http://www-scf.usc.edu/~boqinggo/domain_adaptation/GFK_v1.zip},http://www-scf.usc.edu/~boqinggo/domain_adaptation/GFK_v1.zip,Methodology,"""URLs with schemes such as http, https, ftp, sftp, git, magnet"", ""URLs with paths, query Strings, and fragments"", URLs with subdomain",embedded in footnotes,,
1702.05374,19,uri:{http://vision.cs.uml.edu/code/DomainTransformsECCV10_v1.tar.gz},http://vision.cs.uml.edu/code/DomainTransformsECCV10_v1.tar.gz,Methodology,"""URLs with schemes such as http, https, ftp, sftp, git, magnet"", ""URLs with paths, query Strings, and fragments"", URLs with subdomain",embedded in footnotes,,
1702.05374,28,uri:{http://synthia-dataset.net},http://synthia-dataset.net,Methodology,"""URLs with schemes such as http, https, ftp, sftp, git, magnet""",embedded in footnotes,,
1702.05374,20,uri:{http://projects.csail.mit.edu/cmplaces/},http://projects.csail.mit.edu/cmplaces/,Methodology,"""URLs with schemes such as http, https, ftp, sftp, git, magnet"", URLs with subdomain, ""URLs with paths, query Strings, and fragments"", URLs with trailing slashes",embedded in footnotes,,
1702.05374,9,uri:{http://ise.thss.tsinghua.edu.cn/~mlong/doc/transfer-sparse-coding-cvpr13.zip},http://ise.thss.tsinghua.edu.cn/~mlong/doc/transfer-sparse-coding-cvpr13.zip,Methodology,"""URLs with schemes such as http, https, ftp, sftp, git, magnet"", ""URLs with paths, query Strings, and fragments"", URLs with subdomain",embedded in footnotes,,
1702.05374,9,uri:{http://ise.thss.tsinghua.edu.cn/~mlong/doc/transfer-joint-matching-cvpr14.zip},http://ise.thss.tsinghua.edu.cn/~mlong/doc/transfer-joint-matching-cvpr14.zip,Methodology,"""URLs with schemes such as http, https, ftp, sftp, git, magnet"", ""URLs with paths, query Strings, and fragments"", URLs with subdomain",embedded in footnotes,,
1702.05374,10,uri:{http://ise.thss.tsinghua.edu.cn/~mlong/doc/joint-distribution-adaptation-iccv13.zip},http://ise.thss.tsinghua.edu.cn/~mlong/doc/joint-distribution-adaptation-iccv13.zip,Methodology,"""URLs with schemes such as http, https, ftp, sftp, git, magnet"", ""URLs with paths, query Strings, and fragments"", URLs with subdomain","split across lines, embedded in footnotes",,
1702.05374,10,uri:{http://ise.thss.tsinghua.edu.cn/~mlong/doc/adaptation-regularization-tkde14.zip},http://ise.thss.tsinghua.edu.cn/~mlong/doc/adaptation-regularization-tkde14.zip,Methodology,"""URLs with schemes such as http, https, ftp, sftp, git, magnet"", ""URLs with paths, query Strings, and fragments"", URLs with subdomain","split across lines, embedded in footnotes",,
1702.05374,12,uri:{http://home.heeere.com/data/cvpr-2015/LSSA.zip},http://home.heeere.com/data/cvpr-2015/LSSA.zip,Methodology,"""URLs with schemes such as http, https, ftp, sftp, git, magnet"", URLs with subdomain, ""URLs with paths, query Strings, and fragments""",embedded in footnotes,,
1702.06272,1,uri:{http://arxiv.org/abs/1702.06272v1},http://arxiv.org/abs/1702.06272v1,Header,"""URLs with schemes such as http, https, ftp, sftp, git, magnet"", ""URLs with paths, query Strings, and fragments""",,"Hidden in annotation layers, Hidden in metadata",
1702.06272,13,,http://www.informatik.uni-bremen.de/rev_lib/index.php,References,"""URLs with schemes such as http, https, ftp, sftp, git, magnet"", URLs with subdomain, ""URLs with paths, query Strings, and fragments""",embedded in references,,
1702.06272,14,,http://www.research.ibm.com/quantum/,References,"""URLs with schemes such as http, https, ftp, sftp, git, magnet"", URLs with subdomain, ""URLs with paths, query Strings, and fragments"", URLs with trailing slashes",embedded in references,,
1702.06272,13,,http://webhome.cs.uvic.ca/~dmaslov/,References,"""URLs with schemes such as http, https, ftp, sftp, git, magnet"", URLs with subdomain, ""URLs with paths, query Strings, and fragments"", URLs with trailing slashes",embedded in references,,
1702.06593,5,uri:{https://www.es.net/},https://www.es.net/,Results and Discussion,"""URLs with schemes such as http, https, ftp, sftp, git, magnet"", URLs with trailing slashes",embedded in footnotes,,
1702.06593,7,uri:{https://fasterdata.es.net/host-tuning/linux/test-measurement-host-tuning/},https://fasterdata.es.net/host-tuning/linux/test-measurement-host-tuning/,References,"""URLs with schemes such as http, https, ftp, sftp, git, magnet"", URLs with subdomain, URLs with trailing slashes, ""URLs with paths, query Strings, and fragments""","split across lines, embedded in references",,
1702.06593,1,uri:{http://www.nersc.gov/users/computational-systems/cori/},http://www.nersc.gov/users/computational-systems/cori/,Introduction,"""URLs with schemes such as http, https, ftp, sftp, git, magnet"", URLs with trailing slashes, ""URLs with paths, query Strings, and fragments""",embedded in footnotes,,
1702.06593,6,uri:{http://root.cern.ch/},http://root.cern.ch/,References,"""URLs with schemes such as http, https, ftp, sftp, git, magnet"", URLs with subdomain, URLs with trailing slashes",embedded in references,,
1702.06593,6,uri:{http://arxiv.org/abs/1603.09303},http://arxiv.org/abs/1603.09303,References,"""URLs with schemes such as http, https, ftp, sftp, git, magnet"", ""URLs with paths, query Strings, and fragments""",embedded in references,Hidden in annotation layers,
1702.07578,1,uri:{mailto:marvin.loebel@tu-dortmund.de},mailto:marvin.loebel@tu-dortmund.de,Title & Authors,"""URLs with schemes such as http, https, ftp, sftp, git, magnet""",embedded in footnotes,Hidden in annotation layers,
1702.07578,1,uri:{mailto:johannes.fischer@cs.tu-dortmund.de},mailto:johannes.fischer@cs.tu-dortmund.de,Title & Authors,"""URLs with schemes such as http, https, ftp, sftp, git, magnet""",embedded in footnotes,Hidden in annotation layers,
1702.07578,1,uri:{mailto:florian.kurpicz@tu-dortmund.de},mailto:florian.kurpicz@tu-dortmund.de,Title & Authors,"""URLs with schemes such as http, https, ftp, sftp, git, magnet""",embedded in footnotes,Hidden in annotation layers,
1702.07578,6,uri:{https://people.csail.mit.edu/jshun},https://people.csail.mit.edu/jshun,Results and Discussion,"""URLs with schemes such as http, https, ftp, sftp, git, magnet"", URLs with subdomain, ""URLs with paths, query Strings, and fragments""",embedded in footnotes,,
1702.07578,6,uri:{https://github.com/kurpicz/pwm},https://github.com/kurpicz/pwm,Results and Discussion,"""URLs with schemes such as http, https, ftp, sftp, git, magnet"", ""URLs with paths, query Strings, and fragments""",embedded in footnotes,,
1702.07578,6,uri:{https://github.com/jlabeit/wavelet-suffix-fm-index},https://github.com/jlabeit/wavelet-suffix-fm-index,Results and Discussion,"""URLs with schemes such as http, https, ftp, sftp, git, magnet"", ""URLs with paths, query Strings, and fragments""",embedded in footnotes,,
1702.07578,6,uri:{https://github.com/jfuentess/waveletree},https://github.com/jfuentess/waveletree,Results and Discussion,"""URLs with schemes such as http, https, ftp, sftp, git, magnet"", ""URLs with paths, query Strings, and fragments""",embedded in footnotes,,
1702.07578,7,uri:{http://www.internationalgenome.org/data},http://www.internationalgenome.org/data,Methodology,"""URLs with schemes such as http, https, ftp, sftp, git, magnet"", ""URLs with paths, query Strings, and fragments""",,,
1702.07578,7,uri:{http://statmt.org/wmt16/translation-task.html},http://statmt.org/wmt16/translation-task.html,Methodology,"""URLs with schemes such as http, https, ftp, sftp, git, magnet"", ""URLs with paths, query Strings, and fragments""",split across lines,,
1702.07578,7,uri:{http://pizzachili.dcc.uchile.cl},http://pizzachili.dcc.uchile.cl,Methodology,"""URLs with schemes such as http, https, ftp, sftp, git, magnet"", URLs with subdomain",,,
1702.07578,8,uri:{http://oeis.org/A030109},http://oeis.org/A030109,Results and Discussion,"""URLs with schemes such as http, https, ftp, sftp, git, magnet"", ""URLs with paths, query Strings, and fragments""",embedded in footnotes,,
1702.07578,7,uri:{http://commoncrawl.org},http://commoncrawl.org,Methodology,"""URLs with schemes such as http, https, ftp, sftp, git, magnet""",split across lines,,
1801.09757,1,uri:{mailto:yzhou@as.arizona.edu},mailto:yzhou@as.arizona.edu,Footer,"""URLs with schemes such as http, https, ftp, sftp, git, magnet""",embedded in footnotes,Hidden in annotation layers,
1801.09757,6,uri:{http://www2.keck.hawaii.edu/inst/nirspec/redspec.html},http://www2.keck.hawaii.edu/inst/nirspec/redspec.html,Results and Discussion,"""URLs with schemes such as http, https, ftp, sftp, git, magnet"", URLs with subdomain, ""URLs with paths, query Strings, and fragments""",embedded in footnotes,,
1801.09757,2,uri:{http://www.stsci.edu/cgi-bin/get-proposal-info?observatory=HST&id=14241},http://www.stsci.edu/cgi-bin/get-proposal-info?observatory=HST&id=14241,Introduction,"""URLs with schemes such as http, https, ftp, sftp, git, magnet"", ""URLs with paths, query Strings, and fragments""",,,
1801.09757,14,uri:{http://stacks.iop.org/1538-3881/154/i=6/a=262},http://stacks.iop.org/1538-3881/154/i=6/a=262,References,"""URLs with schemes such as http, https, ftp, sftp, git, magnet"", ""URLs with paths, query Strings, and fragments"", URLs with subdomain",embedded in references,Hidden in annotation layers,
1801.09757,1,uri:{http://orcid.org/0000-0003-2969-6040},http://orcid.org/0000-0003-2969-6040,Title & Authors,"""URLs with schemes such as http, https, ftp, sftp, git, magnet"", ""URLs with paths, query Strings, and fragments""",,Hidden in annotation layers,
1801.09757,14,uri:{http://dx.doi.org/10.7717/peerj.453},http://dx.doi.org/10.7717/peerj.453,References,"""URLs with schemes such as http, https, ftp, sftp, git, magnet"", ""URLs with paths, query Strings, and fragments"", URLs with subdomain",embedded in references,Hidden in annotation layers,
1801.09757,14,uri:{http://dx.doi.org/10.3847/2041-8205/829/2/L32},http://dx.doi.org/10.3847/2041-8205/829/2/L32,References,"""URLs with schemes such as http, https, ftp, sftp, git, magnet"", ""URLs with paths, query Strings, and fragments"", URLs with subdomain",embedded in references,Hidden in annotation layers,
1801.09757,14,uri:{http://dx.doi.org/10.3847/1538-4357/aa90b8},http://dx.doi.org/10.3847/1538-4357/aa90b8,References,"""URLs with schemes such as http, https, ftp, sftp, git, magnet"", ""URLs with paths, query Strings, and fragments"", URLs with subdomain",embedded in references,Hidden in annotation layers,
1801.09757,13,uri:{http://dx.doi.org/10.3847/1538-4357/aa8e4f},http://dx.doi.org/10.3847/1538-4357/aa8e4f,References,"""URLs with schemes such as http, https, ftp, sftp, git, magnet"", ""URLs with paths, query Strings, and fragments"", URLs with subdomain",embedded in references,Hidden in annotation layers,
1801.09757,14,uri:{http://dx.doi.org/10.3847/1538-4357/833/1/96},http://dx.doi.org/10.3847/1538-4357/833/1/96,References,"""URLs with schemes such as http, https, ftp, sftp, git, magnet"", ""URLs with paths, query Strings, and fragments"", URLs with subdomain",embedded in references,Hidden in annotation layers,
1801.09757,14,uri:{http://dx.doi.org/10.3847/1538-3881/aa984f},http://dx.doi.org/10.3847/1538-3881/aa984f,References,"""URLs with schemes such as http, https, ftp, sftp, git, magnet"", ""URLs with paths, query Strings, and fragments"", URLs with subdomain",embedded in references,Hidden in annotation layers,
1801.09757,13,uri:{http://dx.doi.org/10.3847/1538-3881/aa899b},http://dx.doi.org/10.3847/1538-3881/aa899b,References,"""URLs with schemes such as http, https, ftp, sftp, git, magnet"", URLs with subdomain, ""URLs with paths, query Strings, and fragments""",split across lines,Hidden in annotation layers,
1801.09757,14,uri:{http://dx.doi.org/10.3847/1538-3881/aa6481},http://dx.doi.org/10.3847/1538-3881/aa6481,References,"""URLs with schemes such as http, https, ftp, sftp, git, magnet"", URLs with subdomain, ""URLs with paths, query Strings, and fragments""",split across lines,Hidden in annotation layers,
1801.09757,13,uri:{http://dx.doi.org/10.3847/0004-637X/830/2/96},http://dx.doi.org/10.3847/0004-637X/830/2/96,References,"""URLs with schemes such as http, https, ftp, sftp, git, magnet"", ""URLs with paths, query Strings, and fragments"", URLs with subdomain",embedded in references,Hidden in annotation layers,
1801.09757,14,uri:{http://dx.doi.org/10.3847/0004-637X/826/1/8},http://dx.doi.org/10.3847/0004-637X/826/1/8,References,"""URLs with schemes such as http, https, ftp, sftp, git, magnet"", ""URLs with paths, query Strings, and fragments"", URLs with subdomain",embedded in references,Hidden in annotation layers,
1801.09757,14,uri:{http://dx.doi.org/10.3847/0004-637X/818/2/176},http://dx.doi.org/10.3847/0004-637X/818/2/176,References,"""URLs with schemes such as http, https, ftp, sftp, git, magnet"", ""URLs with paths, query Strings, and fragments"", URLs with subdomain",embedded in references,Hidden in annotation layers,
1801.09757,14,uri:{http://dx.doi.org/10.1117/12.968154},http://dx.doi.org/10.1117/12.968154,References,"""URLs with schemes such as http, https, ftp, sftp, git, magnet"", URLs with subdomain, ""URLs with paths, query Strings, and fragments""",split across lines,Hidden in annotation layers,
1801.09757,14,uri:{http://dx.doi.org/10.1109/MCSE.2011.37},http://dx.doi.org/10.1109/MCSE.2011.37,References,"""URLs with schemes such as http, https, ftp, sftp, git, magnet"", URLs with subdomain, ""URLs with paths, query Strings, and fragments""",split across lines,Hidden in annotation layers,
1801.09757,13,uri:{http://dx.doi.org/10.1109/MCSE.2007.55},http://dx.doi.org/10.1109/MCSE.2007.55,References,"""URLs with schemes such as http, https, ftp, sftp, git, magnet"", ""URLs with paths, query Strings, and fragments"", URLs with subdomain",embedded in references,Hidden in annotation layers,
1801.09757,14,uri:{http://dx.doi.org/10.1109/MCSE.2007.53},http://dx.doi.org/10.1109/MCSE.2007.53,References,"""URLs with schemes such as http, https, ftp, sftp, git, magnet"", ""URLs with paths, query Strings, and fragments"", URLs with subdomain",embedded in references,Hidden in annotation layers,
1801.09757,13,uri:{http://dx.doi.org/10.1088/2041-8205/813/2/L23},http://dx.doi.org/10.1088/2041-8205/813/2/L23,References,"""URLs with schemes such as http, https, ftp, sftp, git, magnet"", ""URLs with paths, query Strings, and fragments"", URLs with subdomain",embedded in references,Hidden in annotation layers,
1801.09757,14,uri:{http://dx.doi.org/10.1088/2041-8205/798/1/L13},http://dx.doi.org/10.1088/2041-8205/798/1/L13,References,"""URLs with schemes such as http, https, ftp, sftp, git, magnet"", ""URLs with paths, query Strings, and fragments"", URLs with subdomain",embedded in references,Hidden in annotation layers,
1801.09757,13,uri:{http://dx.doi.org/10.1088/0004-637X/814/1/65},http://dx.doi.org/10.1088/0004-637X/814/1/65,References,"""URLs with schemes such as http, https, ftp, sftp, git, magnet"", ""URLs with paths, query Strings, and fragments"", URLs with subdomain",embedded in references,Hidden in annotation layers,
1801.09757,14,uri:{http://dx.doi.org/10.1088/0004-637X/799/2/154},http://dx.doi.org/10.1088/0004-637X/799/2/154,References,"""URLs with schemes such as http, https, ftp, sftp, git, magnet"", ""URLs with paths, query Strings, and fragments"", URLs with subdomain",embedded in references,Hidden in annotation layers,
1801.09757,13,uri:{http://dx.doi.org/10.1088/0004-637X/798/2/127},http://dx.doi.org/10.1088/0004-637X/798/2/127,References,"""URLs with schemes such as http, https, ftp, sftp, git, magnet"", ""URLs with paths, query Strings, and fragments"", URLs with subdomain",embedded in references,Hidden in annotation layers,
1801.09757,13,uri:{http://dx.doi.org/10.1088/0004-637X/774/2/95},http://dx.doi.org/10.1088/0004-637X/774/2/95,References,"""URLs with schemes such as http, https, ftp, sftp, git, magnet"", ""URLs with paths, query Strings, and fragments"", URLs with subdomain",embedded in references,Hidden in annotation layers,
1801.09757,13,uri:{http://dx.doi.org/10.1088/0004-637X/772/2/79},http://dx.doi.org/10.1088/0004-637X/772/2/79,References,"""URLs with schemes such as http, https, ftp, sftp, git, magnet"", ""URLs with paths, query Strings, and fragments"", URLs with subdomain",embedded in references,Hidden in annotation layers,
1801.09757,13,uri:{http://dx.doi.org/10.1088/0004-637X/772/2/129},http://dx.doi.org/10.1088/0004-637X/772/2/129,References,"""URLs with schemes such as http, https, ftp, sftp, git, magnet"", URLs with subdomain, ""URLs with paths, query Strings, and fragments""",split across lines,Hidden in annotation layers,
1801.09757,13,uri:{http://dx.doi.org/10.1088/0004-637X/768/2/121},http://dx.doi.org/10.1088/0004-637X/768/2/121,References,"""URLs with schemes such as http, https, ftp, sftp, git, magnet"", ""URLs with paths, query Strings, and fragments"", URLs with subdomain",embedded in references,Hidden in annotation layers,
1801.09757,14,uri:{http://dx.doi.org/10.1088/0004-637X/750/2/105},http://dx.doi.org/10.1088/0004-637X/750/2/105,References,"""URLs with schemes such as http, https, ftp, sftp, git, magnet"", URLs with subdomain, ""URLs with paths, query Strings, and fragments""",split across lines,Hidden in annotation layers,
1801.09757,13,uri:{http://dx.doi.org/10.1088/0004-637X/747/1/35},http://dx.doi.org/10.1088/0004-637X/747/1/35,References,"""URLs with schemes such as http, https, ftp, sftp, git, magnet"", URLs with subdomain, ""URLs with paths, query Strings, and fragments""",split across lines,Hidden in annotation layers,
1801.09757,14,uri:{http://dx.doi.org/10.1088/0004-637X/732/2/107},http://dx.doi.org/10.1088/0004-637X/732/2/107,References,"""URLs with schemes such as http, https, ftp, sftp, git, magnet"", ""URLs with paths, query Strings, and fragments"", URLs with subdomain",embedded in references,Hidden in annotation layers,
1801.09757,13,uri:{http://dx.doi.org/10.1088/0004-637X/710/2/1142},http://dx.doi.org/10.1088/0004-637X/710/2/1142,References,"""URLs with schemes such as http, https, ftp, sftp, git, magnet"", URLs with subdomain, ""URLs with paths, query Strings, and fragments""",split across lines,Hidden in annotation layers,
1801.09757,13,uri:{http://dx.doi.org/10.1088/0004-637X/701/2/1534},http://dx.doi.org/10.1088/0004-637X/701/2/1534,References,"""URLs with schemes such as http, https, ftp, sftp, git, magnet"", URLs with subdomain, ""URLs with paths, query Strings, and fragments""",split across lines,Hidden in annotation layers,
1801.09757,13,uri:{http://dx.doi.org/10.1088/0004-6256/137/1/1},http://dx.doi.org/10.1088/0004-6256/137/1/1,References,"""URLs with schemes such as http, https, ftp, sftp, git, magnet"", ""URLs with paths, query Strings, and fragments"", URLs with subdomain",embedded in references,Hidden in annotation layers,
1801.09757,14,uri:{http://dx.doi.org/10.1086/596715},http://dx.doi.org/10.1086/596715,References,"""URLs with schemes such as http, https, ftp, sftp, git, magnet"", ""URLs with paths, query Strings, and fragments"", URLs with subdomain",embedded in references,Hidden in annotation layers,
1801.09757,13,uri:{http://dx.doi.org/10.1086/519295},http://dx.doi.org/10.1086/519295,References,"""URLs with schemes such as http, https, ftp, sftp, git, magnet"", ""URLs with paths, query Strings, and fragments"", URLs with subdomain",embedded in references,Hidden in annotation layers,
1801.09757,14,uri:{http://dx.doi.org/10.1086/507836},http://dx.doi.org/10.1086/507836,References,"""URLs with schemes such as http, https, ftp, sftp, git, magnet"", ""URLs with paths, query Strings, and fragments"", URLs with subdomain",embedded in references,Hidden in annotation layers,
1801.09757,14,uri:{http://dx.doi.org/10.1086/377636},http://dx.doi.org/10.1086/377636,References,"""URLs with schemes such as http, https, ftp, sftp, git, magnet"", URLs with subdomain, ""URLs with paths, query Strings, and fragments""",split across lines,Hidden in annotation layers,
1801.09757,13,uri:{http://dx.doi.org/10.1086/316251},http://dx.doi.org/10.1086/316251,References,"""URLs with schemes such as http, https, ftp, sftp, git, magnet"", ""URLs with paths, query Strings, and fragments"", URLs with subdomain",embedded in references,Hidden in annotation layers,
1801.09757,13,uri:{http://dx.doi.org/10.1051/0004-6361:200400056},http://dx.doi.org/10.1051/0004-6361:200400056,References,"""URLs with schemes such as http, https, ftp, sftp, git, magnet"", URLs with subdomain, ""URLs with paths, query Strings, and fragments""",split across lines,Hidden in annotation layers,
1801.09757,14,uri:{http://dx.doi.org/10.1051/0004-6361/201322068},http://dx.doi.org/10.1051/0004-6361/201322068,References,"""URLs with schemes such as http, https, ftp, sftp, git, magnet"", URLs with subdomain, ""URLs with paths, query Strings, and fragments""",split across lines,Hidden in annotation layers,
1801.09757,13,uri:{http://dx.doi.org/10.1038/nature12955},http://dx.doi.org/10.1038/nature12955,References,"""URLs with schemes such as http, https, ftp, sftp, git, magnet"", URLs with subdomain, ""URLs with paths, query Strings, and fragments""",split across lines,Hidden in annotation layers,
1801.09757,14,uri:{http://arxiv.org/abs/1710.07194},http://arxiv.org/abs/1710.07194,References,"""URLs with schemes such as http, https, ftp, sftp, git, magnet"", ""URLs with paths, query Strings, and fragments""",embedded in references,Hidden in annotation layers,
1801.09757,14,uri:{http://arxiv.org/abs/1709.06565},http://arxiv.org/abs/1709.06565,References,"""URLs with schemes such as http, https, ftp, sftp, git, magnet"", ""URLs with paths, query Strings, and fragments""",embedded in references,Hidden in annotation layers,
1801.09757,2,uri:{http://apai.space/cloudatlas},http://apai.space/cloudatlas,Introduction,"""URLs with schemes such as http, https, ftp, sftp, git, magnet"", ""URLs with paths, query Strings, and fragments""",,,
1802.00393,4,uri:{https://www.noswearing.com/dictionary},https://www.noswearing.com/dictionary,Methodology,"""URLs with schemes such as http, https, ftp, sftp, git, magnet"", ""URLs with paths, query Strings, and fragments""",embedded in footnotes,,
1802.00393,4,uri:{https://www.hatebase.org},https://www.hatebase.org,Methodology,"""URLs with schemes such as http, https, ftp, sftp, git, magnet""",embedded in footnotes,,
1802.00393,10,uri:{https://goo.gl/sX2Apb},https://goo.gl/sX2Apb,References,"""URLs with schemes such as http, https, ftp, sftp, git, magnet"", ""URLs with paths, query Strings, and fragments""","split across lines, embedded in references",Shortened URLs that redirect to a longer address,
1802.00393,9,uri:{https://github.com/ENCASEH2020/hatespeech-twitter},https://github.com/ENCASEH2020/hatespeech-twitter,Conclusions,"""URLs with schemes such as http, https, ftp, sftp, git, magnet"", ""URLs with paths, query Strings, and fragments""",split across lines,,
1802.00393,11,uri:{http://snap.stanford.edu/class/cs224w-2014/projects2014/cs224w-81-final.pdf},http://snap.stanford.edu/class/cs224w-2014/projects2014/cs224w-81-final.pdf,References,"""URLs with schemes such as http, https, ftp, sftp, git, magnet"", URLs with subdomain, ""URLs with paths, query Strings, and fragments""","split across lines, embedded in references",,
1802.00393,2,uri:{http://ow.ly/TnuU30jqf7g},http://ow.ly/TnuU30jqf7g,Introduction,"""URLs with schemes such as http, https, ftp, sftp, git, magnet"", ""URLs with paths, query Strings, and fragments""",embedded in footnotes,Shortened URLs that redirect to a longer address,
1802.00393,2,uri:{http://ow.ly/BqCf30jqffN},http://ow.ly/BqCf30jqffN,Introduction,"""URLs with schemes such as http, https, ftp, sftp, git, magnet"", ""URLs with paths, query Strings, and fragments""",embedded in footnotes,Shortened URLs that redirect to a longer address,
1802.00393,1,,www.aaai.org,Footer,"""URLs with schemes such as http, https, ftp, sftp, git, magnet"", URLs without scheme",embedded in footnotes,,
1802.00393,5,,http://dictionary.cambridge.org,Methodology,"""URLs with schemes such as http, https, ftp, sftp, git, magnet"", URLs with subdomain",embedded in footnotes,,
1802.00393,5,,http://thelawdictionary.org,Methodology,"""URLs with schemes such as http, https, ftp, sftp, git, magnet""",embedded in footnotes,,
1802.00393,1,,mailto:@csd.auth.gr,Title & Authors,"""URLs with schemes such as http, https, ftp, sftp, git, magnet""",embedded in captions,Hidden in annotation layers,
1802.00393,1,,mailto:michael.sirivianosg@cut.ac.cy,Title & Authors,"""URLs with schemes such as http, https, ftp, sftp, git, magnet""",embedded in captions,Hidden in annotation layers,
1802.00393,1,,mailto:ilias.leontiadisg@telefonica.com,Title & Authors,"""URLs with schemes such as http, https, ftp, sftp, git, magnet""",embedded in captions,Hidden in annotation layers,
1802.00393,1,,mailto:blackburn@uab.edu,Title & Authors,"""URLs with schemes such as http, https, ftp, sftp, git, magnet""",embedded in captions,Hidden in annotation layers,
1802.00393,1,,mailto:g.stringhini@ucl.ac.uk,Title & Authors,"""URLs with schemes such as http, https, ftp, sftp, git, magnet""",embedded in captions,Hidden in annotation layers,
1802.02548,6,uri:{https://www.nhc.noaa.gov/verification/verify8.shtml},https://www.nhc.noaa.gov/verification/verify8.shtml,Results and Discussion,"""URLs with schemes such as http, https, ftp, sftp, git, magnet"", URLs with subdomain, ""URLs with paths, query Strings, and fragments""","split across lines, embedded in footnotes",,
1802.02548,1,uri:{https://www.nhc.noaa.gov/modelsummary.shtml},https://www.nhc.noaa.gov/modelsummary.shtml,Related Works & Background,"""URLs with schemes such as http, https, ftp, sftp, git, magnet"", URLs with subdomain, ""URLs with paths, query Strings, and fragments""","split across lines, embedded in footnotes",,
1802.02548,5,uri:{https://keras.io/layers/recurrent/},https://keras.io/layers/recurrent/,Methodology,"""URLs with schemes such as http, https, ftp, sftp, git, magnet"", ""URLs with paths, query Strings, and fragments"", URLs with trailing slashes","split across lines, embedded in footnotes",,
1802.02548,3,uri:{http://weather.unisys.com/hurricane/atlantic/},http://weather.unisys.com/hurricane/atlantic/,Methodology,"""URLs with schemes such as http, https, ftp, sftp, git, magnet"", URLs with subdomain, ""URLs with paths, query Strings, and fragments"", URLs with trailing slashes","split across lines, embedded in footnotes",,
1802.02764,52,uri:{http://www.physics.uoguelph.ca/poisson/research/postN.pdf},http://www.physics.uoguelph.ca/poisson/research/postN.pdf,References,"""URLs with schemes such as http, https, ftp, sftp, git, magnet"", URLs with subdomain, ""URLs with paths, query Strings, and fragments""",embedded in references,,
1802.02764,53,uri:{http://ssd.jpl.nasa.gov/},http://ssd.jpl.nasa.gov/,References,"""URLs with schemes such as http, https, ftp, sftp, git, magnet"", URLs with subdomain, URLs with trailing slashes",embedded in references,,
1802.02764,50,uri:{http://neat.obs.ujf-grenoble.fr/NEAT.html},http://neat.obs.ujf-grenoble.fr/NEAT.html,References,"""URLs with schemes such as http, https, ftp, sftp, git, magnet"", URLs with subdomain, ""URLs with paths, query Strings, and fragments""",embedded in references,,
1802.02764,51,uri:{http://arxiv.org/abs/gr-qc/0510074},http://arxiv.org/abs/gr-qc/0510074,References,"""URLs with schemes such as http, https, ftp, sftp, git, magnet"", ""URLs with paths, query Strings, and fragments""",embedded in references,Hidden in annotation layers,
1802.03793,10,uri:{https://www.ncbi.nlm.nih.gov/pubmed/},https://www.ncbi.nlm.nih.gov/pubmed/,References,"""URLs with schemes such as http, https, ftp, sftp, git, magnet"", URLs with trailing slashes, URLs with subdomain, ""URLs with paths, query Strings, and fragments""","split across lines, embedded in references",,
1802.03793,10,uri:{https://www.ncbi.nlm.nih.gov/books/NBK9684/},https://www.ncbi.nlm.nih.gov/books/NBK9684/,References,"""URLs with schemes such as http, https, ftp, sftp, git, magnet"", URLs with trailing slashes, URLs with subdomain, ""URLs with paths, query Strings, and fragments""","split across lines, embedded in references",,
1802.03793,10,uri:{https://doi.org/10.1186/1471-2105-6-S1-S1},https://doi.org/10.1186/1471-2105-6-S1-S1,References,"""URLs with schemes such as http, https, ftp, sftp, git, magnet"", ""URLs with paths, query Strings, and fragments""",embedded in references,,
1802.03793,10,uri:{http://www.sciencedirect.com/science/article/pii/S0925231215014502},http://www.sciencedirect.com/science/article/pii/S0925231215014502,References,"""URLs with schemes such as http, https, ftp, sftp, git, magnet"", ""URLs with paths, query Strings, and fragments""","split across lines, embedded in references",,
1802.03793,10,uri:{www.genenames.org},www.genenames.org,References,URLs without scheme,embedded in references,,
1802.03793,10,uri:{http://view.ncbi.nlm.nih.gov/pubmed/15608251},http://view.ncbi.nlm.nih.gov/pubmed/15608251,References,"""URLs with schemes such as http, https, ftp, sftp, git, magnet"", URLs with subdomain, ""URLs with paths, query Strings, and fragments""",embedded in references,,
1802.03793,1,uri:{http://sybrandt.com/2018/validation},http://sybrandt.com/2018/validation,Abstract,"""URLs with schemes such as http, https, ftp, sftp, git, magnet"", ""URLs with paths, query Strings, and fragments""",,Hidden in annotation layers,
1802.03793,10,uri:{http://dx.doi.org/10.1016/S0004-3702(97)00008-8},http://dx.doi.org/10.1016/S0004-3702(97)00008-8,References,"""URLs with schemes such as http, https, ftp, sftp, git, magnet"", URLs with subdomain, ""URLs with paths, query Strings, and fragments""",embedded in references,,
1802.03793,10,uri:{http://arxiv.org/abs/1804.05942},http://arxiv.org/abs/1804.05942,References,"""URLs with schemes such as http, https, ftp, sftp, git, magnet"", ""URLs with paths, query Strings, and fragments""",embedded in references,,
1802.03804,1,uri:{http://arxiv.org/abs/1802.03804v1},http://arxiv.org/abs/1802.03804v1,,,,,
1802.03804,1,,http://www.raa-journal.org,Header,"""URLs with schemes such as http, https, ftp, sftp, git, magnet""",,,
1802.03804,1,,http://www.iop.org/journals/raa,Header,"""URLs with schemes such as http, https, ftp, sftp, git, magnet"", ""URLs with paths, query Strings, and fragments""",,,
1802.03804,3,,http://www.usno.navy.mil/USNO/astrometry/optical-IR-prod/wds/int4,Methodology,"""URLs with schemes such as http, https, ftp, sftp, git, magnet"", URLs with subdomain, ""URLs with paths, query Strings, and fragments""",embedded in footnotes,,
1802.03804,3,,http://simbad.u-strasbg.fr/simbad/sim-ﬁd,Methodology,"URLs with subdomain, ""URLs with schemes such as http, https, ftp, sftp, git, magnet"", ""URLs with paths, query Strings, and fragments""",embedded in captions,,
1802.04006,17,uri:{http://pmb.univ-fcomte.fr/1986/Jaulent_these.pdf},http://pmb.univ-fcomte.fr/1986/Jaulent_these.pdf,References,"""URLs with schemes such as http, https, ftp, sftp, git, magnet"", URLs with subdomain, ""URLs with paths, query Strings, and fragments""",embedded in references,,
1802.04006,18,uri:{http://pari.math.u-bordeaux.fr/},http://pari.math.u-bordeaux.fr/,References,"""URLs with schemes such as http, https, ftp, sftp, git, magnet"", URLs with subdomain, URLs with trailing slashes",embedded in references,,
1802.04006,1,uri:{http://arxiv.org/abs/1802.04006v3},http://arxiv.org/abs/1802.04006v3,Header,"""URLs with schemes such as http, https, ftp, sftp, git, magnet"", ""URLs with paths, query Strings, and fragments""",,"Hidden in annotation layers, Hidden in metadata",
1802.04006,18,,mailto:jovillan@math.u-bordeaux.fr,References,"""URLs with schemes such as http, https, ftp, sftp, git, magnet""",embedded in references,,
1802.04006,18,,http://www.math.u-bordeaux.fr/~jovillan/,References,"""URLs with schemes such as http, https, ftp, sftp, git, magnet"", URLs with subdomain, URLs with trailing slashes, ""URLs with paths, query Strings, and fragments"", URLs with unicode characters",embedded in references,,
1802.04200,1,uri:{https://www.gutenberg.org/},https://www.gutenberg.org/,Related Works & Background,"URLs with trailing slashes, ""URLs with schemes such as http, https, ftp, sftp, git, magnet""",embedded in footnotes,,
1802.04200,1,uri:{https://persyval-platform.univ-grenoble-alpes.fr/DS91/detaildataset},https://persyval-platform.univ-grenoble-alpes.fr/DS91/detaildataset,Related Works & Background,"""URLs with paths, query Strings, and fragments"", ""URLs with schemes such as http, https, ftp, sftp, git, magnet""","split across lines, embedded in footnotes",,
1802.04200,3,uri:{https://github.com/eske/seq2seq},https://github.com/eske/seq2seq,Results and Discussion,"""URLs with schemes such as http, https, ftp, sftp, git, magnet"", ""URLs with paths, query Strings, and fragments""","split across lines, embedded in footnotes",,
1802.04200,2,uri:{http://www.statmt.org/moses/},http://www.statmt.org/moses/,Methodology,"URLs with trailing slashes, ""URLs with schemes such as http, https, ftp, sftp, git, magnet"", ""URLs with paths, query Strings, and fragments""",embedded in footnotes,,
1802.04915,8,uri:{https://smartcontract.com/},https://smartcontract.com/,Methodology,"""URLs with schemes such as http, https, ftp, sftp, git, magnet"", URLs with trailing slashes",embedded in footnotes,,
1802.04915,11,uri:{https://github.com/VelocityMarket/pricegeth},https://github.com/VelocityMarket/pricegeth,Methodology,"""URLs with schemes such as http, https, ftp, sftp, git, magnet"", ""URLs with paths, query Strings, and fragments""",embedded in footnotes,,
1802.04915,9,uri:{https://github.com/VelocityMarket/pricegeth},https://github.com/VelocityMarket/pricegeth,Methodology,"""URLs with schemes such as http, https, ftp, sftp, git, magnet"", ""URLs with paths, query Strings, and fragments""","split across lines, embedded in footnotes",,
1802.04915,3,uri:{https://github.com/VelocityMarket/pricegeth},https://github.com/VelocityMarket/pricegeth,Introduction,"""URLs with schemes such as http, https, ftp, sftp, git, magnet"", ""URLs with paths, query Strings, and fragments""",embedded in footnotes,,
1802.04915,7,uri:{https://github.com/VelocityMarket/Options-Contract/commit/f3c8d0ef66b886c9ee8b432e92c83f3a4fb525ba},https://github.com/VelocityMarket/Options-Contract/commit/f3c8d0ef66b886c9ee8b432e92c83f3a4fb525ba,Methodology,"""URLs with schemes such as http, https, ftp, sftp, git, magnet"", ""URLs with paths, query Strings, and fragments""","split across lines, embedded in footnotes",,
1802.04915,13,uri:{https://github.com/VelocityMarket/Options-Contract},https://github.com/VelocityMarket/Options-Contract,Results and Discussion,"""URLs with schemes such as http, https, ftp, sftp, git, magnet"", ""URLs with paths, query Strings, and fragments""",embedded in footnotes,,
1802.04915,7,uri:{https://github.com/VelocityMarket/Options-Contract},https://github.com/VelocityMarket/Options-Contract,Methodology,"""URLs with schemes such as http, https, ftp, sftp, git, magnet"", ""URLs with paths, query Strings, and fragments""","split across lines, embedded in footnotes",,
1802.04915,11,uri:{https://github.com/slockit/DAO},https://github.com/slockit/DAO,Results and Discussion,"""URLs with schemes such as http, https, ftp, sftp, git, magnet"", ""URLs with paths, query Strings, and fragments""",embedded in footnotes,,
1802.04915,13,uri:{https://github.com/ethereum/EIPs/issues/150},https://github.com/ethereum/EIPs/issues/150,Results and Discussion,"""URLs with schemes such as http, https, ftp, sftp, git, magnet"", ""URLs with paths, query Strings, and fragments""",embedded in footnotes,,
1802.04915,9,uri:{ https://geth.ethereum.org }, https://geth.ethereum.org ,Methodology,"URLs with subdomain, ""URLs with schemes such as http, https, ftp, sftp, git, magnet""",embedded in footnotes,,
1802.04915,11,uri:{https://docs.oraclize.it/#security-tlsnotary-proof},https://docs.oraclize.it/#security-tlsnotary-proof,Methodology,"""URLs with schemes such as http, https, ftp, sftp, git, magnet"", ""URLs with paths, query Strings, and fragments"", URLs with subdomain",embedded in footnotes,,
1802.04915,3,uri:{http://www.oraclize.it/},http://www.oraclize.it/,Related Works & Background,"""URLs with schemes such as http, https, ftp, sftp, git, magnet"", URLs with trailing slashes",embedded in footnotes,,
1802.04915,5,uri:{http://ethdocs.org/en/latest/contracts-and-transactions/account-types-gas-and-transactions.html#what-is-gas},http://ethdocs.org/en/latest/contracts-and-transactions/account-types-gas-and-transactions.html#what-is-gas,Methodology,"""URLs with schemes such as http, https, ftp, sftp, git, magnet"", ""URLs with paths, query Strings, and fragments""","split across lines, embedded in footnotes",,
1802.04915,9,,https://www.bitstamp.net/api/v2/ticker/btcusd,Methodology,"""URLs with schemes such as http, https, ftp, sftp, git, magnet"", ""URLs with paths, query Strings, and fragments""",,,
1802.06772,51,uri:{https://www.humanconnectome.org/},https://www.humanconnectome.org/,Related Works & Background,"""URLs with schemes such as http, https, ftp, sftp, git, magnet"", URLs with trailing slashes",,,
1802.06772,144,uri:{https://github.com/parisots/SpectralParcellation},https://github.com/parisots/SpectralParcellation,Methodology,"""URLs with schemes such as http, https, ftp, sftp, git, magnet"", ""URLs with paths, query Strings, and fragments""",,,
1802.06772,257,uri:{https://en.wikipedia.org/wiki/File:DiffusionMRI_glyphs.png},https://en.wikipedia.org/wiki/File:DiffusionMRI_glyphs.png,References,"""URLs with paths, query Strings, and fragments"", ""URLs with schemes such as http, https, ftp, sftp, git, magnet""","split across lines, embedded in references",,
1802.06772,52,uri:{https://db.humanconnectome.org/},https://db.humanconnectome.org/,Related Works & Background,"URLs with trailing slashes, ""URLs with schemes such as http, https, ftp, sftp, git, magnet"", URLs with subdomain",split across pages,,
1802.06772,52,uri:{https://db.humanconnectome.org/},https://db.humanconnectome.org/,Header,"URLs with trailing slashes, ""URLs with schemes such as http, https, ftp, sftp, git, magnet"", URLs with subdomain",,Hidden in annotation layers,
1802.06772,257,uri:{https://commons.wikimedia.org/wiki/File:Skull_and_brain_normal_human.svg},https://commons.wikimedia.org/wiki/File:Skull_and_brain_normal_human.svg,References,"""URLs with schemes such as http, https, ftp, sftp, git, magnet"", ""URLs with paths, query Strings, and fragments"", URLs with subdomain","split across lines, embedded in references",,
1802.06772,257,uri:{https://commons.wikimedia.org/wiki/File:Blausen_0654_MRI_01.png},https://commons.wikimedia.org/wiki/File:Blausen_0654_MRI_01.png,References,"""URLs with schemes such as http, https, ftp, sftp, git, magnet"", URLs with subdomain, ""URLs with paths, query Strings, and fragments""","split across lines, embedded in references",,
1802.06772,246,uri:{https://cnx.org/contents/FPtK1zmh@8.25:94lv8wHH@4/The-Central-Nervous-System},https://cnx.org/contents/FPtK1zmh@8.25:94lv8wHH@4/The-Central-Nervous-System,References,"""URLs with schemes such as http, https, ftp, sftp, git, magnet"", ""URLs with paths, query Strings, and fragments""","split across lines, embedded in references",,
1802.06772,238,uri:{http://www.humanconnectome.org/documentation/S900/HCP_S900_Release_Reference_Manual.pdf},http://www.humanconnectome.org/documentation/S900/HCP_S900_Release_Reference_Manual.pdf,References,"""URLs with schemes such as http, https, ftp, sftp, git, magnet"", ""URLs with paths, query Strings, and fragments""","split across lines, embedded in references",,
1802.06772,227,uri:{http://www.developingconnectome.org/},http://www.developingconnectome.org/,References,"""URLs with schemes such as http, https, ftp, sftp, git, magnet"", URLs with trailing slashes","split across lines, embedded in references",,
1802.06772,217,uri:{http://biomedia.doc.ic.ac.uk/brain-parcellation-survey},http://biomedia.doc.ic.ac.uk/brain-parcellation-survey,Results and Discussion,"""URLs with schemes such as http, https, ftp, sftp, git, magnet"", URLs with subdomain, ""URLs with paths, query Strings, and fragments""",,,
1802.06772,187,,www.nitrc.org/projects/niak/,Methodology,"URLs with trailing slashes, ""URLs with paths, query Strings, and fragments"", URLs without scheme",,,
1802.06772,103,,www.nitrc.org/projects/niak/,Methodology,"URLs with trailing slashes, ""URLs with paths, query Strings, and fragments"", URLs without scheme",,,
1802.06772,185,,www.doc.ic.ac.uk/~sa1013/codes.html,Methodology,"URLs with unicode characters, ""URLs with paths, query Strings, and fragments"", URLs with subdomain, URLs without scheme",,,
1802.06772,185,,www.doc.ic.ac.uk/~sparisot,Methodology,"URLs with unicode characters, ""URLs with paths, query Strings, and fragments"", URLs with subdomain, URLs without scheme",,,
1802.06772,187,,www.nil.wustl.edu/labs/petersen/Resources.html,Methodology,"""URLs with paths, query Strings, and fragments"", URLs with subdomain, URLs without scheme",,,
1802.06772,185,,cbica.upenn.edu/sbia/software/grasp/index.html ,Methodology,"URLs with subdomain, ""URLs with paths, query Strings, and fragments"", URLs without scheme",,,
1802.06772,187,,balsa.wustl.edu/study/show/WG33,Methodology,"URLs with subdomain, ""URLs with paths, query Strings, and fragments"", URLs without scheme",,,
1802.06772,187,,balsa.wustl.edu/study/show/WG33,Methodology,"URLs with subdomain, ""URLs with paths, query Strings, and fragments"", URLs without scheme",,,
1802.06772,187,,db.humanconnectome.org/data/projects/HCP_500,Methodology,"URLs with subdomain, ""URLs with paths, query Strings, and fragments"", URLs without scheme",,,
1802.06772,187,,www.princeton.edu/~chrisb/code.html,Methodology,"URLs with unicode characters, ""URLs with paths, query Strings, and fragments"", URLs without scheme",,,
1802.06772,187,,balsa.wustl.edu/study/show/RVVG,Methodology,"URLs with subdomain, ""URLs with paths, query Strings, and fragments"", URLs without scheme",,,
1802.06772,187,,atlas.brainnetome.org,Methodology,"URLs with subdomain, URLs without scheme",,,
1802.06772,187,,www.nitrc.org/frs/?group_id=51,Methodology,"URLs with subdomain, ""URLs with paths, query Strings, and fragments"", URLs without scheme",,,
1802.06772,187,,www.gin.cnrs.fr/AAL2_files/aal2_for_SPM12.tar.gz,Methodology,"URLs with subdomain, ""URLs with paths, query Strings, and fragments"", URLs without scheme",,,
1802.06772,187,,db.humanconnectome.org,Methodology,"URLs with subdomain, URLs without scheme",,,
1802.06772,187,,db.humanconnectome.org,Methodology,"URLs with subdomain, URLs without scheme",,,
1802.09206,3,uri:{https://github.com/LindleyLentati/TempoNest},https://github.com/LindleyLentati/TempoNest,Methodology,"""URLs with schemes such as http, https, ftp, sftp, git, magnet"", ""URLs with paths, query Strings, and fragments""",embedded in footnotes,,
1802.09206,3,uri:{https://github.com/jellis18/PAL2},https://github.com/jellis18/PAL2,Methodology,"""URLs with schemes such as http, https, ftp, sftp, git, magnet"", ""URLs with paths, query Strings, and fragments""",embedded in footnotes,,
1802.09206,9,uri:{https://doi.org/10.5281/zenodo.251456},https://doi.org/10.5281/zenodo.251456,References,"""URLs with schemes such as http, https, ftp, sftp, git, magnet"", ""URLs with paths, query Strings, and fragments""",embedded in references,,
1802.09206,3,uri:{www.nanograv.org},www.nanograv.org,Methodology,URLs without scheme,embedded in footnotes,,
1802.09206,3,uri:{www.epta.eu.org},www.epta.eu.org,Methodology,"URLs without scheme, URLs with subdomain",embedded in footnotes,,
1802.09206,9,uri:{http://dx.doi.org/10.5281/zenodo.251456},http://dx.doi.org/10.5281/zenodo.251456,References,"""URLs with schemes such as http, https, ftp, sftp, git, magnet"", URLs with subdomain, ""URLs with paths, query Strings, and fragments""",embedded in references,Hidden in annotation layers,
1802.09206,9,uri:{http://dx.doi.org/10.12942/lrr-2014-4},http://dx.doi.org/10.12942/lrr-2014-4,References,"""URLs with schemes such as http, https, ftp, sftp, git, magnet"", URLs with subdomain, ""URLs with paths, query Strings, and fragments""",embedded in references,Hidden in annotation layers,
1802.09206,9,uri:{http://dx.doi.org/10.12942/lrr-2011-2},http://dx.doi.org/10.12942/lrr-2011-2,References,"""URLs with schemes such as http, https, ftp, sftp, git, magnet"", URLs with subdomain, ""URLs with paths, query Strings, and fragments""",embedded in references,Hidden in annotation layers,
1802.09206,9,uri:{http://dx.doi.org/10.1142/S0218271816300299},http://dx.doi.org/10.1142/S0218271816300299,References,"""URLs with schemes such as http, https, ftp, sftp, git, magnet"", URLs with subdomain, ""URLs with paths, query Strings, and fragments""",embedded in references,Hidden in annotation layers,
1802.09206,9,uri:{http://dx.doi.org/10.1142/S0218271811019335},http://dx.doi.org/10.1142/S0218271811019335,References,"""URLs with schemes such as http, https, ftp, sftp, git, magnet"", URLs with subdomain, ""URLs with paths, query Strings, and fragments""",embedded in references,Hidden in annotation layers,
1802.09206,9,uri:{http://dx.doi.org/10.1111/j.1365-2966.2012.21253.x},http://dx.doi.org/10.1111/j.1365-2966.2012.21253.x,References,"""URLs with schemes such as http, https, ftp, sftp, git, magnet"", URLs with subdomain, ""URLs with paths, query Strings, and fragments""",embedded in references,Hidden in annotation layers,
1802.09206,9,uri:{http://dx.doi.org/10.1111/j.1365-2966.2009.15481.x},http://dx.doi.org/10.1111/j.1365-2966.2009.15481.x,References,"""URLs with schemes such as http, https, ftp, sftp, git, magnet"", URLs with subdomain, ""URLs with paths, query Strings, and fragments""",embedded in references,Hidden in annotation layers,
1802.09206,9,uri:{http://dx.doi.org/10.1111/j.1365-2966.2006.10870.x},http://dx.doi.org/10.1111/j.1365-2966.2006.10870.x,References,"""URLs with schemes such as http, https, ftp, sftp, git, magnet"", URLs with subdomain, ""URLs with paths, query Strings, and fragments""",embedded in references,Hidden in annotation layers,
1802.09206,9,uri:{http://dx.doi.org/10.1111/j.1365-2966.2004.07931.x},http://dx.doi.org/10.1111/j.1365-2966.2004.07931.x,References,"""URLs with schemes such as http, https, ftp, sftp, git, magnet"", URLs with subdomain, ""URLs with paths, query Strings, and fragments""",embedded in references,Hidden in annotation layers,
1802.09206,9,uri:{http://dx.doi.org/10.1103/PhysRevD.93.084023},http://dx.doi.org/10.1103/PhysRevD.93.084023,References,"""URLs with schemes such as http, https, ftp, sftp, git, magnet"", URLs with subdomain, ""URLs with paths, query Strings, and fragments""",embedded in references,Hidden in annotation layers,
1802.09206,9,uri:{http://dx.doi.org/10.1103/PhysRevD.87.104021},http://dx.doi.org/10.1103/PhysRevD.87.104021,References,"""URLs with schemes such as http, https, ftp, sftp, git, magnet"", URLs with subdomain, ""URLs with paths, query Strings, and fragments""",embedded in references,Hidden in annotation layers,
1802.09206,9,uri:{http://dx.doi.org/10.1103/PhysRev.170.1186},http://dx.doi.org/10.1103/PhysRev.170.1186,References,"""URLs with schemes such as http, https, ftp, sftp, git, magnet"", URLs with subdomain, ""URLs with paths, query Strings, and fragments""",embedded in references,Hidden in annotation layers,
1802.09206,9,uri:{http://dx.doi.org/10.1093/mnras/stw483},http://dx.doi.org/10.1093/mnras/stw483,References,"""URLs with schemes such as http, https, ftp, sftp, git, magnet"", URLs with subdomain, ""URLs with paths, query Strings, and fragments""",embedded in references,Hidden in annotation layers,
1802.09206,9,uri:{http://dx.doi.org/10.1093/mnras/stw2759},http://dx.doi.org/10.1093/mnras/stw2759,References,"""URLs with schemes such as http, https, ftp, sftp, git, magnet"", URLs with subdomain, ""URLs with paths, query Strings, and fragments""",embedded in references,Hidden in annotation layers,
1802.09206,9,uri:{http://dx.doi.org/10.1093/mnras/stv2395},http://dx.doi.org/10.1093/mnras/stv2395,References,"""URLs with schemes such as http, https, ftp, sftp, git, magnet"", URLs with subdomain, ""URLs with paths, query Strings, and fragments""",embedded in references,Hidden in annotation layers,
1802.09206,9,uri:{http://dx.doi.org/10.1093/mnras/stu1948},http://dx.doi.org/10.1093/mnras/stu1948,References,"""URLs with schemes such as http, https, ftp, sftp, git, magnet"", URLs with subdomain, ""URLs with paths, query Strings, and fragments""",embedded in references,Hidden in annotation layers,
1802.09206,9,uri:{http://dx.doi.org/10.1093/mnras/stt2122},http://dx.doi.org/10.1093/mnras/stt2122,References,"""URLs with schemes such as http, https, ftp, sftp, git, magnet"", URLs with subdomain, ""URLs with paths, query Strings, and fragments""",embedded in references,Hidden in annotation layers,
1802.09206,10,uri:{http://dx.doi.org/10.1093/mnras/sts097},http://dx.doi.org/10.1093/mnras/sts097,References,"""URLs with schemes such as http, https, ftp, sftp, git, magnet"", URLs with subdomain, ""URLs with paths, query Strings, and fragments""",embedded in references,Hidden in annotation layers,
1802.09206,9,uri:{http://dx.doi.org/10.1088/1742-6596/716/1/012014},http://dx.doi.org/10.1088/1742-6596/716/1/012014,References,"""URLs with schemes such as http, https, ftp, sftp, git, magnet"", URLs with subdomain, ""URLs with paths, query Strings, and fragments""",embedded in references,Hidden in annotation layers,
1802.09206,9,uri:{http://dx.doi.org/10.1088/0264-9381/30/22/224004},http://dx.doi.org/10.1088/0264-9381/30/22/224004,References,"""URLs with schemes such as http, https, ftp, sftp, git, magnet"", URLs with subdomain, ""URLs with paths, query Strings, and fragments""",embedded in references,Hidden in annotation layers,
1802.09206,9,uri:{http://dx.doi.org/10.1088/0264-9381/29/21/215018},http://dx.doi.org/10.1088/0264-9381/29/21/215018,References,"""URLs with schemes such as http, https, ftp, sftp, git, magnet"", URLs with subdomain, ""URLs with paths, query Strings, and fragments""",embedded in references,Hidden in annotation layers,
1802.09206,9,uri:{http://dx.doi.org/10.1088/0264-9381/29/18/184007},http://dx.doi.org/10.1088/0264-9381/29/18/184007,References,"""URLs with schemes such as http, https, ftp, sftp, git, magnet"", URLs with subdomain, ""URLs with paths, query Strings, and fragments""",embedded in references,Hidden in annotation layers,
1802.09206,9,uri:{http://dx.doi.org/10.1088/0264-9381/29/18/184006},http://dx.doi.org/10.1088/0264-9381/29/18/184006,References,"""URLs with schemes such as http, https, ftp, sftp, git, magnet"", URLs with subdomain, ""URLs with paths, query Strings, and fragments""",embedded in references,Hidden in annotation layers,
1802.09206,10,uri:{http://dx.doi.org/10.1088/0264-9381/29/18/184004},http://dx.doi.org/10.1088/0264-9381/29/18/184004,References,"""URLs with schemes such as http, https, ftp, sftp, git, magnet"", URLs with subdomain, ""URLs with paths, query Strings, and fragments""",embedded in references,Hidden in annotation layers,
1802.09206,9,uri:{http://dx.doi.org/10.1088/0264-9381/26/7/073001},http://dx.doi.org/10.1088/0264-9381/26/7/073001,References,"""URLs with schemes such as http, https, ftp, sftp, git, magnet"", URLs with subdomain, ""URLs with paths, query Strings, and fragments""",embedded in references,Hidden in annotation layers,
1802.09206,9,uri:{http://dx.doi.org/10.1088/0004-637X/813/1/65},http://dx.doi.org/10.1088/0004-637X/813/1/65,References,"""URLs with schemes such as http, https, ftp, sftp, git, magnet"", URLs with subdomain, ""URLs with paths, query Strings, and fragments""",embedded in references,Hidden in annotation layers,
1802.09206,10,uri:{http://dx.doi.org/10.1088/0004-637X/809/1/41},http://dx.doi.org/10.1088/0004-637X/809/1/41,References,"""URLs with schemes such as http, https, ftp, sftp, git, magnet"", URLs with subdomain, ""URLs with paths, query Strings, and fragments""",embedded in references,Hidden in annotation layers,
1802.09206,9,uri:{http://dx.doi.org/10.1088/0004-637X/794/1/21},http://dx.doi.org/10.1088/0004-637X/794/1/21,References,"""URLs with schemes such as http, https, ftp, sftp, git, magnet"", URLs with subdomain, ""URLs with paths, query Strings, and fragments""",embedded in references,Hidden in annotation layers,
1802.09206,9,uri:{http://dx.doi.org/10.1088/0004-637X/783/2/130},http://dx.doi.org/10.1088/0004-637X/783/2/130,References,"""URLs with schemes such as http, https, ftp, sftp, git, magnet"", URLs with subdomain, ""URLs with paths, query Strings, and fragments""",embedded in references,Hidden in annotation layers,
1802.09206,9,uri:{http://dx.doi.org/10.1088/0004-637X/743/2/102},http://dx.doi.org/10.1088/0004-637X/743/2/102,References,"""URLs with schemes such as http, https, ftp, sftp, git, magnet"", URLs with subdomain, ""URLs with paths, query Strings, and fragments""",embedded in references,Hidden in annotation layers,
1802.09206,9,uri:{http://dx.doi.org/10.1086/592401},http://dx.doi.org/10.1086/592401,References,"""URLs with schemes such as http, https, ftp, sftp, git, magnet"", URLs with subdomain, ""URLs with paths, query Strings, and fragments""",embedded in references,Hidden in annotation layers,
1802.09206,9,uri:{http://dx.doi.org/10.1086/587738},http://dx.doi.org/10.1086/587738,References,"""URLs with schemes such as http, https, ftp, sftp, git, magnet"", URLs with subdomain, ""URLs with paths, query Strings, and fragments""",embedded in references,Hidden in annotation layers,
1802.09206,9,uri:{http://dx.doi.org/10.1086/529576},http://dx.doi.org/10.1086/529576,References,"""URLs with schemes such as http, https, ftp, sftp, git, magnet"", URLs with subdomain, ""URLs with paths, query Strings, and fragments""",embedded in references,Hidden in annotation layers,
1802.09206,9,uri:{http://dx.doi.org/10.1086/497109},http://dx.doi.org/10.1086/497109,References,"""URLs with schemes such as http, https, ftp, sftp, git, magnet"", URLs with subdomain, ""URLs with paths, query Strings, and fragments""",embedded in references,Hidden in annotation layers,
1802.09206,9,uri:{http://dx.doi.org/10.1086/185920},http://dx.doi.org/10.1086/185920,References,"""URLs with schemes such as http, https, ftp, sftp, git, magnet"", URLs with subdomain, ""URLs with paths, query Strings, and fragments""",embedded in references,Hidden in annotation layers,
1802.09206,9,uri:{http://dx.doi.org/10.1086/150803},http://dx.doi.org/10.1086/150803,References,"""URLs with schemes such as http, https, ftp, sftp, git, magnet"", URLs with subdomain, ""URLs with paths, query Strings, and fragments""",embedded in references,Hidden in annotation layers,
1802.09206,9,uri:{http://dx.doi.org/10.1051/0004-6361/201629272},http://dx.doi.org/10.1051/0004-6361/201629272,References,"""URLs with schemes such as http, https, ftp, sftp, git, magnet"", URLs with subdomain, ""URLs with paths, query Strings, and fragments""",embedded in references,Hidden in annotation layers,
1802.09206,9,uri:{http://dx.doi.org/10.1051/0004-6361/201321556},http://dx.doi.org/10.1051/0004-6361/201321556,References,"""URLs with schemes such as http, https, ftp, sftp, git, magnet"", URLs with subdomain, ""URLs with paths, query Strings, and fragments""",embedded in references,Hidden in annotation layers,
1802.09206,9,uri:{http://dx.doi.org/10.1051/0004-6361/201015659},http://dx.doi.org/10.1051/0004-6361/201015659,References,"""URLs with schemes such as http, https, ftp, sftp, git, magnet"", URLs with subdomain, ""URLs with paths, query Strings, and fragments""",embedded in references,Hidden in annotation layers,
1802.09206,9,uri:{http://dx.doi.org/10.1046/j.1365-8711.1998.01282.x},http://dx.doi.org/10.1046/j.1365-8711.1998.01282.x,References,"""URLs with schemes such as http, https, ftp, sftp, git, magnet"", URLs with subdomain, ""URLs with paths, query Strings, and fragments""",embedded in references,Hidden in annotation layers,
1802.09206,9,uri:{http://dx.doi.org/10.1038/nature12917},http://dx.doi.org/10.1038/nature12917,References,"""URLs with schemes such as http, https, ftp, sftp, git, magnet"", URLs with subdomain, ""URLs with paths, query Strings, and fragments""",embedded in references,Hidden in annotation layers,
1802.09206,9,uri:{http://dx.doi.org/10.1007/s11433-016-0087-6},http://dx.doi.org/10.1007/s11433-016-0087-6,References,"""URLs with schemes such as http, https, ftp, sftp, git, magnet"", URLs with subdomain, ""URLs with paths, query Strings, and fragments""",embedded in references,Hidden in annotation layers,
1802.09206,9,uri:{http://dx.doi.org/10.1007/s10569-015-9639-y},http://dx.doi.org/10.1007/s10569-015-9639-y,References,"""URLs with schemes such as http, https, ftp, sftp, git, magnet"", URLs with subdomain, ""URLs with paths, query Strings, and fragments""",embedded in references,Hidden in annotation layers,
1802.09206,9,uri:{http://dx.doi.org/10.1002/2015RS005877},http://dx.doi.org/10.1002/2015RS005877,References,"""URLs with schemes such as http, https, ftp, sftp, git, magnet"", URLs with subdomain, ""URLs with paths, query Strings, and fragments""",embedded in references,Hidden in annotation layers,
1802.09206,1,uri:{http://arxiv.org/abs/1802.09206v1},http://arxiv.org/abs/1802.09206v1,Header,"""URLs with schemes such as http, https, ftp, sftp, git, magnet"", ""URLs with paths, query Strings, and fragments""",,"Hidden in annotation layers, Hidden in metadata",
1802.09206,9,uri:{http://arxiv.org/abs/1801.08999},http://arxiv.org/abs/1801.08999,References,"""URLs with schemes such as http, https, ftp, sftp, git, magnet"", ""URLs with paths, query Strings, and fragments""",embedded in references,Hidden in annotation layers,
1802.09206,9,uri:{http://arxiv.org/abs/1801.01837},http://arxiv.org/abs/1801.01837,References,"""URLs with schemes such as http, https, ftp, sftp, git, magnet"", ""URLs with paths, query Strings, and fragments""",embedded in references,Hidden in annotation layers,
1802.09206,9,uri:{http://arxiv.org/abs/1509.05446},http://arxiv.org/abs/1509.05446,References,"""URLs with schemes such as http, https, ftp, sftp, git, magnet"", ""URLs with paths, query Strings, and fragments""",embedded in references,Hidden in annotation layers,
1802.09206,9,uri:{http://arxiv.org/abs/1402.5594},http://arxiv.org/abs/1402.5594,References,"""URLs with schemes such as http, https, ftp, sftp, git, magnet"", ""URLs with paths, query Strings, and fragments""",embedded in references,Hidden in annotation layers,
1802.09206,9,uri:{http://adsabs.harvard.edu/abs/2017MNRAS.465...76M},http://adsabs.harvard.edu/abs/2017MNRAS.465...76M,References,"""URLs with schemes such as http, https, ftp, sftp, git, magnet"", URLs with subdomain, ""URLs with paths, query Strings, and fragments""",embedded in references,Hidden in annotation layers,
1802.09206,9,uri:{http://adsabs.harvard.edu/abs/2016RaSc...51.1060L},http://adsabs.harvard.edu/abs/2016RaSc...51.1060L,References,"""URLs with schemes such as http, https, ftp, sftp, git, magnet"", URLs with subdomain, ""URLs with paths, query Strings, and fragments""",embedded in references,Hidden in annotation layers,
1802.09206,9,uri:{http://adsabs.harvard.edu/abs/2016PhRvD..93h4023S},http://adsabs.harvard.edu/abs/2016PhRvD..93h4023S,References,"""URLs with schemes such as http, https, ftp, sftp, git, magnet"", URLs with subdomain, ""URLs with paths, query Strings, and fragments""",embedded in references,Hidden in annotation layers,
1802.09206,9,uri:{http://adsabs.harvard.edu/abs/2016MNRAS.458.3341D},http://adsabs.harvard.edu/abs/2016MNRAS.458.3341D,References,"""URLs with schemes such as http, https, ftp, sftp, git, magnet"", URLs with subdomain, ""URLs with paths, query Strings, and fragments""",embedded in references,Hidden in annotation layers,
1802.09206,9,uri:{http://adsabs.harvard.edu/abs/2016MNRAS.455.1751R},http://adsabs.harvard.edu/abs/2016MNRAS.455.1751R,References,"""URLs with schemes such as http, https, ftp, sftp, git, magnet"", URLs with subdomain, ""URLs with paths, query Strings, and fragments""",embedded in references,Hidden in annotation layers,
1802.09206,9,uri:{http://adsabs.harvard.edu/abs/2016IJMPD..2530029K},http://adsabs.harvard.edu/abs/2016IJMPD..2530029K,References,"""URLs with schemes such as http, https, ftp, sftp, git, magnet"", URLs with subdomain, ""URLs with paths, query Strings, and fragments""",embedded in references,Hidden in annotation layers,
1802.09206,9,uri:{http://adsabs.harvard.edu/abs/2016A%26A...595A...1G},http://adsabs.harvard.edu/abs/2016A%26A...595A...1G,References,"""URLs with schemes such as http, https, ftp, sftp, git, magnet"", URLs with subdomain, ""URLs with paths, query Strings, and fragments"", URLs with escape characters",embedded in references,Hidden in annotation layers,
1802.09206,9,uri:{http://adsabs.harvard.edu/abs/2015CeMDA.123..325F},http://adsabs.harvard.edu/abs/2015CeMDA.123..325F,References,"""URLs with schemes such as http, https, ftp, sftp, git, magnet"", URLs with subdomain, ""URLs with paths, query Strings, and fragments""",embedded in references,Hidden in annotation layers,
1802.09206,9,uri:{http://adsabs.harvard.edu/abs/2015aska.confE..36K},http://adsabs.harvard.edu/abs/2015aska.confE..36K,References,"""URLs with schemes such as http, https, ftp, sftp, git, magnet"", URLs with subdomain, ""URLs with paths, query Strings, and fragments""",embedded in references,Hidden in annotation layers,
1802.09206,9,uri:{http://adsabs.harvard.edu/abs/2015ApJ...813...65T},http://adsabs.harvard.edu/abs/2015ApJ...813...65T,References,"""URLs with schemes such as http, https, ftp, sftp, git, magnet"", URLs with subdomain, ""URLs with paths, query Strings, and fragments""",embedded in references,Hidden in annotation layers,
1802.09206,10,uri:{http://adsabs.harvard.edu/abs/2015ApJ...809...41Z},http://adsabs.harvard.edu/abs/2015ApJ...809...41Z,References,"""URLs with schemes such as http, https, ftp, sftp, git, magnet"", URLs with subdomain, ""URLs with paths, query Strings, and fragments""",embedded in references,Hidden in annotation layers,
1802.09206,9,uri:{http://adsabs.harvard.edu/abs/2014Natur.505..520R},http://adsabs.harvard.edu/abs/2014Natur.505..520R,References,"""URLs with schemes such as http, https, ftp, sftp, git, magnet"", URLs with subdomain, ""URLs with paths, query Strings, and fragments""",embedded in references,Hidden in annotation layers,
1802.09206,9,uri:{http://adsabs.harvard.edu/abs/2014MNRAS.445.3133P},http://adsabs.harvard.edu/abs/2014MNRAS.445.3133P,References,"""URLs with schemes such as http, https, ftp, sftp, git, magnet"", URLs with subdomain, ""URLs with paths, query Strings, and fragments""",embedded in references,Hidden in annotation layers,
1802.09206,9,uri:{http://adsabs.harvard.edu/abs/2014MNRAS.437.3004L},http://adsabs.harvard.edu/abs/2014MNRAS.437.3004L,References,"""URLs with schemes such as http, https, ftp, sftp, git, magnet"", URLs with subdomain, ""URLs with paths, query Strings, and fragments""",embedded in references,Hidden in annotation layers,
1802.09206,9,uri:{http://adsabs.harvard.edu/abs/2014LRR....17....4W},http://adsabs.harvard.edu/abs/2014LRR....17....4W,References,"""URLs with schemes such as http, https, ftp, sftp, git, magnet"", URLs with subdomain, ""URLs with paths, query Strings, and fragments""",embedded in references,Hidden in annotation layers,
1802.09206,9,uri:{http://adsabs.harvard.edu/abs/2014ApJ...794...21D},http://adsabs.harvard.edu/abs/2014ApJ...794...21D,References,"""URLs with schemes such as http, https, ftp, sftp, git, magnet"", URLs with subdomain, ""URLs with paths, query Strings, and fragments""",embedded in references,Hidden in annotation layers,
1802.09206,9,uri:{http://adsabs.harvard.edu/abs/2014ApJ...783..130R},http://adsabs.harvard.edu/abs/2014ApJ...783..130R,References,"""URLs with schemes such as http, https, ftp, sftp, git, magnet"", URLs with subdomain, ""URLs with paths, query Strings, and fragments""",embedded in references,Hidden in annotation layers,
1802.09206,9,uri:{http://adsabs.harvard.edu/abs/2014A%26A...571A..27P},http://adsabs.harvard.edu/abs/2014A%26A...571A..27P,References,"""URLs with schemes such as http, https, ftp, sftp, git, magnet"", URLs with subdomain, ""URLs with paths, query Strings, and fragments"", URLs with escape characters",embedded in references,Hidden in annotation layers,
1802.09206,9,uri:{http://adsabs.harvard.edu/abs/2013PhRvD..87j4021L},http://adsabs.harvard.edu/abs/2013PhRvD..87j4021L,References,"""URLs with schemes such as http, https, ftp, sftp, git, magnet"", URLs with subdomain, ""URLs with paths, query Strings, and fragments""",embedded in references,Hidden in annotation layers,
1802.09206,10,uri:{http://adsabs.harvard.edu/abs/2013MNRAS.428.1147V},http://adsabs.harvard.edu/abs/2013MNRAS.428.1147V,References,"""URLs with schemes such as http, https, ftp, sftp, git, magnet"", URLs with subdomain, ""URLs with paths, query Strings, and fragments""",embedded in references,Hidden in annotation layers,
1802.09206,9,uri:{http://adsabs.harvard.edu/abs/2013CQGra..30v4004E},http://adsabs.harvard.edu/abs/2013CQGra..30v4004E,References,"""URLs with schemes such as http, https, ftp, sftp, git, magnet"", URLs with subdomain, ""URLs with paths, query Strings, and fragments""",embedded in references,Hidden in annotation layers,
1802.09206,9,uri:{http://adsabs.harvard.edu/abs/2012MNRAS.423.3328F},http://adsabs.harvard.edu/abs/2012MNRAS.423.3328F,References,"""URLs with schemes such as http, https, ftp, sftp, git, magnet"", URLs with subdomain, ""URLs with paths, query Strings, and fragments""",embedded in references,Hidden in annotation layers,
1802.09206,9,uri:{http://adsabs.harvard.edu/abs/2012CQGra..29r4007F},http://adsabs.harvard.edu/abs/2012CQGra..29r4007F,References,"""URLs with schemes such as http, https, ftp, sftp, git, magnet"", URLs with subdomain, ""URLs with paths, query Strings, and fragments""",embedded in references,Hidden in annotation layers,
1802.09206,9,uri:{http://adsabs.harvard.edu/abs/2012CQGra..29r4006M},http://adsabs.harvard.edu/abs/2012CQGra..29r4006M,References,"""URLs with schemes such as http, https, ftp, sftp, git, magnet"", URLs with subdomain, ""URLs with paths, query Strings, and fragments""",embedded in references,Hidden in annotation layers,
1802.09206,10,uri:{http://adsabs.harvard.edu/abs/2012CQGra..29r4004W},http://adsabs.harvard.edu/abs/2012CQGra..29r4004W,References,"""URLs with schemes such as http, https, ftp, sftp, git, magnet"", URLs with subdomain, ""URLs with paths, query Strings, and fragments""",embedded in references,Hidden in annotation layers,
1802.09206,9,uri:{http://adsabs.harvard.edu/abs/2011LRR....14....2U},http://adsabs.harvard.edu/abs/2011LRR....14....2U,References,"""URLs with schemes such as http, https, ftp, sftp, git, magnet"", URLs with subdomain, ""URLs with paths, query Strings, and fragments""",embedded in references,Hidden in annotation layers,
1802.09206,9,uri:{http://adsabs.harvard.edu/abs/2011IJMPD..20..989N},http://adsabs.harvard.edu/abs/2011IJMPD..20..989N,References,"""URLs with schemes such as http, https, ftp, sftp, git, magnet"", URLs with subdomain, ""URLs with paths, query Strings, and fragments""",embedded in references,Hidden in annotation layers,
1802.09206,9,uri:{http://adsabs.harvard.edu/abs/2011ApJ...743..102G},http://adsabs.harvard.edu/abs/2011ApJ...743..102G,References,"""URLs with schemes such as http, https, ftp, sftp, git, magnet"", URLs with subdomain, ""URLs with paths, query Strings, and fragments""",embedded in references,Hidden in annotation layers,
1802.09206,9,uri:{http://adsabs.harvard.edu/abs/2010A%26A...522L...5H},http://adsabs.harvard.edu/abs/2010A%26A...522L...5H,References,"""URLs with schemes such as http, https, ftp, sftp, git, magnet"", URLs with subdomain, ""URLs with paths, query Strings, and fragments"", URLs with escape characters",embedded in references,Hidden in annotation layers,
1802.09206,9,uri:{http://adsabs.harvard.edu/abs/2009MNRAS.400..805L},http://adsabs.harvard.edu/abs/2009MNRAS.400..805L,References,"""URLs with schemes such as http, https, ftp, sftp, git, magnet"", URLs with subdomain, ""URLs with paths, query Strings, and fragments""",embedded in references,Hidden in annotation layers,
1802.09206,9,uri:{http://adsabs.harvard.edu/abs/2009IPNPR.178C...1F},http://adsabs.harvard.edu/abs/2009IPNPR.178C...1F,References,"""URLs with schemes such as http, https, ftp, sftp, git, magnet"", URLs with subdomain, ""URLs with paths, query Strings, and fragments""",embedded in references,Hidden in annotation layers,
1802.09206,9,uri:{http://adsabs.harvard.edu/abs/2009CQGra..26g3001K},http://adsabs.harvard.edu/abs/2009CQGra..26g3001K,References,"""URLs with schemes such as http, https, ftp, sftp, git, magnet"", URLs with subdomain, ""URLs with paths, query Strings, and fragments""",embedded in references,Hidden in annotation layers,
1802.09206,9,uri:{http://adsabs.harvard.edu/abs/2008ApJ...685L..67D},http://adsabs.harvard.edu/abs/2008ApJ...685L..67D,References,"""URLs with schemes such as http, https, ftp, sftp, git, magnet"", URLs with subdomain, ""URLs with paths, query Strings, and fragments""",embedded in references,Hidden in annotation layers,
1802.09206,9,uri:{http://adsabs.harvard.edu/abs/2008ApJ...679..675V},http://adsabs.harvard.edu/abs/2008ApJ...679..675V,References,"""URLs with schemes such as http, https, ftp, sftp, git, magnet"", URLs with subdomain, ""URLs with paths, query Strings, and fragments""",embedded in references,Hidden in annotation layers,
1802.09206,9,uri:{http://adsabs.harvard.edu/abs/2004MNRAS.352..440H},http://adsabs.harvard.edu/abs/2004MNRAS.352..440H,References,"""URLs with schemes such as http, https, ftp, sftp, git, magnet"", URLs with subdomain, ""URLs with paths, query Strings, and fragments""",embedded in references,Hidden in annotation layers,
1802.09206,9,uri:{http://adsabs.harvard.edu/abs/1998MNRAS.294..429D},http://adsabs.harvard.edu/abs/1998MNRAS.294..429D,References,"""URLs with schemes such as http, https, ftp, sftp, git, magnet"", URLs with subdomain, ""URLs with paths, query Strings, and fragments""",embedded in references,Hidden in annotation layers,
1802.09206,9,uri:{http://adsabs.harvard.edu/abs/1991ApJ...367L...9K},http://adsabs.harvard.edu/abs/1991ApJ...367L...9K,References,"""URLs with schemes such as http, https, ftp, sftp, git, magnet"", URLs with subdomain, ""URLs with paths, query Strings, and fragments""",embedded in references,Hidden in annotation layers,
1802.09206,9,uri:{http://adsabs.harvard.edu/abs/1971ApJ...163..595T},http://adsabs.harvard.edu/abs/1971ApJ...163..595T,References,"""URLs with schemes such as http, https, ftp, sftp, git, magnet"", URLs with subdomain, ""URLs with paths, query Strings, and fragments""",embedded in references,Hidden in annotation layers,
1802.09206,9,uri:{http://adsabs.harvard.edu/abs/1968PhRv..170.1186N},http://adsabs.harvard.edu/abs/1968PhRv..170.1186N,References,"""URLs with schemes such as http, https, ftp, sftp, git, magnet"", URLs with subdomain, ""URLs with paths, query Strings, and fragments""",embedded in references,Hidden in annotation layers,
1802.09206,,,http://sci.esa.int/gaia/,Future Work,"""URLs with schemes such as http, https, ftp, sftp, git, magnet"", URLs with subdomain, URLs with trailing slashes, ""URLs with paths, query Strings, and fragments""",embedded in footnotes,,
1901.00005,7,uri:{https://www.cosmos.esa.int/web/gaia/dpac/consortium},https://www.cosmos.esa.int/web/gaia/dpac/consortium,References,"""URLs with schemes such as http, https, ftp, sftp, git, magnet"", ""URLs with paths, query Strings, and fragments"", URLs with subdomain","split across lines, embedded in references",,
1901.00005,7,uri:{https://www.cosmos.esa.int/gaia},https://www.cosmos.esa.int/gaia,References,"""URLs with schemes such as http, https, ftp, sftp, git, magnet"", ""URLs with paths, query Strings, and fragments"", URLs with subdomain","split across lines, embedded in references",,
1901.02923,10,uri:{https://www.energycentral.com/c/ec/ferc-settlements-illustrate-attempts-game-demand-response-programs},https://www.energycentral.com/c/ec/ferc-settlements-illustrate-attempts-game-demand-response-programs,References,"""URLs with schemes such as http, https, ftp, sftp, git, magnet"", ""URLs with paths, query Strings, and fragments""","split across lines, embedded in references",,
1901.02923,10,uri:{https://www.eia.gov/electricity/monthly/},https://www.eia.gov/electricity/monthly/,References,"""URLs with schemes such as http, https, ftp, sftp, git, magnet"", URLs with trailing slashes, ""URLs with paths, query Strings, and fragments""","split across lines, embedded in references",,
1901.02923,10,uri:{http://www.jstor.org/stable/23245561},http://www.jstor.org/stable/23245561,References,"""URLs with schemes such as http, https, ftp, sftp, git, magnet"", ""URLs with paths, query Strings, and fragments""",embedded in references,,
1901.03299,10,uri:{https://www.degruyter.com/view/j/mms.2012.19.issue-3/v10178-012-0037-4/v10178-012-0037-4.xml},https://www.degruyter.com/view/j/mms.2012.19.issue-3/v10178-012-0037-4/v10178-012-0037-4.xml,References,"""URLs with schemes such as http, https, ftp, sftp, git, magnet"", ""URLs with paths, query Strings, and fragments""","split across lines, embedded in references",,
1901.03299,11,uri:{https://hal.archives-ouvertes.fr/hal-00521054/document},https://hal.archives-ouvertes.fr/hal-00521054/document,References,"""URLs with schemes such as http, https, ftp, sftp, git, magnet"", URLs with subdomain, ""URLs with paths, query Strings, and fragments""","split across lines, embedded in references",,
1901.03299,11,uri:{https://ac.els-cdn.com/S0301051106001396/1-s2.0-S0301051106001396-main.pdf?_tid=97940708-389c-4f94-97b9-e9afb06c4548&acdnat=1525103613_c14a43c6940d85488ed7ba692b3ea6dd},https://ac.els-cdn.com/S0301051106001396/1-s2.0-S0301051106001396-main.pdf?_tid=97940708-389c-4f94-97b9-e9afb06c4548&acdnat=1525103613_c14a43c6940d85488ed7ba692b3ea6dd,References,"""URLs with schemes such as http, https, ftp, sftp, git, magnet"", URLs with subdomain, ""URLs with paths, query Strings, and fragments""","split across lines, split across pages, embedded in references",,
1901.03299,10,uri:{http://www.tandfonline.com/doi/abs/10.1080/00401706.1968.10490530#.VSr0bt93PeQ},http://www.tandfonline.com/doi/abs/10.1080/00401706.1968.10490530#.VSr0bt93PeQ,References,"""URLs with schemes such as http, https, ftp, sftp, git, magnet"", ""URLs with paths, query Strings, and fragments""","split across lines, embedded in references",,
1901.03299,1,uri:{http://www.tandfonline.com/10.1080/2326263X.2018.1552357},http://www.tandfonline.com/10.1080/2326263X.2018.1552357,Header,"""URLs with schemes such as http, https, ftp, sftp, git, magnet"", ""URLs with paths, query Strings, and fragments""",,,
1901.03299,10,uri:{http://www.ncbi.nlm.nih.gov/pubmed/20347387http://www.pubmedcentral.nih.gov/articlerender.fcgi?artid=PMC2879474},http://www.ncbi.nlm.nih.gov/pubmed/20347387http://www.pubmedcentral.nih.gov/articlerender.fcgi?artid=PMC2879474,References,"""URLs with schemes such as http, https, ftp, sftp, git, magnet"", URLs with subdomain, ""URLs with paths, query Strings, and fragments""","split across lines, embedded in references",,
1901.03299,10,uri:{http://www.ncbi.nlm.nih.gov/pubmed/12048038},http://www.ncbi.nlm.nih.gov/pubmed/12048038,References,"""URLs with schemes such as http, https, ftp, sftp, git, magnet"", URLs with subdomain, ""URLs with paths, query Strings, and fragments""",embedded in references,,
1901.03299,10,uri:{http://web.stanford.edu/~hastie/ElemStatLearn/printings/ESLII_print12.pdf},http://web.stanford.edu/~hastie/ElemStatLearn/printings/ESLII_print12.pdf,References,"""URLs with schemes such as http, https, ftp, sftp, git, magnet"", URLs with subdomain, URLs with unicode characters, ""URLs with paths, query Strings, and fragments""","embedded in references, split across lines",,
1901.03299,10,uri:{http://linkinghub.elsevier.com/retrieve/pii/0013469488901496},http://linkinghub.elsevier.com/retrieve/pii/0013469488901496,References,"""URLs with schemes such as http, https, ftp, sftp, git, magnet"", URLs with subdomain, ""URLs with paths, query Strings, and fragments""",embedded in references,,
1901.03299,10,uri:{http://iopscience.iop.org/article/10.1088/1741-2560/4/2/R01/pdf},http://iopscience.iop.org/article/10.1088/1741-2560/4/2/R01/pdf,References,"""URLs with schemes such as http, https, ftp, sftp, git, magnet"", URLs with subdomain, ""URLs with paths, query Strings, and fragments""","split across lines, embedded in references",,
1901.03299,10,uri:{http://cdn.intechweb.org/pdfs/13495.pdf%5Cnhttp://www.intechopen.com/source/pdfs/13495/InTech-P300_based_brain_computer_interface_paradigm_design.pdf},http://cdn.intechweb.org/pdfs/13495.pdf%5Cnhttp://www.intechopen.com/source/pdfs/13495/InTech-P300_based_brain_computer_interface_paradigm_design.pdf,References,"URLs with escape characters, ""URLs with schemes such as http, https, ftp, sftp, git, magnet"", URLs with subdomain, ""URLs with paths, query Strings, and fragments""","split across lines, embedded in references",,
1901.04687,9,,http://www.pascal-network.org/challenges/VOC/voc2007/workshop/index.html,References,"""URLs with schemes such as http, https, ftp, sftp, git, magnet"", ""URLs with paths, query Strings, and fragments""","embedded in references, split across lines",,
1901.04687,10,,https://arxiv.org/abs/1711.05908,References,"""URLs with schemes such as http, https, ftp, sftp, git, magnet"", ""URLs with paths, query Strings, and fragments""",embedded in references,,
1901.10437,6,uri:{https://www.faceplusplus.com},https://www.faceplusplus.com,Results and Discussion,"""URLs with schemes such as http, https, ftp, sftp, git, magnet""",embedded in footnotes,,
1901.10437,10,uri:{https://www.blog.google/products/ads/ads-and-analytics-innovations-for-a-mobile-first-world/},https://www.blog.google/products/ads/ads-and-analytics-innovations-for-a-mobile-first-world/,References,"""URLs with schemes such as http, https, ftp, sftp, git, magnet"", ""URLs with paths, query Strings, and fragments"", URLs with trailing slashes","split across lines, embedded in references",,
1901.10437,10,uri:{https://doi.org/10.1145/3038912.3052613},https://doi.org/10.1145/3038912.3052613,References,"""URLs with schemes such as http, https, ftp, sftp, git, magnet"", ""URLs with paths, query Strings, and fragments""",embedded in references,,
1901.10437,10,uri:{https://doi.org/10.1111/j.1083-6101.2006.00025.x},https://doi.org/10.1111/j.1083-6101.2006.00025.x,References,"""URLs with schemes such as http, https, ftp, sftp, git, magnet"", ""URLs with paths, query Strings, and fragments""",embedded in references,,
1901.10437,6,uri:{http://www.statistics4u.com/fundstat_eng/cc_optim_meth_brutefrc.html},http://www.statistics4u.com/fundstat_eng/cc_optim_meth_brutefrc.html,Results and Discussion,"""URLs with schemes such as http, https, ftp, sftp, git, magnet"", ""URLs with paths, query Strings, and fragments""",,Hidden in annotation layers,
1901.10437,10,uri:{http://arxiv.org/abs/1704.06840},http://arxiv.org/abs/1704.06840,References,"""URLs with schemes such as http, https, ftp, sftp, git, magnet"", ""URLs with paths, query Strings, and fragments""","split across lines, embedded in references",,
1901.10437,10,,https://www.reuters.com/article/us-amazon-com-jobs-automation-insight/amazon-scraps-secret-ai-recruiting-tool-that-showed-bias-against-women-idUSKCN1MK08G,References,"""URLs with schemes such as http, https, ftp, sftp, git, magnet"", ""URLs with paths, query Strings, and fragments""","split across lines, embedded in references",,
1901.10437,10,,https://www.beckershospitalreview.com/human-capital-and-risk/gender-ratio-of-nurses-across-50-states.html,References,"""URLs with paths, query Strings, and fragments"", ""URLs with schemes such as http, https, ftp, sftp, git, magnet""","split across lines, embedded in references",,
1901.10437,10,,https://investor.fb.com/investor-news/press-release-details/2018/Facebook-Reports-Second-Quarter-2018-Results/default.aspx,References,"""URLs with schemes such as http, https, ftp, sftp, git, magnet"", URLs with subdomain, ""URLs with paths, query Strings, and fragments""","split across lines, embedded in references",,
1901.10550,12,uri:{https://github.com/tuye0305/prophet},https://github.com/tuye0305/prophet,References,"""URLs with schemes such as http, https, ftp, sftp, git, magnet"", ""URLs with paths, query Strings, and fragments""",,,
1901.10550,10,uri:{https://doi.org/10.18637/jss.v081.i02},https://doi.org/10.18637/jss.v081.i02,References,"""URLs with schemes such as http, https, ftp, sftp, git, magnet"", ""URLs with paths, query Strings, and fragments""",embedded in references,,
1901.10550,10,uri:{https://doi.org/10.1023/A:1010933404324},https://doi.org/10.1023/A:1010933404324,References,"""URLs with schemes such as http, https, ftp, sftp, git, magnet"", ""URLs with paths, query Strings, and fragments""","split across lines, embedded in references",,
1901.10550,10,uri:{https://doi.org/10.1007/s10618-014-0383-9},https://doi.org/10.1007/s10618-014-0383-9,References,"""URLs with schemes such as http, https, ftp, sftp, git, magnet"", ""URLs with paths, query Strings, and fragments""",embedded in references,,
1901.10550,1,uri:{https://doi.org/},https://doi.org/,Abstract,"""URLs with schemes such as http, https, ftp, sftp, git, magnet"", URLs with trailing slashes",,,
1901.10550,10,uri:{https://CRAN.R-project.org/package=grf},https://CRAN.R-project.org/package=grf,References,"""URLs with schemes such as http, https, ftp, sftp, git, magnet"", URLs with subdomain, ""URLs with paths, query Strings, and fragments""",embedded in references,,
1901.10550,10,uri:{https://CRAN.R-project.org/doc/Rnews/},https://CRAN.R-project.org/doc/Rnews/,References,"""URLs with schemes such as http, https, ftp, sftp, git, magnet"", URLs with subdomain, ""URLs with paths, query Strings, and fragments"", URLs with trailing slashes",embedded in references,,
1901.10550,10,uri:{http://proceedings.mlr.press/v104/du19a.html},http://proceedings.mlr.press/v104/du19a.html,References,"""URLs with schemes such as http, https, ftp, sftp, git, magnet"", URLs with subdomain, ""URLs with paths, query Strings, and fragments""",embedded in references,,
1902.00579,6,uri:{https://visualdialog.org/data},https://visualdialog.org/data,Methodology,"""URLs with schemes such as http, https, ftp, sftp, git, magnet"", ""URLs with paths, query Strings, and fragments""","split across lines, embedded in footnotes",,
1902.00579,8,uri:{https://visualdialog.org/challenge/2019},https://visualdialog.org/challenge/2019,Results and Discussion,"""URLs with schemes such as http, https, ftp, sftp, git, magnet"", ""URLs with paths, query Strings, and fragments""","split across lines, embedded in footnotes",,
1902.00579,6,uri:{https://evalai.cloudcv.org/web/challenges/challenge-page/161/overview},https://evalai.cloudcv.org/web/challenges/challenge-page/161/overview,Methodology,"""URLs with schemes such as http, https, ftp, sftp, git, magnet"", ""URLs with paths, query Strings, and fragments""","split across lines, embedded in footnotes",,
1902.00579,9,uri:{https://evalai.cloudcv.org/web/challenges/challenge-page/161/leaderboard/483},https://evalai.cloudcv.org/web/challenges/challenge-page/161/leaderboard/483,Results and Discussion,"""URLs with schemes such as http, https, ftp, sftp, git, magnet"", URLs with subdomain, ""URLs with paths, query Strings, and fragments""","split across lines, embedded in captions",,
1902.00579,9,uri:{https://evalai.cloudcv.org/web/challenges/challenge-page/103/leaderboard/298},https://evalai.cloudcv.org/web/challenges/challenge-page/103/leaderboard/298,Results and Discussion,"""URLs with schemes such as http, https, ftp, sftp, git, magnet"", URLs with subdomain, ""URLs with paths, query Strings, and fragments""","split across lines, embedded in captions",,
1902.01117,8,,https://www.microsoft.com/en-us/hololens,Methodology,"""URLs with schemes such as http, https, ftp, sftp, git, magnet"", ""URLs with paths, query Strings, and fragments""",embedded in footnotes,,
1902.01117,9,,https://www.leapmotion.com/,Methodology,"""URLs with schemes such as http, https, ftp, sftp, git, magnet"", URLs with trailing slashes",embedded in footnotes,,
1902.01117,9,,https://msdn.microsoft.com/en-us/library/hh361572(v=oﬃce.14).aspx ,Methodology,"""URLs with schemes such as http, https, ftp, sftp, git, magnet"", URLs with subdomain, ""URLs with paths, query Strings, and fragments""",embedded in footnotes,Shortened URLs that redirect to a longer address,
1902.02949,16,uri:{https://doi.org/10.1109/TNNLS.2018.2881143},https://doi.org/10.1109/TNNLS.2018.2881143,References,"""URLs with schemes such as http, https, ftp, sftp, git, magnet"", ""URLs with paths, query Strings, and fragments""",embedded in references,,
1902.02949,16,uri:{https://doi.org/10.1109/TEVC.2018.2808689},https://doi.org/10.1109/TEVC.2018.2808689,References,"""URLs with schemes such as http, https, ftp, sftp, git, magnet"", ""URLs with paths, query Strings, and fragments""",embedded in references,,
1902.02949,15,uri:{http://archive.ics.uci.edu/ml},http://archive.ics.uci.edu/ml,References,"""URLs with schemes such as http, https, ftp, sftp, git, magnet"", URLs with subdomain, ""URLs with paths, query Strings, and fragments""","split across lines, embedded in references",,
1902.04324,15,uri:{https://doi.org/10.1016/j.cam.2019.02.011},https://doi.org/10.1016/j.cam.2019.02.011,References,"""URLs with schemes such as http, https, ftp, sftp, git, magnet"", ""URLs with paths, query Strings, and fragments""","split across lines, embedded in references",Hidden in annotation layers,
1902.04324,15,uri:{https://doi.org/10.1016/j.aml.2018.03.001},https://doi.org/10.1016/j.aml.2018.03.001,References,"""URLs with schemes such as http, https, ftp, sftp, git, magnet"", ""URLs with paths, query Strings, and fragments""","split across lines, embedded in references",Hidden in annotation layers,
1902.04324,13,uri:{https://doi.org/10.1006/jcph.2001.6956},https://doi.org/10.1006/jcph.2001.6956,References,"""URLs with schemes such as http, https, ftp, sftp, git, magnet"", ""URLs with paths, query Strings, and fragments""",embedded in references,Hidden in annotation layers,
1902.04324,15,uri:{http://arxiv.org/abs/1510.06896},http://arxiv.org/abs/1510.06896,References,"""URLs with schemes such as http, https, ftp, sftp, git, magnet"", ""URLs with paths, query Strings, and fragments""",embedded in references,Hidden in annotation layers,
1902.04324,1,,http://www.asc.tuwien.ac.at/winfried,Abstract,"""URLs with schemes such as http, https, ftp, sftp, git, magnet"", URLs with subdomain, ""URLs with paths, query Strings, and fragments""",embedded in footnotes,,
1902.04324,1,,http://www.harald-hofstaetter.at,Abstract,"""URLs with schemes such as http, https, ftp, sftp, git, magnet""",embedded in footnotes,,
1902.04324,1,,https://mat.ug.edu.pl/kmalina,Abstract,"""URLs with schemes such as http, https, ftp, sftp, git, magnet"", URLs with subdomain, ""URLs with paths, query Strings, and fragments""",embedded in footnotes,,
1902.04324,1,,https://www.maths.ox.ac.uk/people/pranav.singh,Abstract,"""URLs with schemes such as http, https, ftp, sftp, git, magnet"", URLs with subdomain, ""URLs with paths, query Strings, and fragments""",embedded in footnotes,,
1902.04992,2,uri:{mailto:fabiom.carlucci@gmail.com},mailto:fabiom.carlucci@gmail.com,Abstract,"""URLs with schemes such as http, https, ftp, sftp, git, magnet""",embedded in footnotes,Hidden in annotation layers,
1902.04992,65,uri:{https://sites.google.com/site/vandaldepthnet/},https://sites.google.com/site/vandaldepthnet/,Methodology,"""URLs with schemes such as http, https, ftp, sftp, git, magnet"", URLs with subdomain, URLs with trailing slashes, ""URLs with paths, query Strings, and fragments""",,,
1902.04992,9,uri:{https://people.eecs.berkeley.edu/~jhoffman/domainadapt},https://people.eecs.berkeley.edu/~jhoffman/domainadapt,Introduction,"""URLs with schemes such as http, https, ftp, sftp, git, magnet"", ""URLs with paths, query Strings, and fragments"", URLs with subdomain, URLs with unicode characters",embedded in captions,,
1902.04992,84,uri:{https://github.com/fmcarlucci/de2co},https://github.com/fmcarlucci/de2co,Conclusions,"""URLs with schemes such as http, https, ftp, sftp, git, magnet"", ""URLs with paths, query Strings, and fragments""",,,
1902.04992,76,uri:{https://github.com/fmcarlucci/de2co},https://github.com/fmcarlucci/de2co,Methodology,"""URLs with schemes such as http, https, ftp, sftp, git, magnet"", ""URLs with paths, query Strings, and fragments""",split across lines,,
1902.04992,95,uri:{https://github.com/fchollet/keras},https://github.com/fchollet/keras,References,"""URLs with schemes such as http, https, ftp, sftp, git, magnet"", ""URLs with paths, query Strings, and fragments""",embedded in references,,
1902.04992,8,,https://images.google.com/,Introduction,"""URLs with schemes such as http, https, ftp, sftp, git, magnet"", URLs with subdomain, URLs with trailing slashes",embedded in footnotes,,
1902.04992,8,,https://www.instagram.com/,Introduction,"""URLs with schemes such as http, https, ftp, sftp, git, magnet"", URLs with trailing slashes",embedded in footnotes,,
1902.04992,8,,https://www.pinterest.com/,Introduction,"""URLs with schemes such as http, https, ftp, sftp, git, magnet"", URLs with trailing slashes",embedded in footnotes,,
1902.04992,67,,www.blender.org,Methodology,URLs without scheme,embedded in footnotes,,
1902.04992,67,,http://www.phash.org/,Methodology,"""URLs with schemes such as http, https, ftp, sftp, git, magnet"", URLs with trailing slashes",embedded in footnotes,,
1902.04992,70,,http://www.csie.ntu.edu.tw/cjlin/liblinear/,Methodology,"""URLs with schemes such as http, https, ftp, sftp, git, magnet"", URLs with subdomain, ""URLs with paths, query Strings, and fragments"", URLs with trailing slashes",embedded in footnotes,,
1902.04992,47,,https://github.com/engharat/SBADAGAN,Methodology,"""URLs with schemes such as http, https, ftp, sftp, git, magnet"", ""URLs with paths, query Strings, and fragments""",embedded in footnotes,,
1902.04992,68,,https://sites.google.com/site/vandaldepthnet/,Methodology,"""URLs with schemes such as http, https, ftp, sftp, git, magnet"", URLs with subdomain, URLs with trailing slashes, ""URLs with paths, query Strings, and fragments""",embedded in footnotes,,
1902.04992,79,,http://opencv.org/,Methodology,"URLs with trailing slashes, ""URLs with schemes such as http, https, ftp, sftp, git, magnet""",embedded in footnotes,,
1902.04992,80,,https://github.com/BVLC/caﬀe/wiki/Model-Zoo,Methodology,"""URLs with schemes such as http, https, ftp, sftp, git, magnet"", ""URLs with paths, query Strings, and fragments""",embedded in footnotes,,
1902.05009,11,uri:{https://www.openml.org/d/949},https://www.openml.org/d/949,References,"""URLs with schemes such as http, https, ftp, sftp, git, magnet"", ""URLs with paths, query Strings, and fragments""","split across lines, embedded in references",,
1902.05009,11,uri:{https://sigopt.com/},https://sigopt.com/,References,"""URLs with schemes such as http, https, ftp, sftp, git, magnet"", URLs with trailing slashes",embedded in references,,
1902.05009,11,uri:{https://mljar.com/},https://mljar.com/,References,"""URLs with schemes such as http, https, ftp, sftp, git, magnet"", URLs with trailing slashes",embedded in references,,
1902.05009,11,uri:{https://medium.com/@MLJARofficial/automl-comparison-4b01229fae5e},https://medium.com/@MLJARofficial/automl-comparison-4b01229fae5e,References,"""URLs with schemes such as http, https, ftp, sftp, git, magnet"", ""URLs with paths, query Strings, and fragments""","split across lines, embedded in references",,
1902.05009,2,uri:{https://github.com/HDI-Project/ATMSeer},https://github.com/HDI-Project/ATMSeer,Introduction,"""URLs with schemes such as http, https, ftp, sftp, git, magnet"", ""URLs with paths, query Strings, and fragments""",embedded in footnotes,,
1902.05009,1,uri:{https://doi.org/10.1145/3290605.3300911},https://doi.org/10.1145/3290605.3300911,Abstract,"""URLs with schemes such as http, https, ftp, sftp, git, magnet"", ""URLs with paths, query Strings, and fragments""",embedded in footnotes,,
1902.05009,1,uri:{https://doi.org/10.1145/3290605.3300911},https://doi.org/10.1145/3290605.3300911,Abstract,"""URLs with schemes such as http, https, ftp, sftp, git, magnet"", ""URLs with paths, query Strings, and fragments""",split across lines,Hidden in metadata,
1902.05009,11,uri:{https://cloud.google.com/automl/},https://cloud.google.com/automl/,References,"""URLs with schemes such as http, https, ftp, sftp, git, magnet"", URLs with subdomain, URLs with trailing slashes, ""URLs with paths, query Strings, and fragments""",embedded in references,,
1902.05009,11,uri:{http://www.cs.toronto.edu/~delve/data/ringnorm/desc.html},http://www.cs.toronto.edu/~delve/data/ringnorm/desc.html,References,"""URLs with schemes such as http, https, ftp, sftp, git, magnet"", URLs with unicode characters, ""URLs with paths, query Strings, and fragments"", URLs with subdomain","split across lines, embedded in references",,
1902.05009,11,uri:{http://archive.ics.uci.edu/ml},http://archive.ics.uci.edu/ml,References,"""URLs with schemes such as http, https, ftp, sftp, git, magnet"", URLs with subdomain, ""URLs with paths, query Strings, and fragments""",embedded in references,,
1902.06636,4,uri:{https://healpix.jpl.nasa.gov/html/facilitiesnode8.htm},https://healpix.jpl.nasa.gov/html/facilitiesnode8.htm,Methodology,"""URLs with schemes such as http, https, ftp, sftp, git, magnet"", URLs with subdomain, ""URLs with paths, query Strings, and fragments""",split across lines,,
1902.06636,14,uri:{https://cosmologist.info/notes/CAMB.pdf},https://cosmologist.info/notes/CAMB.pdf,References,"""URLs with schemes such as http, https, ftp, sftp, git, magnet"", ""URLs with paths, query Strings, and fragments""","split across lines, embedded in references",,
1902.06636,13,uri:{http://www.esa.int/Planck},http://www.esa.int/Planck,References,"""URLs with schemes such as http, https, ftp, sftp, git, magnet"", ""URLs with paths, query Strings, and fragments""",split across lines,,
1902.06636,10,uri:{http://javiercarron.com/publications},http://javiercarron.com/publications,Results and Discussion,"""URLs with schemes such as http, https, ftp, sftp, git, magnet"", ""URLs with paths, query Strings, and fragments""",,,
1902.06636,14,uri:{http://arxiv.org/abs/1807.06208},http://arxiv.org/abs/1807.06208,References,"""URLs with schemes such as http, https, ftp, sftp, git, magnet"", ""URLs with paths, query Strings, and fragments""",embedded in references,Hidden in annotation layers,
1902.06636,14,uri:{http://arxiv.org/abs/1801.02634},http://arxiv.org/abs/1801.02634,References,"""URLs with schemes such as http, https, ftp, sftp, git, magnet"", ""URLs with paths, query Strings, and fragments""",embedded in references,Hidden in annotation layers,
1902.06636,14,uri:{http://arxiv.org/abs/1602.08296},http://arxiv.org/abs/1602.08296,References,"""URLs with schemes such as http, https, ftp, sftp, git, magnet"", ""URLs with paths, query Strings, and fragments""",embedded in references,Hidden in annotation layers,
1902.08379,13,uri:{http://gamma.cs.unc.edu/RVO2/},http://gamma.cs.unc.edu/RVO2/,References,"""URLs with schemes such as http, https, ftp, sftp, git, magnet"", URLs with subdomain, ""URLs with paths, query Strings, and fragments"", URLs with trailing slashes",embedded in references,,
1902.08379,12,uri:{http://dx.doi.org/10.1287/opre.4.5.503},http://dx.doi.org/10.1287/opre.4.5.503,References,"""URLs with schemes such as http, https, ftp, sftp, git, magnet"", URLs with subdomain, ""URLs with paths, query Strings, and fragments""",embedded in references,,
1902.08379,11,,https://doi.org/10.1007/s10846-016-0338-z,References,"""URLs with schemes such as http, https, ftp, sftp, git, magnet"", ""URLs with paths, query Strings, and fragments""",embedded in references,,
1902.08379,12,,https://doi.org/10.1145/967900.967919,References,"""URLs with schemes such as http, https, ftp, sftp, git, magnet"", ""URLs with paths, query Strings, and fragments""",embedded in references,,
1902.10875,8,uri:{https://zenodo.org/record/11365},https://zenodo.org/record/11365,References,"""URLs with schemes such as http, https, ftp, sftp, git, magnet"", ""URLs with paths, query Strings, and fragments""","split across lines, embedded in references",,
1902.10875,7,uri:{https://github.com/WPI-AIM/dvrk_dynamics_identification},https://github.com/WPI-AIM/dvrk_dynamics_identification,Conclusions,"""URLs with schemes such as http, https, ftp, sftp, git, magnet"", ""URLs with paths, query Strings, and fragments""",embedded in footnotes,,
1902.10875,8,uri:{https://github.com/cvxgrp/scs},https://github.com/cvxgrp/scs,References,"""URLs with schemes such as http, https, ftp, sftp, git, magnet"", ""URLs with paths, query Strings, and fragments""","split across lines, embedded in references",,
1902.10875,1,uri:{http://research.intusurg.com/dvrkwiki},http://research.intusurg.com/dvrkwiki,Introduction,"""URLs with schemes such as http, https, ftp, sftp, git, magnet"", URLs with subdomain, ""URLs with paths, query Strings, and fragments""",embedded in footnotes,,
1902.10875,8,uri:{http://dx.doi.org/10.5281/zenodo.11365},http://dx.doi.org/10.5281/zenodo.11365,References,"""URLs with schemes such as http, https, ftp, sftp, git, magnet"", ""URLs with paths, query Strings, and fragments""","split across lines, embedded in references",Hidden in annotation layers,
1902.10875,8,uri:{http://dx.doi.org/10.1007/s00158-011-0666-3},http://dx.doi.org/10.1007/s00158-011-0666-3,References,"""URLs with schemes such as http, https, ftp, sftp, git, magnet"", ""URLs with paths, query Strings, and fragments""",embedded in references,Hidden in annotation layers,
2001.00228,3,uri:{https://youtu.be/4-P0gptDT40},https://youtu.be/4-P0gptDT40,Methodology,"""URLs with schemes such as http, https, ftp, sftp, git, magnet"", ""URLs with paths, query Strings, and fragments""",,,
2001.00228,7,uri:{https://numfocus.org},https://numfocus.org,References,"""URLs with schemes such as http, https, ftp, sftp, git, magnet""",,,
2001.00228,5,uri:{https://github.com/ibleducation/jupyter-viewer-xblock},https://github.com/ibleducation/jupyter-viewer-xblock,Methodology,"""URLs with schemes such as http, https, ftp, sftp, git, magnet"", ""URLs with paths, query Strings, and fragments""",split across lines,,
2001.00228,5,uri:{https://github.com/ibleducation/jupyter-edx-grader-xblock},https://github.com/ibleducation/jupyter-edx-grader-xblock,Methodology,"""URLs with schemes such as http, https, ftp, sftp, git, magnet"", ""URLs with paths, query Strings, and fragments""",split across lines,,
2001.00228,3,uri:{https://github.com/engineersCode/EngComp},https://github.com/engineersCode/EngComp,Methodology,"""URLs with schemes such as http, https, ftp, sftp, git, magnet"", ""URLs with paths, query Strings, and fragments""",split across lines,,
2001.00228,7,uri:{https://doi.org/10.21105/jose.00021},https://doi.org/10.21105/jose.00021,References,"""URLs with schemes such as http, https, ftp, sftp, git, magnet"", ""URLs with paths, query Strings, and fragments""",embedded in references,Hidden in annotation layers,
2001.00228,4,uri:{http://openedx.seas.gwu.edu},http://openedx.seas.gwu.edu,Methodology,"""URLs with schemes such as http, https, ftp, sftp, git, magnet"", URLs with subdomain",,,
2001.00228,7,uri:{http://openedgroup.org/fellowship},http://openedgroup.org/fellowship,References,"""URLs with schemes such as http, https, ftp, sftp, git, magnet"", ""URLs with paths, query Strings, and fragments""",,Hidden in annotation layers,
2001.00228,7,uri:{http://lorenabarba.com},http://lorenabarba.com,References,"""URLs with schemes such as http, https, ftp, sftp, git, magnet""",,,
2001.02746,12,uri:{https://www.mindomo.com/},https://www.mindomo.com/,References,"""URLs with schemes such as http, https, ftp, sftp, git, magnet"", URLs with trailing slashes",embedded in references,,
2001.02746,12,uri:{https://www.mindmeister.com/},https://www.mindmeister.com/,References,"""URLs with schemes such as http, https, ftp, sftp, git, magnet"", URLs with trailing slashes",embedded in references,,
2001.02746,12,uri:{https://mindnode.com/},https://mindnode.com/,References,"""URLs with schemes such as http, https, ftp, sftp, git, magnet"", URLs with trailing slashes",embedded in references,,
2001.02746,12,uri:{http://dx.doi.org/10.5281/zenodo.2596847},http://dx.doi.org/10.5281/zenodo.2596847,References,"""URLs with schemes such as http, https, ftp, sftp, git, magnet"", URLs with subdomain, ""URLs with paths, query Strings, and fragments""",embedded in references,,
2001.02746,12,uri:{http://dx.doi.org/10.3233/jid-2013-0018},http://dx.doi.org/10.3233/jid-2013-0018,References,"""URLs with schemes such as http, https, ftp, sftp, git, magnet"", URLs with subdomain, ""URLs with paths, query Strings, and fragments""",embedded in references,,
2001.02746,11,uri:{http://dx.doi.org/10.2514/6.2019-2347},http://dx.doi.org/10.2514/6.2019-2347,References,"""URLs with schemes such as http, https, ftp, sftp, git, magnet"", URLs with subdomain, ""URLs with paths, query Strings, and fragments""",embedded in references,,
2001.02746,11,uri:{http://dx.doi.org/10.2466/PR0.4.3.343-350},http://dx.doi.org/10.2466/PR0.4.3.343-350,References,"""URLs with schemes such as http, https, ftp, sftp, git, magnet"", URLs with subdomain, ""URLs with paths, query Strings, and fragments""",embedded in references,,
2001.02746,12,uri:{http://dx.doi.org/10.1515/humor-2012-0015},http://dx.doi.org/10.1515/humor-2012-0015,References,"""URLs with schemes such as http, https, ftp, sftp, git, magnet"", URLs with subdomain, ""URLs with paths, query Strings, and fragments""",embedded in references,,
2001.02746,12,uri:{http://dx.doi.org/10.1287/mnsc.40.11.1514},http://dx.doi.org/10.1287/mnsc.40.11.1514,References,"""URLs with schemes such as http, https, ftp, sftp, git, magnet"", URLs with subdomain, ""URLs with paths, query Strings, and fragments""",embedded in references,,
2001.02746,11,uri:{http://dx.doi.org/10.1145/3325480.3325497},http://dx.doi.org/10.1145/3325480.3325497,References,"""URLs with schemes such as http, https, ftp, sftp, git, magnet"", URLs with subdomain, ""URLs with paths, query Strings, and fragments""",embedded in references,,
2001.02746,11,uri:{http://dx.doi.org/10.1145/317426.317444},http://dx.doi.org/10.1145/317426.317444,References,"""URLs with schemes such as http, https, ftp, sftp, git, magnet"", URLs with subdomain, ""URLs with paths, query Strings, and fragments""",embedded in references,,
2001.02746,11,uri:{http://dx.doi.org/10.1145/3059454.3059477},http://dx.doi.org/10.1145/3059454.3059477,References,"""URLs with schemes such as http, https, ftp, sftp, git, magnet"", URLs with subdomain, ""URLs with paths, query Strings, and fragments""",embedded in references,,
2001.02746,12,uri:{http://dx.doi.org/10.1145/3025453.3025825},http://dx.doi.org/10.1145/3025453.3025825,References,"""URLs with schemes such as http, https, ftp, sftp, git, magnet"", URLs with subdomain, ""URLs with paths, query Strings, and fragments""",embedded in references,,
2001.02746,11,uri:{http://dx.doi.org/10.1145/3025453.3025464},http://dx.doi.org/10.1145/3025453.3025464,References,"""URLs with schemes such as http, https, ftp, sftp, git, magnet"", URLs with subdomain, ""URLs with paths, query Strings, and fragments""",embedded in references,,
2001.02746,13,uri:{http://dx.doi.org/10.1145/2998181.2998208},http://dx.doi.org/10.1145/2998181.2998208,References,"""URLs with schemes such as http, https, ftp, sftp, git, magnet"", URLs with subdomain, ""URLs with paths, query Strings, and fragments""",embedded in references,,
2001.02746,12,uri:{http://dx.doi.org/10.1145/2939672.2939754},http://dx.doi.org/10.1145/2939672.2939754,References,"""URLs with schemes such as http, https, ftp, sftp, git, magnet"", URLs with subdomain, ""URLs with paths, query Strings, and fragments""",embedded in references,,
2001.02746,13,uri:{http://dx.doi.org/10.1145/2757226.2757230},http://dx.doi.org/10.1145/2757226.2757230,References,"""URLs with schemes such as http, https, ftp, sftp, git, magnet"", URLs with subdomain, ""URLs with paths, query Strings, and fragments""",embedded in references,,
2001.02746,13,uri:{http://dx.doi.org/10.1145/2675133.2675239},http://dx.doi.org/10.1145/2675133.2675239,References,"""URLs with schemes such as http, https, ftp, sftp, git, magnet"", URLs with subdomain, ""URLs with paths, query Strings, and fragments""",embedded in references,,
2001.02746,13,uri:{http://dx.doi.org/10.1145/2556288.2557394},http://dx.doi.org/10.1145/2556288.2557394,References,"""URLs with schemes such as http, https, ftp, sftp, git, magnet"", URLs with subdomain, ""URLs with paths, query Strings, and fragments""",embedded in references,,
2001.02746,11,uri:{http://dx.doi.org/10.1145/2399016.2399069},http://dx.doi.org/10.1145/2399016.2399069,References,"""URLs with schemes such as http, https, ftp, sftp, git, magnet"", URLs with subdomain, ""URLs with paths, query Strings, and fragments""",embedded in references,,
2001.02746,12,uri:{http://dx.doi.org/10.1145/237091.237119},http://dx.doi.org/10.1145/237091.237119,References,"""URLs with schemes such as http, https, ftp, sftp, git, magnet"", URLs with subdomain, ""URLs with paths, query Strings, and fragments""",embedded in references,,
2001.02746,11,uri:{http://dx.doi.org/10.1145/2076354.2076386},http://dx.doi.org/10.1145/2076354.2076386,References,"""URLs with schemes such as http, https, ftp, sftp, git, magnet"", URLs with subdomain, ""URLs with paths, query Strings, and fragments""",embedded in references,,
2001.02746,13,uri:{http://dx.doi.org/10.1145/1718918.1718938},http://dx.doi.org/10.1145/1718918.1718938,References,"""URLs with schemes such as http, https, ftp, sftp, git, magnet"", URLs with subdomain, ""URLs with paths, query Strings, and fragments""",embedded in references,,
2001.02746,12,uri:{http://dx.doi.org/10.1145/1254960.1254987},http://dx.doi.org/10.1145/1254960.1254987,References,"""URLs with schemes such as http, https, ftp, sftp, git, magnet"", URLs with subdomain, ""URLs with paths, query Strings, and fragments""",embedded in references,,
2001.02746,11,uri:{http://dx.doi.org/10.1115/detc2016-59926},http://dx.doi.org/10.1115/detc2016-59926,References,"""URLs with schemes such as http, https, ftp, sftp, git, magnet"", URLs with subdomain, ""URLs with paths, query Strings, and fragments""",embedded in references,,
2001.02746,11,uri:{http://dx.doi.org/10.1115/1.2830844},http://dx.doi.org/10.1115/1.2830844,References,"""URLs with schemes such as http, https, ftp, sftp, git, magnet"", URLs with subdomain, ""URLs with paths, query Strings, and fragments""",embedded in references,,
2001.02746,11,uri:{http://dx.doi.org/10.1111/1467-8721.00202},http://dx.doi.org/10.1111/1467-8721.00202,References,"""URLs with schemes such as http, https, ftp, sftp, git, magnet"", URLs with subdomain, ""URLs with paths, query Strings, and fragments""",embedded in references,,
2001.02746,12,uri:{http://dx.doi.org/10.1080/21650349.2018.1463178},http://dx.doi.org/10.1080/21650349.2018.1463178,References,"""URLs with schemes such as http, https, ftp, sftp, git, magnet"", URLs with subdomain, ""URLs with paths, query Strings, and fragments""",embedded in references,,
2001.02746,11,uri:{http://dx.doi.org/10.1080/00031305.2017.1305291},http://dx.doi.org/10.1080/00031305.2017.1305291,References,"""URLs with schemes such as http, https, ftp, sftp, git, magnet"", URLs with subdomain, ""URLs with paths, query Strings, and fragments""",embedded in references,,
2001.02746,11,uri:{http://dx.doi.org/10.1057/palgrave.ivs.9500131},http://dx.doi.org/10.1057/palgrave.ivs.9500131,References,"""URLs with schemes such as http, https, ftp, sftp, git, magnet"", URLs with subdomain, ""URLs with paths, query Strings, and fragments""",embedded in references,,
2001.02746,11,uri:{http://dx.doi.org/10.1037/h0093599},http://dx.doi.org/10.1037/h0093599,References,"""URLs with schemes such as http, https, ftp, sftp, git, magnet"", URLs with subdomain, ""URLs with paths, query Strings, and fragments""",embedded in references,,
2001.02746,12,uri:{http://dx.doi.org/10.1037/h0093502},http://dx.doi.org/10.1037/h0093502,References,"""URLs with schemes such as http, https, ftp, sftp, git, magnet"", URLs with subdomain, ""URLs with paths, query Strings, and fragments""",embedded in references,,
2001.02746,12,uri:{http://dx.doi.org/10.1037/h0048850},http://dx.doi.org/10.1037/h0048850,References,"""URLs with schemes such as http, https, ftp, sftp, git, magnet"", URLs with subdomain, ""URLs with paths, query Strings, and fragments""",embedded in references,,
2001.02746,12,uri:{http://dx.doi.org/10.1037/h0046364},http://dx.doi.org/10.1037/h0046364,References,"""URLs with schemes such as http, https, ftp, sftp, git, magnet"", URLs with subdomain, ""URLs with paths, query Strings, and fragments""",embedded in references,,
2001.02746,12,uri:{http://dx.doi.org/10.1037/h0040755},http://dx.doi.org/10.1037/h0040755,References,"""URLs with schemes such as http, https, ftp, sftp, git, magnet"", URLs with subdomain, ""URLs with paths, query Strings, and fragments""",embedded in references,,
2001.02746,11,uri:{http://dx.doi.org/10.1037/h0021659},http://dx.doi.org/10.1037/h0021659,References,"""URLs with schemes such as http, https, ftp, sftp, git, magnet"", URLs with subdomain, ""URLs with paths, query Strings, and fragments""",embedded in references,,
2001.02746,13,uri:{http://dx.doi.org/10.1017/S0890060400000536},http://dx.doi.org/10.1017/S0890060400000536,References,"""URLs with schemes such as http, https, ftp, sftp, git, magnet"", URLs with subdomain, ""URLs with paths, query Strings, and fragments""",embedded in references,,
2001.02746,12,uri:{http://dx.doi.org/10.1016/S0166-4115(08)62386-9},http://dx.doi.org/10.1016/S0166-4115(08)62386-9,References,"""URLs with schemes such as http, https, ftp, sftp, git, magnet"", URLs with subdomain, ""URLs with paths, query Strings, and fragments""",embedded in references,,
2001.02746,13,uri:{http://dx.doi.org/10.1016/S0142-694X(02)00034-0},http://dx.doi.org/10.1016/S0142-694X(02)00034-0,References,"""URLs with schemes such as http, https, ftp, sftp, git, magnet"", URLs with subdomain, ""URLs with paths, query Strings, and fragments""",embedded in references,,
2001.02746,12,uri:{http://dx.doi.org/10.1016/j.destud.2007.09.001},http://dx.doi.org/10.1016/j.destud.2007.09.001,References,"""URLs with schemes such as http, https, ftp, sftp, git, magnet"", URLs with subdomain, ""URLs with paths, query Strings, and fragments""",embedded in references,,
2001.02746,12,uri:{http://dx.doi.org/10.1016/j.csda.2006.05.024},http://dx.doi.org/10.1016/j.csda.2006.05.024,References,"""URLs with schemes such as http, https, ftp, sftp, git, magnet"", URLs with subdomain, ""URLs with paths, query Strings, and fragments""",embedded in references,,
2001.02746,12,uri:{http://dx.doi.org/10.1016/0142-694X(91)90003-F},http://dx.doi.org/10.1016/0142-694X(91)90003-F,References,"""URLs with schemes such as http, https, ftp, sftp, git, magnet"", URLs with subdomain, ""URLs with paths, query Strings, and fragments""",embedded in references,,
2001.02746,13,uri:{http://dx.doi.org/10.1007/s00163-015-0212-1},http://dx.doi.org/10.1007/s00163-015-0212-1,References,"""URLs with schemes such as http, https, ftp, sftp, git, magnet"", URLs with subdomain, ""URLs with paths, query Strings, and fragments""",embedded in references,,
2001.02746,13,uri:{http://dx.doi.org/10.1007/978-3-642-87617-2_14},http://dx.doi.org/10.1007/978-3-642-87617-2_14,References,"""URLs with schemes such as http, https, ftp, sftp, git, magnet"", URLs with subdomain, ""URLs with paths, query Strings, and fragments""",embedded in references,,
2001.02746,12,uri:{http://dx.doi.org/10.1007/978-3-319-27261-0_50},http://dx.doi.org/10.1007/978-3-319-27261-0_50,References,"""URLs with schemes such as http, https, ftp, sftp, git, magnet"", URLs with subdomain, ""URLs with paths, query Strings, and fragments""",embedded in references,,
2001.02746,12,uri:{http://dx.doi.org/10.1007/978-0-85729-224-7_22},http://dx.doi.org/10.1007/978-0-85729-224-7_22,References,"""URLs with schemes such as http, https, ftp, sftp, git, magnet"", URLs with subdomain, ""URLs with paths, query Strings, and fragments""",embedded in references,,
2001.02746,11,uri:{http://dx.doi.org/10.1002/sim.3561},http://dx.doi.org/10.1002/sim.3561,References,"""URLs with schemes such as http, https, ftp, sftp, git, magnet"", URLs with subdomain, ""URLs with paths, query Strings, and fragments""",embedded in references,,
2001.02746,13,uri:{http://dx.doi.org/10.1002/j.2162-6057.2001.tb01045.x},http://dx.doi.org/10.1002/j.2162-6057.2001.tb01045.x,References,"""URLs with schemes such as http, https, ftp, sftp, git, magnet"", URLs with subdomain, ""URLs with paths, query Strings, and fragments""",embedded in references,,
2001.02746,11,uri:{http://dx.doi.org/10.1002/(SICI)1521-4036(200001)42:1<17::AID-BIMJ17>3.0.CO;2-U},http://dx.doi.org/10.1002/(SICI)1521-4036(200001)42:1<17::AID-BIMJ17>3.0.CO;2-U,References,"""URLs with schemes such as http, https, ftp, sftp, git, magnet""","split across lines, embedded in references",,
2001.02746,11,uri:{http://dx.doi.org/0.1145/2556288.2557327},http://dx.doi.org/0.1145/2556288.2557327,References,"""URLs with schemes such as http, https, ftp, sftp, git, magnet"", URLs with subdomain, ""URLs with paths, query Strings, and fragments""",embedded in references,,
2001.02746,1,,http://dx.doi.org/10.1145/3313831.3376746,Footer,"""URLs with schemes such as http, https, ftp, sftp, git, magnet"", URLs with subdomain, ""URLs with paths, query Strings, and fragments""",embedded in footnotes,,
2001.05815,1,uri:{http://arxiv.org/abs/2001.05815v1},http://arxiv.org/abs/2001.05815v1,Header,"""URLs with schemes such as http, https, ftp, sftp, git, magnet"", ""URLs with paths, query Strings, and fragments""",,"Hidden in annotation layers, Hidden in metadata",
2001.05815,11,,https://arxiv.org/abs/1905.03797,References,"""URLs with schemes such as http, https, ftp, sftp, git, magnet"", ""URLs with paths, query Strings, and fragments""",embedded in references,,
2001.05815,11,,https://arxiv.org/abs/1707.02226,References,"""URLs with schemes such as http, https, ftp, sftp, git, magnet"", ""URLs with paths, query Strings, and fragments""",embedded in references,,
2001.05815,11,,https://arxiv.org/abs/1705.03585,References,"""URLs with schemes such as http, https, ftp, sftp, git, magnet"", ""URLs with paths, query Strings, and fragments""",embedded in references,,
2001.11605,1,uri:{mailto:michele.t.bannister@gmail.com},mailto:michele.t.bannister@gmail.com,Footer,"""URLs with schemes such as http, https, ftp, sftp, git, magnet""",embedded in footnotes,,
2001.11605,1,uri:{https://www.minorplanetcenter.net/mpec/K19/K19RA6.html},https://www.minorplanetcenter.net/mpec/K19/K19RA6.html,Introduction,"""URLs with schemes such as http, https, ftp, sftp, git, magnet"", ""URLs with paths, query Strings, and fragments""",embedded in footnotes,,
2001.11605,2,uri:{https://ssd.jpl.nasa.gov/sbdb.cgi?sstr=2I;old=0;orb=0;cov=0;log=0;cad=0\#elem},https://ssd.jpl.nasa.gov/sbdb.cgi?sstr=2I;old=0;orb=0;cov=0;log=0;cad=0\#elem,Introduction,"""URLs with schemes such as http, https, ftp, sftp, git, magnet"", URLs with subdomain, ""URLs with paths, query Strings, and fragments"", URLs with escape characters","split across lines, embedded in footnotes",,
2001.11605,11,uri:{https://arxiv.org/abs/2001.04865},https://arxiv.org/abs/2001.04865,References,"""URLs with schemes such as http, https, ftp, sftp, git, magnet"", ""URLs with paths, query Strings, and fragments""",embedded in references,,
2001.11605,10,uri:{https://arxiv.org/abs/1912.06161},https://arxiv.org/abs/1912.06161,References,"""URLs with schemes such as http, https, ftp, sftp, git, magnet"", ""URLs with paths, query Strings, and fragments""",embedded in references,,
2001.11605,10,uri:{https://arxiv.org/abs/1912.05422},https://arxiv.org/abs/1912.05422,References,"""URLs with schemes such as http, https, ftp, sftp, git, magnet"", ""URLs with paths, query Strings, and fragments""",embedded in references,,
2001.11605,11,uri:{https://arxiv.org/abs/1912.05318},https://arxiv.org/abs/1912.05318,References,"""URLs with schemes such as http, https, ftp, sftp, git, magnet"", ""URLs with paths, query Strings, and fragments""",embedded in references,,
2001.11605,11,uri:{https://arxiv.org/abs/1911.05902},https://arxiv.org/abs/1911.05902,References,"""URLs with schemes such as http, https, ftp, sftp, git, magnet"", ""URLs with paths, query Strings, and fragments""",embedded in references,,
2001.11605,10,uri:{https://arxiv.org/abs/1910.14004},https://arxiv.org/abs/1910.14004,References,"""URLs with schemes such as http, https, ftp, sftp, git, magnet"", ""URLs with paths, query Strings, and fragments""",embedded in references,,
2001.11605,10,uri:{https://arxiv.org/abs/1910.12785},https://arxiv.org/abs/1910.12785,References,"""URLs with schemes such as http, https, ftp, sftp, git, magnet"", ""URLs with paths, query Strings, and fragments""",embedded in references,,
2001.11605,10,uri:{https://arxiv.org/abs/1910.03222},https://arxiv.org/abs/1910.03222,References,"""URLs with schemes such as http, https, ftp, sftp, git, magnet"", ""URLs with paths, query Strings, and fragments""",embedded in references,,
2001.11605,10,uri:{https://arxiv.org/abs/1910.02547},https://arxiv.org/abs/1910.02547,References,"""URLs with schemes such as http, https, ftp, sftp, git, magnet"", ""URLs with paths, query Strings, and fragments""",embedded in references,,
2001.11605,10,uri:{https://arxiv.org/abs/1909.12144},https://arxiv.org/abs/1909.12144,References,"""URLs with schemes such as http, https, ftp, sftp, git, magnet"", ""URLs with paths, query Strings, and fragments""",embedded in references,,
2001.11605,3,uri:{http://www.eso.org/sci/software/pipelines/muse/muse-pipe-recipes.html},http://www.eso.org/sci/software/pipelines/muse/muse-pipe-recipes.html,Methodology,"""URLs with schemes such as http, https, ftp, sftp, git, magnet"", ""URLs with paths, query Strings, and fragments""","embedded in footnotes, split across lines",,
2001.11605,10,uri:{http://www.cbat.eps.harvard.edu/iau/cbet/004600/CBET004691.txt},http://www.cbat.eps.harvard.edu/iau/cbet/004600/CBET004691.txt,References,"""URLs with schemes such as http, https, ftp, sftp, git, magnet"", URLs with subdomain, ""URLs with paths, query Strings, and fragments""","split across lines, embedded in references",,
2001.11605,1,uri:{http://orcid.org/0000-0003-4365-1455},http://orcid.org/0000-0003-4365-1455,Title & Authors,"""URLs with schemes such as http, https, ftp, sftp, git, magnet"", ""URLs with paths, query Strings, and fragments""",,Hidden in annotation layers,
2001.11605,1,uri:{http://orcid.org/0000-0003-3257-4490},http://orcid.org/0000-0003-3257-4490,Title & Authors,"""URLs with schemes such as http, https, ftp, sftp, git, magnet"", ""URLs with paths, query Strings, and fragments""",,Hidden in annotation layers,
2001.11605,1,uri:{http://orcid.org/0000-0003-2781-6897},http://orcid.org/0000-0003-2781-6897,Title & Authors,"""URLs with schemes such as http, https, ftp, sftp, git, magnet"", ""URLs with paths, query Strings, and fragments""",,Hidden in annotation layers,
2001.11605,1,uri:{http://orcid.org/0000-0003-2354-0766},http://orcid.org/0000-0003-2354-0766,Title & Authors,"""URLs with schemes such as http, https, ftp, sftp, git, magnet"", ""URLs with paths, query Strings, and fragments""",,Hidden in annotation layers,
2001.11605,1,uri:{http://orcid.org/0000-0003-0250-9911},http://orcid.org/0000-0003-0250-9911,Title & Authors,"""URLs with schemes such as http, https, ftp, sftp, git, magnet"", ""URLs with paths, query Strings, and fragments""",,Hidden in annotation layers,
2001.11605,1,uri:{http://orcid.org/0000-0002-9298-7484},http://orcid.org/0000-0002-9298-7484,Title & Authors,"""URLs with schemes such as http, https, ftp, sftp, git, magnet"", ""URLs with paths, query Strings, and fragments""",,Hidden in annotation layers,
2001.11605,1,uri:{http://orcid.org/0000-0001-9784-6886},http://orcid.org/0000-0001-9784-6886,Title & Authors,"""URLs with schemes such as http, https, ftp, sftp, git, magnet"", ""URLs with paths, query Strings, and fragments""",,Hidden in annotation layers,
2001.11605,1,uri:{http://orcid.org/0000-0001-8923-488X},http://orcid.org/0000-0001-8923-488X,Title & Authors,"""URLs with schemes such as http, https, ftp, sftp, git, magnet"", ""URLs with paths, query Strings, and fragments""",,Hidden in annotation layers,
2001.11605,1,uri:{http://orcid.org/0000-0001-8617-2425},http://orcid.org/0000-0001-8617-2425,Title & Authors,"""URLs with schemes such as http, https, ftp, sftp, git, magnet"", ""URLs with paths, query Strings, and fragments""",,Hidden in annotation layers,
2001.11605,10,uri:{http://doi.org/10.3847/2515-5172/ab5f69},http://doi.org/10.3847/2515-5172/ab5f69,References,"""URLs with schemes such as http, https, ftp, sftp, git, magnet"", ""URLs with paths, query Strings, and fragments""",embedded in references,Hidden in annotation layers,
2001.11605,10,uri:{http://doi.org/10.3847/2515-5172/ab449c},http://doi.org/10.3847/2515-5172/ab449c,References,"""URLs with schemes such as http, https, ftp, sftp, git, magnet"", ""URLs with paths, query Strings, and fragments""",embedded in references,Hidden in annotation layers,
2001.11605,10,uri:{http://doi.org/10.3847/2041-8213/aa9989},http://doi.org/10.3847/2041-8213/aa9989,References,"""URLs with schemes such as http, https, ftp, sftp, git, magnet"", ""URLs with paths, query Strings, and fragments""",embedded in references,Hidden in annotation layers,
2001.11605,10,uri:{http://doi.org/10.3847/1538-3881/aa5c8a},http://doi.org/10.3847/1538-3881/aa5c8a,References,"""URLs with schemes such as http, https, ftp, sftp, git, magnet"", ""URLs with paths, query Strings, and fragments""",embedded in references,Hidden in annotation layers,
2001.11605,10,uri:{http://doi.org/10.3847/0067-0049/226/1/3},http://doi.org/10.3847/0067-0049/226/1/3,References,"""URLs with schemes such as http, https, ftp, sftp, git, magnet"", ""URLs with paths, query Strings, and fragments""",embedded in references,Hidden in annotation layers,
2001.11605,10,uri:{http://doi.org/10.3847/0004-637X/825/1/51},http://doi.org/10.3847/0004-637X/825/1/51,References,"""URLs with schemes such as http, https, ftp, sftp, git, magnet"", ""URLs with paths, query Strings, and fragments""",embedded in references,Hidden in annotation layers,
2001.11605,10,uri:{http://doi.org/10.1126/science.257.5078.1926},http://doi.org/10.1126/science.257.5078.1926,References,"""URLs with schemes such as http, https, ftp, sftp, git, magnet"", ""URLs with paths, query Strings, and fragments""",embedded in references,Hidden in annotation layers,
2001.11605,9,uri:{http://doi.org/10.1117/12.856027},http://doi.org/10.1117/12.856027,References,"""URLs with schemes such as http, https, ftp, sftp, git, magnet"", ""URLs with paths, query Strings, and fragments""",embedded in references,Hidden in annotation layers,
2001.11605,10,uri:{http://doi.org/10.1093/mnras/stz075},http://doi.org/10.1093/mnras/stz075,References,"""URLs with schemes such as http, https, ftp, sftp, git, magnet"", ""URLs with paths, query Strings, and fragments""",embedded in references,Hidden in annotation layers,
2001.11605,10,uri:{http://doi.org/10.1088/0004-637X/704/1/733},http://doi.org/10.1088/0004-637X/704/1/733,References,"""URLs with schemes such as http, https, ftp, sftp, git, magnet"", ""URLs with paths, query Strings, and fragments""",embedded in references,Hidden in annotation layers,
2001.11605,10,uri:{http://doi.org/10.1088/0004-6256/147/1/24},http://doi.org/10.1088/0004-6256/147/1/24,References,"""URLs with schemes such as http, https, ftp, sftp, git, magnet"", ""URLs with paths, query Strings, and fragments""",embedded in references,Hidden in annotation layers,
2001.11605,10,uri:{http://doi.org/10.1088/0004-6256/136/5/2204},http://doi.org/10.1088/0004-6256/136/5/2204,References,"""URLs with schemes such as http, https, ftp, sftp, git, magnet"", ""URLs with paths, query Strings, and fragments""",embedded in references,Hidden in annotation layers,
2001.11605,10,uri:{http://doi.org/10.1086/173824},http://doi.org/10.1086/173824,References,"""URLs with schemes such as http, https, ftp, sftp, git, magnet"", ""URLs with paths, query Strings, and fragments""",embedded in references,Hidden in annotation layers,
2001.11605,10,uri:{http://doi.org/10.1086/169155},http://doi.org/10.1086/169155,References,"""URLs with schemes such as http, https, ftp, sftp, git, magnet"", ""URLs with paths, query Strings, and fragments""",embedded in references,Hidden in annotation layers,
2001.11605,10,uri:{http://doi.org/10.1051/0004-6361/201936959},http://doi.org/10.1051/0004-6361/201936959,References,"""URLs with schemes such as http, https, ftp, sftp, git, magnet"", ""URLs with paths, query Strings, and fragments""",embedded in references,Hidden in annotation layers,
2001.11605,10,uri:{http://doi.org/10.1051/0004-6361/201833960},http://doi.org/10.1051/0004-6361/201833960,References,"""URLs with schemes such as http, https, ftp, sftp, git, magnet"", ""URLs with paths, query Strings, and fragments""",embedded in references,Hidden in annotation layers,
2001.11605,10,uri:{http://doi.org/10.1051/0004-6361/201833582},http://doi.org/10.1051/0004-6361/201833582,References,"""URLs with schemes such as http, https, ftp, sftp, git, magnet"", ""URLs with paths, query Strings, and fragments""",embedded in references,Hidden in annotation layers,
2001.11605,10,uri:{http://doi.org/10.1051/0004-6361/201527628},http://doi.org/10.1051/0004-6361/201527628,References,"""URLs with schemes such as http, https, ftp, sftp, git, magnet"", ""URLs with paths, query Strings, and fragments""",embedded in references,Hidden in annotation layers,
2001.11605,10,uri:{http://doi.org/10.1038/s41586-018-0254-4},http://doi.org/10.1038/s41586-018-0254-4,References,"""URLs with schemes such as http, https, ftp, sftp, git, magnet"", ""URLs with paths, query Strings, and fragments""",embedded in references,Hidden in annotation layers,
2001.11605,10,uri:{http://doi.org/10.1038/s41550-019-0931-8},http://doi.org/10.1038/s41550-019-0931-8,References,"""URLs with schemes such as http, https, ftp, sftp, git, magnet"", ""URLs with paths, query Strings, and fragments""",embedded in references,Hidden in annotation layers,
2001.11605,10,uri:{http://doi.org/10.1038/s41550-019-0816-x},http://doi.org/10.1038/s41550-019-0816-x,References,"""URLs with schemes such as http, https, ftp, sftp, git, magnet"", ""URLs with paths, query Strings, and fragments""",embedded in references,Hidden in annotation layers,
2001.11605,10,uri:{http://doi.org/10.1038/nature25020},http://doi.org/10.1038/nature25020,References,"""URLs with schemes such as http, https, ftp, sftp, git, magnet"", ""URLs with paths, query Strings, and fragments""",embedded in references,Hidden in annotation layers,
2001.11605,10,uri:{http://doi.org/10.1016/j.pss.2003.12.002},http://doi.org/10.1016/j.pss.2003.12.002,References,"""URLs with schemes such as http, https, ftp, sftp, git, magnet"", ""URLs with paths, query Strings, and fragments""",embedded in references,Hidden in annotation layers,
2001.11605,10,uri:{http://doi.org/10.1016/j.icarus.2011.12.010},http://doi.org/10.1016/j.icarus.2011.12.010,References,"""URLs with schemes such as http, https, ftp, sftp, git, magnet"", ""URLs with paths, query Strings, and fragments""",embedded in references,Hidden in annotation layers,
2001.11605,10,uri:{http://doi.org/10.1016/j.icarus.2011.02.007},http://doi.org/10.1016/j.icarus.2011.02.007,References,"""URLs with schemes such as http, https, ftp, sftp, git, magnet"", ""URLs with paths, query Strings, and fragments""",embedded in references,Hidden in annotation layers,
2001.11605,10,uri:{http://doi.org/10.1016/j.icarus.2008.12.044},http://doi.org/10.1016/j.icarus.2008.12.044,References,"""URLs with schemes such as http, https, ftp, sftp, git, magnet"", ""URLs with paths, query Strings, and fragments""",embedded in references,Hidden in annotation layers,
2001.11605,11,uri:{http://doi.org/10.1007/BF00896489},http://doi.org/10.1007/BF00896489,References,"""URLs with schemes such as http, https, ftp, sftp, git, magnet"", ""URLs with paths, query Strings, and fragments""",embedded in references,Hidden in annotation layers,
2001.11605,10,uri:{http://doi.org/10.1006/icar.2002.6850},http://doi.org/10.1006/icar.2002.6850,References,"""URLs with schemes such as http, https, ftp, sftp, git, magnet"", ""URLs with paths, query Strings, and fragments""",embedded in references,Hidden in annotation layers,
2001.11605,10,uri:{http://doi.org/10.1006/icar.2000.6420},http://doi.org/10.1006/icar.2000.6420,References,"""URLs with schemes such as http, https, ftp, sftp, git, magnet"", ""URLs with paths, query Strings, and fragments""",embedded in references,Hidden in annotation layers,
2001.11605,10,uri:{http://doi.org/10.1006/icar.2000.6383},http://doi.org/10.1006/icar.2000.6383,References,"""URLs with schemes such as http, https, ftp, sftp, git, magnet"", ""URLs with paths, query Strings, and fragments""",embedded in references,Hidden in annotation layers,
2001.11605,9,uri:{http://doi.org/10.1006/icar.1995.1190},http://doi.org/10.1006/icar.1995.1190,References,"""URLs with schemes such as http, https, ftp, sftp, git, magnet"", ""URLs with paths, query Strings, and fragments""",embedded in references,Hidden in annotation layers,
2001.11605,11,uri:{http://ascl.net/1610.004},http://ascl.net/1610.004,References,"""URLs with schemes such as http, https, ftp, sftp, git, magnet"", ""URLs with paths, query Strings, and fragments""",embedded in references,,
2002.0745,5,uri:{https://www.fluent.ai/research/fluent-speech-commands/},https://www.fluent.ai/research/fluent-speech-commands/,References,"""URLs with schemes such as http, https, ftp, sftp, git, magnet"", ""URLs with paths, query Strings, and fragments"", URLs with trailing slashes","split across lines, embedded in references",,
2002.0745,5,uri:{https://www.esat.kuleuven.be/psi/spraak/downloads/},https://www.esat.kuleuven.be/psi/spraak/downloads/,References,"""URLs with schemes such as http, https, ftp, sftp, git, magnet"", URLs with subdomain, URLs with trailing slashes, ""URLs with paths, query Strings, and fragments""","split across lines, embedded in references",,
2002.0745,5,uri:{https://lirias.kuleuven.be/retrieve/531418},https://lirias.kuleuven.be/retrieve/531418,References,"""URLs with schemes such as http, https, ftp, sftp, git, magnet"", URLs with subdomain, ""URLs with paths, query Strings, and fragments""","split across lines, embedded in references",,
2002.07795,9,,https://www.techpowerup.com/gpu-specs/geforce-gtx-titan-x.c2632,References,"""URLs with schemes such as http, https, ftp, sftp, git, magnet"", ""URLs with paths, query Strings, and fragments""","split across lines, embedded in references",,
2002.07795,9,,https://www.techpowerup.com/gpu-specs/geforce-gtx-1080.c2839,References,"""URLs with schemes such as http, https, ftp, sftp, git, magnet"", ""URLs with paths, query Strings, and fragments""","split across lines, embedded in references",,
2002.07795,9,,https://www.techpowerup.com/gpu-specs/titan-rtx.c3311,References,"""URLs with schemes such as http, https, ftp, sftp, git, magnet"", ""URLs with paths, query Strings, and fragments""",embedded in references,,
2002.07795,7,,https://github.com/NMSU-PEARL/GPUs-Energy,Conclusions,"""URLs with schemes such as http, https, ftp, sftp, git, magnet"", ""URLs with paths, query Strings, and fragments""","split across lines, embedded in footnotes",,
2002.07795,9,,https://docs.nvidia.com/deploy/nvml-api,References,"""URLs with schemes such as http, https, ftp, sftp, git, magnet"", URLs with subdomain, ""URLs with paths, query Strings, and fragments""",embedded in references,,
2002.07795,9,,https://docs.nvidia.com/cuda/cuda-compiler-driver-nvcc,References,"""URLs with schemes such as http, https, ftp, sftp, git, magnet"", URLs with subdomain, ""URLs with paths, query Strings, and fragments""",embedded in references,,
2002.07795,9,,https://docs.nvidia.com/cuda/pdf/ptxisa6.4.pdf,References,"""URLs with schemes such as http, https, ftp, sftp, git, magnet"", URLs with subdomain, ""URLs with paths, query Strings, and fragments""",embedded in references,,
2002.07795,9,,https://icl.utk.edu/papi,References,"""URLs with schemes such as http, https, ftp, sftp, git, magnet"", URLs with subdomain, ""URLs with paths, query Strings, and fragments""",embedded in references,,
2002.07795,9,,https://github.com/NervanaSystems/maxas,References,"""URLs with schemes such as http, https, ftp, sftp, git, magnet"", ""URLs with paths, query Strings, and fragments""",embedded in references,,
2002.07795,9,,https://docs.nvidia.com/cuda/pdf/CUDABinaryUtilities.pdf,References,"""URLs with schemes such as http, https, ftp, sftp, git, magnet"", URLs with subdomain, ""URLs with paths, query Strings, and fragments""",embedded in references,,
2002.07795,9,,http://man7.org/linux/man-pages/man8/ld.so.8.html,References,"""URLs with schemes such as http, https, ftp, sftp, git, magnet"", ""URLs with paths, query Strings, and fragments""",embedded in references,,
2002.07795,9,,https://docs.nvidia.com/cuda/cuda-runtime-api,References,"""URLs with schemes such as http, https, ftp, sftp, git, magnet"", ""URLs with paths, query Strings, and fragments"", URLs with subdomain",embedded in references,,
2002.07795,9,,http://images.nvidia.com/content/volta-architecture/pdf/volta-architecture-whitepaper.pdf,References,"""URLs with schemes such as http, https, ftp, sftp, git, magnet"", URLs with subdomain, ""URLs with paths, query Strings, and fragments""","split across lines, embedded in references",,
2002.07795,9,,https://scholarworks.umass.edu/dissertations_2/1164,References,"""URLs with schemes such as http, https, ftp, sftp, git, magnet"", URLs with subdomain, ""URLs with paths, query Strings, and fragments""",embedded in references,,
2002.07898,10,uri:{https://doi.org/10.1109/TIP.2006.881969},https://doi.org/10.1109/TIP.2006.881969,References,"""URLs with schemes such as http, https, ftp, sftp, git, magnet"", ""URLs with paths, query Strings, and fragments""",embedded in references,,
2002.07898,10,uri:{https://doi.org/10.1016/j.patcog.2015.12.005},https://doi.org/10.1016/j.patcog.2015.12.005,References,"""URLs with schemes such as http, https, ftp, sftp, git, magnet"", ""URLs with paths, query Strings, and fragments""",embedded in references,,
2002.07898,10,uri:{https://app.dimensions.ai/details/publication/pub.1061614193},https://app.dimensions.ai/details/publication/pub.1061614193,References,"""URLs with schemes such as http, https, ftp, sftp, git, magnet"", ""URLs with paths, query Strings, and fragments"", URLs with subdomain",embedded in references,,
2002.07898,10,,https://hal.archives-ouvertes.fr/hal-02461768,References,"""URLs with schemes such as http, https, ftp, sftp, git, magnet"", URLs with subdomain, ""URLs with paths, query Strings, and fragments""","split across lines, embedded in references",,
2002.08103,14,uri:{https://pgxo.loria.fr},https://pgxo.loria.fr,Methodology,"""URLs with schemes such as http, https, ftp, sftp, git, magnet"", URLs with subdomain",embedded in footnotes,,
2002.08103,14,uri:{https://pgxlod.loria.fr},https://pgxlod.loria.fr,Methodology,"""URLs with schemes such as http, https, ftp, sftp, git, magnet"", URLs with subdomain",embedded in footnotes,,
2002.08103,7,uri:{https://pgxlod.loria.fr},https://pgxlod.loria.fr,Results and Discussion,"""URLs with schemes such as http, https, ftp, sftp, git, magnet"", URLs with subdomain",embedded in footnotes,,
2002.08103,15,uri:{https://github.com/pmonnin/tcn3r},https://github.com/pmonnin/tcn3r,Methodology,"""URLs with schemes such as http, https, ftp, sftp, git, magnet""",embedded in footnotes,,
2002.08103,3,uri:{https://arxiv.org/abs/2002.08103},https://arxiv.org/abs/2002.08103,Introduction,"""URLs with schemes such as http, https, ftp, sftp, git, magnet"", ""URLs with paths, query Strings, and fragments""",,,
2002.08103,1,uri:{http://arxiv.org/abs/2002.08103v2},http://arxiv.org/abs/2002.08103v2,Header,"""URLs with schemes such as http, https, ftp, sftp, git, magnet"", ""URLs with paths, query Strings, and fragments""",,"Hidden in annotation layers, Hidden in metadata",
2002.08140,1,uri:{http://arxiv.org/abs/2002.08140v1},http://arxiv.org/abs/2002.08140v1,Header,"""URLs with schemes such as http, https, ftp, sftp, git, magnet"", ""URLs with paths, query Strings, and fragments""",,"Hidden in annotation layers, Hidden in metadata",
2002.08140,1,,http://www.raa-journal.org,Header,"""URLs with schemes such as http, https, ftp, sftp, git, magnet""",,,
2002.08140,1,,http://www.iop.org/journals/raa,Header,"""URLs with paths, query Strings, and fragments"", ""URLs with schemes such as http, https, ftp, sftp, git, magnet""",,,
2002.08140,1,,http://burst.sci.monash.edu/minbar/,Introduction,"""URLs with schemes such as http, https, ftp, sftp, git, magnet"", URLs with subdomain, ""URLs with paths, query Strings, and fragments"", URLs with trailing slashes",embedded in footnotes,,
2002.08140,5,,https://astrobrowse.issdc.gov.in/astro_archive/archive,Results and Discussion,"""URLs with schemes such as http, https, ftp, sftp, git, magnet"", URLs with subdomain, ""URLs with paths, query Strings, and fragments""",embedded in footnotes,,
2002.08140,5,,http://AstroSat-ssc.iucaa.in/?q=laxpcData,Results and Discussion,"""URLs with schemes such as http, https, ftp, sftp, git, magnet"", URLs with subdomain, ""URLs with paths, query Strings, and fragments""",embedded in footnotes,,
2002.08140,5,,http://heasarc.nasa.gov/ftools,Results and Discussion,"""URLs with schemes such as http, https, ftp, sftp, git, magnet"", URLs with subdomain, ""URLs with paths, query Strings, and fragments""",embedded in footnotes,,
2002.08140,5,,https://heasarc.gsfc.nasa.gov/ftools,Results and Discussion,"""URLs with schemes such as http, https, ftp, sftp, git, magnet"", URLs with subdomain, ""URLs with paths, query Strings, and fragments""",embedded in footnotes,,
2002.08140,6,,http://maxi.riken.jp/star_data/J1326-621/J1326-621.html,Results and Discussion,"""URLs with schemes such as http, https, ftp, sftp, git, magnet"", URLs with subdomain, ""URLs with paths, query Strings, and fragments""",embedded in footnotes,,
2002.09880,17,uri:{https://doi.org/10.1109/ICDMW.2012.100},https://doi.org/10.1109/ICDMW.2012.100,References,"""URLs with schemes such as http, https, ftp, sftp, git, magnet"", ""URLs with paths, query Strings, and fragments""","split across lines, embedded in references",,
2002.09880,16,uri:{https://doi.org/10.1016/j.ins.2019.03.001},https://doi.org/10.1016/j.ins.2019.03.001,References,"""URLs with schemes such as http, https, ftp, sftp, git, magnet"", ""URLs with paths, query Strings, and fragments""","split across lines, embedded in references",,
2002.09880,17,uri:{https://doi.org/10.1007/s10994-015-5487-y},https://doi.org/10.1007/s10994-015-5487-y,References,"""URLs with schemes such as http, https, ftp, sftp, git, magnet"", ""URLs with paths, query Strings, and fragments""","split across lines, embedded in references",,
2002.09880,18,uri:{https://doi.org/10.1007/s10589-015-9804-y},https://doi.org/10.1007/s10589-015-9804-y,References,"""URLs with schemes such as http, https, ftp, sftp, git, magnet"", ""URLs with paths, query Strings, and fragments""","split across lines, embedded in references",,
2002.09880,17,uri:{https://doi.org/10.1007/978-3-642-21881-1_40},https://doi.org/10.1007/978-3-642-21881-1_40,References,"""URLs with schemes such as http, https, ftp, sftp, git, magnet"", ""URLs with paths, query Strings, and fragments""",,,
2002.09880,17,uri:{https://doi.org/10.1007/978-3-319-64167-6_4},https://doi.org/10.1007/978-3-319-64167-6_4,References,"""URLs with schemes such as http, https, ftp, sftp, git, magnet"", ""URLs with paths, query Strings, and fragments""","split across lines, embedded in references",,
2002.09880,16,uri:{https://doi.org/10.1007/978-1-4614-6170-8_316},https://doi.org/10.1007/978-1-4614-6170-8_316,References,"""URLs with schemes such as http, https, ftp, sftp, git, magnet"", ""URLs with paths, query Strings, and fragments""",,,
2002.09880,16,uri:{https://doi.org/10.1007/978-1-4614-6170-8_310},https://doi.org/10.1007/978-1-4614-6170-8_310,References,"""URLs with schemes such as http, https, ftp, sftp, git, magnet"", ""URLs with paths, query Strings, and fragments""","split across lines, embedded in references",,
2002.09880,16,uri:{https://doi.org/10.1007/11787181_11},https://doi.org/10.1007/11787181_11,References,"""URLs with schemes such as http, https, ftp, sftp, git, magnet"", ""URLs with paths, query Strings, and fragments""",,,
2002.09880,17,uri:{http://www.sciencedirect.com/science/article/pii/S0166218X12002843},http://www.sciencedirect.com/science/article/pii/S0166218X12002843,References,"""URLs with schemes such as http, https, ftp, sftp, git, magnet"", ""URLs with paths, query Strings, and fragments""","split across lines, embedded in references",,
2002.09880,17,uri:{http://doi.acm.org/10.1145/2827872},http://doi.acm.org/10.1145/2827872,References,"""URLs with schemes such as http, https, ftp, sftp, git, magnet"", ""URLs with paths, query Strings, and fragments"", URLs with subdomain","split across lines, embedded in references",,
2002.09880,17,uri:{http://doi.acm.org/10.1145/2489247.2489250},http://doi.acm.org/10.1145/2489247.2489250,References,"""URLs with schemes such as http, https, ftp, sftp, git, magnet"", ""URLs with paths, query Strings, and fragments"", URLs with subdomain",,,
2002.09880,11,,https://www.ibm.com/support/knowledgecenter/SSSA5P_12.8.0/ilog.odms.cplex.help/CPLEX/homepages/usrmancplex.html,Methodology,"""URLs with schemes such as http, https, ftp, sftp, git, magnet"", ""URLs with paths, query Strings, and fragments""","split across lines, embedded in footnotes",,
2002.10137,6,uri:{https://github.com/yiranran/Audio-driven-TalkingFace-HeadPose},https://github.com/yiranran/Audio-driven-TalkingFace-HeadPose,Methodology,"""URLs with schemes such as http, https, ftp, sftp, git, magnet"", ""URLs with paths, query Strings, and fragments""",embedded in footnotes,,
2002.10137,2,uri:{https://github.com/yiranran/Audio-driven-TalkingFace-HeadPose},https://github.com/yiranran/Audio-driven-TalkingFace-HeadPose,Introduction,"""URLs with schemes such as http, https, ftp, sftp, git, magnet"", ""URLs with paths, query Strings, and fragments""",embedded in footnotes,,
2002.10137,11,uri:{https://doi.org/10.1007/s11263-019-01251-8},https://doi.org/10.1007/s11263-019-01251-8,References,"""URLs with schemes such as http, https, ftp, sftp, git, magnet"", ""URLs with paths, query Strings, and fragments""",embedded in references,,
2002.10137,6,uri:{https://cg.cs.tsinghua.edu.cn/people/~Yongjin/Yongjin.htm},https://cg.cs.tsinghua.edu.cn/people/~Yongjin/Yongjin.htm,Methodology,"URLs with unicode characters, ""URLs with paths, query Strings, and fragments"", ""URLs with schemes such as http, https, ftp, sftp, git, magnet"", URLs with subdomain",embedded in footnotes,,
2002.10937,8,,http://www.cs.jhu.edu/~mdredze/datasets/sentiment/,Methodology,"""URLs with schemes such as http, https, ftp, sftp, git, magnet"", URLs with subdomain, URLs with unicode characters, ""URLs with paths, query Strings, and fragments"", URLs with trailing slashes",embedded in footnotes,,
2002.10937,8,,https://www.figure-eight.com,Methodology,"""URLs with schemes such as http, https, ftp, sftp, git, magnet""",embedded in footnotes,,
2002.10937,13,,https://www.yelp.com/dataset/challenge,Results and Discussion,"""URLs with schemes such as http, https, ftp, sftp, git, magnet"", ""URLs with paths, query Strings, and fragments""",embedded in footnotes,,
2002.10937,14,,https://github.com/jitinkrishnan/Diversity-Based-Generalization,Conclusions,"""URLs with schemes such as http, https, ftp, sftp, git, magnet"", ""URLs with paths, query Strings, and fragments""",,,
2002.10937,8,,https://github.com/hsqmlzno1/HATN/tree/master/raw_data,Methodology,"""URLs with schemes such as http, https, ftp, sftp, git, magnet"", ""URLs with paths, query Strings, and fragments""",embedded in footnotes,,
2002.10937,8,,https://code.google.com/archive/p/word2vec/,Methodology,"""URLs with schemes such as http, https, ftp, sftp, git, magnet"", URLs with subdomain, ""URLs with paths, query Strings, and fragments"", URLs with trailing slashes",embedded in footnotes,,
2002.10937,8,,https://appen.com/,Methodology,"""URLs with schemes such as http, https, ftp, sftp, git, magnet""",embedded in footnotes,,
2002.10937,10,,https://github.com/1146976048qq/IATN,Methodology,"""URLs with schemes such as http, https, ftp, sftp, git, magnet"", ""URLs with paths, query Strings, and fragments""",embedded in footnotes,,
2002.11000,4,uri:{https://hadoop.apache.org},https://hadoop.apache.org,Related Works & Background,"""URLs with schemes such as http, https, ftp, sftp, git, magnet"", URLs with subdomain",embedded in footnotes,,
2002.11000,10,uri:{https://github.com/ethereum/wiki/wiki/JSON-RPC},https://github.com/ethereum/wiki/wiki/JSON-RPC,Methodology,"""URLs with schemes such as http, https, ftp, sftp, git, magnet"", ""URLs with paths, query Strings, and fragments""",embedded in footnotes,,
2002.11000,3,uri:{https://eugdpr.org},https://eugdpr.org,Introduction,"""URLs with schemes such as http, https, ftp, sftp, git, magnet""",embedded in footnotes,,
2002.11000,16,uri:{https://doi.org/10.1515/iss-2017-0035},https://doi.org/10.1515/iss-2017-0035,References,"""URLs with schemes such as http, https, ftp, sftp, git, magnet"", ""URLs with paths, query Strings, and fragments""",embedded in references,,
2002.11000,16,uri:{https://doi.org/10.1007/978-3-030-17277-0_8},https://doi.org/10.1007/978-3-030-17277-0_8,References,"""URLs with schemes such as http, https, ftp, sftp, git, magnet"", ""URLs with paths, query Strings, and fragments""",embedded in references,,
2002.11000,16,uri:{https://doi.org/10.1002/jsc.2148},https://doi.org/10.1002/jsc.2148,References,"""URLs with schemes such as http, https, ftp, sftp, git, magnet"", ""URLs with paths, query Strings, and fragments""",embedded in references,,
2101.01133,7,uri:{https://stm.sciencemag.org/content/8/337/337ra64},https://stm.sciencemag.org/content/8/337/337ra64,References,"""URLs with schemes such as http, https, ftp, sftp, git, magnet"", URLs with subdomain, ""URLs with paths, query Strings, and fragments""","split across lines, embedded in references",,
2101.01133,7,uri:{https://doi.org/10.1117/12.2513117},https://doi.org/10.1117/12.2513117,References,"""URLs with schemes such as http, https, ftp, sftp, git, magnet"", ""URLs with paths, query Strings, and fragments""","split across lines, embedded in references",,
2101.01133,7,uri:{http://dx.doi.org/10.1109/CVPR.2016.438},http://dx.doi.org/10.1109/CVPR.2016.438,References,"""URLs with schemes such as http, https, ftp, sftp, git, magnet"", ""URLs with paths, query Strings, and fragments""","split across lines, embedded in references",,
2101.02930,1,uri:{mailto:duanw@tsinghua.edu.cn},mailto:duanw@tsinghua.edu.cn,Footer,"""URLs with schemes such as http, https, ftp, sftp, git, magnet""",embedded in footnotes,,
2101.02930,1,uri:{mailto:ch-wang@outlook.com},mailto:ch-wang@outlook.com,Footer,"""URLs with schemes such as http, https, ftp, sftp, git, magnet""",embedded in footnotes,,
2101.02930,7,uri:{http://www.deepmd.org/database/deeppot-se-data/},http://www.deepmd.org/database/deeppot-se-data/,Methodology,"""URLs with schemes such as http, https, ftp, sftp, git, magnet"", ""URLs with paths, query Strings, and fragments"", URLs with trailing slashes",split across lines,,
2101.02930,7,uri:{http://quantum-machine.org/datasets/},http://quantum-machine.org/datasets/,Methodology,"""URLs with schemes such as http, https, ftp, sftp, git, magnet"", ""URLs with paths, query Strings, and fragments"", URLs with trailing slashes",split across lines,,
2101.02930,8,,https://arxiv.org/abs/1707.01478,References,"""URLs with schemes such as http, https, ftp, sftp, git, magnet"", ""URLs with paths, query Strings, and fragments""",embedded in references,,
2101.02930,8,,https://arxiv.org/abs/1709.05584,References,"""URLs with schemes such as http, https, ftp, sftp, git, magnet"", ""URLs with paths, query Strings, and fragments""",embedded in references,,
2101.02930,8,,https://arxiv.org/abs/1312.6203,References,"""URLs with schemes such as http, https, ftp, sftp, git, magnet"", ""URLs with paths, query Strings, and fragments""",embedded in references,,
2101.02930,8,,https://arxiv.org/abs/1812.08434,References,"""URLs with schemes such as http, https, ftp, sftp, git, magnet"", ""URLs with paths, query Strings, and fragments""",embedded in references,,
2101.02930,8,,https://arxiv.org/abs/1912.01398,References,"""URLs with schemes such as http, https, ftp, sftp, git, magnet"", ""URLs with paths, query Strings, and fragments""",embedded in references,,
2101.02930,8,,https://arxiv.org/abs/1609.02907,References,"""URLs with schemes such as http, https, ftp, sftp, git, magnet"", ""URLs with paths, query Strings, and fragments""",embedded in references,,
2101.02930,8,,https://arxiv.org/abs/1806.03536,References,"""URLs with schemes such as http, https, ftp, sftp, git, magnet"", ""URLs with paths, query Strings, and fragments""",embedded in references,,
2101.02930,8,,https://arxiv.org/abs/1810.00826,References,"""URLs with schemes such as http, https, ftp, sftp, git, magnet"", ""URLs with paths, query Strings, and fragments""",embedded in references,,
2101.02930,8,,https://arxiv.org/abs/1412.6980,References,"""URLs with schemes such as http, https, ftp, sftp, git, magnet"", ""URLs with paths, query Strings, and fragments""",embedded in references,,
2101.05661,13,uri:{https://www.kubeflow.org/},https://www.kubeflow.org/,References,"""URLs with schemes such as http, https, ftp, sftp, git, magnet"", URLs with trailing slashes","split across lines, embedded in references",,
2101.05661,13,uri:{https://www.comet.ml/site/},https://www.comet.ml/site/,References,"""URLs with schemes such as http, https, ftp, sftp, git, magnet"", ""URLs with paths, query Strings, and fragments"", URLs with trailing slashes","split across lines, embedded in references",,
2101.05661,13,uri:{https://polyaxon.com/polyaxon-ee/},https://polyaxon.com/polyaxon-ee/,References,"""URLs with schemes such as http, https, ftp, sftp, git, magnet"", ""URLs with paths, query Strings, and fragments"", URLs with trailing slashes",embedded in references,,
2101.05661,13,uri:{https://polyaxon.com/polyaxon-ce/},https://polyaxon.com/polyaxon-ce/,References,"""URLs with schemes such as http, https, ftp, sftp, git, magnet"", ""URLs with paths, query Strings, and fragments"", URLs with trailing slashes",embedded in references,,
2101.05661,13,uri:{https://neptune.ai/},https://neptune.ai/,References,"""URLs with schemes such as http, https, ftp, sftp, git, magnet"", URLs with trailing slashes",embedded in references,,
2101.05661,13,uri:{https://mlflow.org/},https://mlflow.org/,References,"""URLs with schemes such as http, https, ftp, sftp, git, magnet"", URLs with trailing slashes","split across lines, embedded in references",,
2101.05661,13,uri:{https://kubernetes.io/},https://kubernetes.io/,References,"""URLs with schemes such as http, https, ftp, sftp, git, magnet"", URLs with trailing slashes",embedded in references,,
2101.05661,13,uri:{https://gradient.paperspace.com/},https://gradient.paperspace.com/,References,"""URLs with schemes such as http, https, ftp, sftp, git, magnet"", URLs with subdomain, URLs with trailing slashes",embedded in references,,
2101.05661,13,uri:{https://github.com/brickmack/Blender-Spaceflight-models},https://github.com/brickmack/Blender-Spaceflight-models,References,"""URLs with schemes such as http, https, ftp, sftp, git, magnet"", ""URLs with paths, query Strings, and fragments""","split across lines, embedded in references",,
2101.05661,12,uri:{https://github.com/autognc/starfish-scripts},https://github.com/autognc/starfish-scripts,Conclusions,"""URLs with schemes such as http, https, ftp, sftp, git, magnet"", ""URLs with paths, query Strings, and fragments""",embedded in footnotes,,
2101.05661,12,uri:{https://github.com/autognc/starfish},https://github.com/autognc/starfish,Conclusions,"""URLs with schemes such as http, https, ftp, sftp, git, magnet"", ""URLs with paths, query Strings, and fragments""",embedded in footnotes,,
2101.05661,12,uri:{https://github.com/autognc/ravenML-train-plugins},https://github.com/autognc/ravenML-train-plugins,Conclusions,"""URLs with schemes such as http, https, ftp, sftp, git, magnet"", ""URLs with paths, query Strings, and fragments""",embedded in footnotes,,
2101.05661,12,uri:{https://github.com/autognc/ravenML-dataset-plugins},https://github.com/autognc/ravenML-dataset-plugins,Conclusions,"""URLs with schemes such as http, https, ftp, sftp, git, magnet"", ""URLs with paths, query Strings, and fragments""",embedded in footnotes,,
2101.05661,12,uri:{https://github.com/autognc/ravenML},https://github.com/autognc/ravenML,Conclusions,"""URLs with schemes such as http, https, ftp, sftp, git, magnet"", ""URLs with paths, query Strings, and fragments""",embedded in footnotes,,
2101.05661,12,uri:{https://github.com/autognc/bran},https://github.com/autognc/bran,Conclusions,"""URLs with schemes such as http, https, ftp, sftp, git, magnet"", ""URLs with paths, query Strings, and fragments""",embedded in footnotes,,
2101.05661,13,uri:{https://docs.paperspace.com/gradient/instances/instance-types},https://docs.paperspace.com/gradient/instances/instance-types,References,"""URLs with schemes such as http, https, ftp, sftp, git, magnet"", URLs with subdomain, URLs with trailing slashes","split across lines, embedded in references",,
2101.05661,13,uri:{https://cloud.google.com/ai-platform},https://cloud.google.com/ai-platform,References,"""URLs with schemes such as http, https, ftp, sftp, git, magnet"", URLs with subdomain, ""URLs with paths, query Strings, and fragments""",embedded in references,,
2101.05661,13,uri:{https://azure.microsoft.com/en-us/services/machine-learning/},https://azure.microsoft.com/en-us/services/machine-learning/,References,"""URLs with schemes such as http, https, ftp, sftp, git, magnet"", URLs with subdomain, URLs with trailing slashes, ""URLs with paths, query Strings, and fragments""","split across lines, embedded in references",,
2101.05661,13,uri:{https://aws.amazon.com/sagemaker/pricing/},https://aws.amazon.com/sagemaker/pricing/,References,"""URLs with schemes such as http, https, ftp, sftp, git, magnet"", URLs with subdomain, URLs with trailing slashes, ""URLs with paths, query Strings, and fragments""","split across lines, embedded in references",,
2101.05661,13,uri:{https://aws.amazon.com/sagemaker/},https://aws.amazon.com/sagemaker/,References,"""URLs with schemes such as http, https, ftp, sftp, git, magnet"", URLs with subdomain, URLs with trailing slashes, ""URLs with paths, query Strings, and fragments""",embedded in references,,
2101.05661,13,uri:{https://aws.amazon.com/govcloud-us/},https://aws.amazon.com/govcloud-us/,References,"""URLs with schemes such as http, https, ftp, sftp, git, magnet"", URLs with subdomain, URLs with trailing slashes, ""URLs with paths, query Strings, and fragments""","split across lines, embedded in references",,
2101.05661,13,uri:{https://aws.amazon.com/ec2/pricing/on-demand/},https://aws.amazon.com/ec2/pricing/on-demand/,References,"""URLs with schemes such as http, https, ftp, sftp, git, magnet"", URLs with subdomain, URLs with trailing slashes, ""URLs with paths, query Strings, and fragments""","split across lines, embedded in references",,
2101.05661,13,uri:{https://aws.amazon.com/ec2/},https://aws.amazon.com/ec2/,References,"""URLs with schemes such as http, https, ftp, sftp, git, magnet"", URLs with subdomain, URLs with trailing slashes, ""URLs with paths, query Strings, and fragments""","split across lines, embedded in references",,
2101.05661,13,uri:{https://aws.amazon.com/},https://aws.amazon.com/,References,"""URLs with schemes such as http, https, ftp, sftp, git, magnet"", URLs with trailing slashes, URLs with subdomain",embedded in references,,
2101.05661,12,uri:{https://arc.aiaa.org/doi/abs/10.2514/6.2020-1457},https://arc.aiaa.org/doi/abs/10.2514/6.2020-1457,References,"""URLs with schemes such as http, https, ftp, sftp, git, magnet"", URLs with subdomain, ""URLs with paths, query Strings, and fragments""","split across lines, embedded in references",,
2101.05661,13,uri:{https://arc.aiaa.org/doi/abs/10.2514/6.2020-1376},https://arc.aiaa.org/doi/abs/10.2514/6.2020-1376,References,"""URLs with schemes such as http, https, ftp, sftp, git, magnet"", ""URLs with paths, query Strings, and fragments"", URLs with subdomain","split across lines, embedded in references",,
2101.05661,13,uri:{https://allegro.ai/trains-open-source/},https://allegro.ai/trains-open-source/,References,"""URLs with schemes such as http, https, ftp, sftp, git, magnet"", ""URLs with paths, query Strings, and fragments"", URLs with trailing slashes",embedded in references,,
2101.05661,13,uri:{https://allegro.ai/enterprise/},https://allegro.ai/enterprise/,References,"""URLs with schemes such as http, https, ftp, sftp, git, magnet"", ""URLs with paths, query Strings, and fragments"", URLs with trailing slashes",embedded in references,,
2101.05661,13,uri:{http://dx.doi.org/10.1109/CVPR.2017.351},http://dx.doi.org/10.1109/CVPR.2017.351,References,"""URLs with schemes such as http, https, ftp, sftp, git, magnet"", ""URLs with paths, query Strings, and fragments"", URLs with subdomain","split across lines, embedded in references",,
2101.09275,1,uri:{mailto:ihutch@mit.edu},mailto:ihutch@mit.edu,Title & Authors,"""URLs with schemes such as http, https, ftp, sftp, git, magnet""",embedded in footnotes,,
2101.09275,11,uri:{https://github.com/ihutch/helmhole},https://github.com/ihutch/helmhole,References,"""URLs with schemes such as http, https, ftp, sftp, git, magnet"", ""URLs with paths, query Strings, and fragments""",embedded in references,Hidden in annotation layers,
2101.09275,11,uri:{https://arxiv.org/abs/2011.14941},https://arxiv.org/abs/2011.14941,References,"""URLs with schemes such as http, https, ftp, sftp, git, magnet"", ""URLs with paths, query Strings, and fragments""",embedded in references,Hidden in annotation layers,
2101.09275,11,uri:{http://journals.aps.org/pr/abstract/10.1103/PhysRev.108.546},http://journals.aps.org/pr/abstract/10.1103/PhysRev.108.546,References,"""URLs with schemes such as http, https, ftp, sftp, git, magnet"", URLs with subdomain, ""URLs with paths, query Strings, and fragments""",embedded in references,Hidden in annotation layers,
2101.09275,12,uri:{http://dx.doi.org/https://doi.org/10.1029/2018GL080757},http://dx.doi.org/https://doi.org/10.1029/2018GL080757,References,"""URLs with schemes such as http, https, ftp, sftp, git, magnet"", URLs with subdomain, ""URLs with paths, query Strings, and fragments""",embedded in references,Hidden in annotation layers,
2101.09275,11,uri:{http://dx.doi.org/10.5194/npg-9-101-2002},http://dx.doi.org/10.5194/npg-9-101-2002,References,"""URLs with schemes such as http, https, ftp, sftp, git, magnet"", URLs with subdomain, ""URLs with paths, query Strings, and fragments""",embedded in references,Hidden in annotation layers,
2101.09275,11,uri:{http://dx.doi.org/10.5194/npg-11-313-2004},http://dx.doi.org/10.5194/npg-11-313-2004,References,"""URLs with schemes such as http, https, ftp, sftp, git, magnet"", URLs with subdomain, ""URLs with paths, query Strings, and fragments""","split across lines, embedded in references",Hidden in annotation layers,
2101.09275,11,uri:{http://dx.doi.org/10.1103/PhysRevE.69.055401},http://dx.doi.org/10.1103/PhysRevE.69.055401,References,"""URLs with schemes such as http, https, ftp, sftp, git, magnet"", URLs with subdomain, ""URLs with paths, query Strings, and fragments""",embedded in references,Hidden in annotation layers,
2101.09275,11,uri:{http://dx.doi.org/10.1088/0031-8949/20/3-4/006},http://dx.doi.org/10.1088/0031-8949/20/3-4/006,References,"""URLs with schemes such as http, https, ftp, sftp, git, magnet"", URLs with subdomain, ""URLs with paths, query Strings, and fragments""","split across lines, embedded in references",Hidden in annotation layers,
2101.09275,12,uri:{http://dx.doi.org/10.1063/1.863734},http://dx.doi.org/10.1063/1.863734,References,"""URLs with schemes such as http, https, ftp, sftp, git, magnet"", URLs with subdomain, ""URLs with paths, query Strings, and fragments""","split across lines, embedded in references",Hidden in annotation layers,
2101.09275,12,uri:{http://dx.doi.org/10.1029/98JA00760},http://dx.doi.org/10.1029/98JA00760,References,"""URLs with schemes such as http, https, ftp, sftp, git, magnet"", URLs with subdomain, ""URLs with paths, query Strings, and fragments""","split across lines, embedded in references",Hidden in annotation layers,
2101.09275,11,uri:{http://dx.doi.org/10.1029/98GL02111},http://dx.doi.org/10.1029/98GL02111,References,"""URLs with schemes such as http, https, ftp, sftp, git, magnet"", URLs with subdomain, ""URLs with paths, query Strings, and fragments""","split across lines, embedded in references",Hidden in annotation layers,
2101.09275,11,uri:{http://dx.doi.org/10.1029/94GL01284},http://dx.doi.org/10.1029/94GL01284,References,"""URLs with schemes such as http, https, ftp, sftp, git, magnet"", URLs with subdomain, ""URLs with paths, query Strings, and fragments""",embedded in references,Hidden in annotation layers,
2101.09275,12,uri:{http://dx.doi.org/10.1029/2020JA028066},http://dx.doi.org/10.1029/2020JA028066,References,"""URLs with schemes such as http, https, ftp, sftp, git, magnet"", URLs with subdomain, ""URLs with paths, query Strings, and fragments""","split across lines, embedded in references",Hidden in annotation layers,
2101.09275,11,uri:{http://dx.doi.org/10.1029/2017GL076880},http://dx.doi.org/10.1029/2017GL076880,References,"""URLs with schemes such as http, https, ftp, sftp, git, magnet"", URLs with subdomain, ""URLs with paths, query Strings, and fragments""","split across lines, embedded in references",Hidden in annotation layers,
2101.09275,11,uri:{http://dx.doi.org/10.1029/2010JA015332},http://dx.doi.org/10.1029/2010JA015332,References,"""URLs with schemes such as http, https, ftp, sftp, git, magnet"", URLs with subdomain, ""URLs with paths, query Strings, and fragments""","split across lines, embedded in references",Hidden in annotation layers,
2101.09275,12,uri:{http://dx.doi.org/10.1029/2000GL012383},http://dx.doi.org/10.1029/2000GL012383,References,"""URLs with schemes such as http, https, ftp, sftp, git, magnet"", URLs with subdomain, ""URLs with paths, query Strings, and fragments""","split across lines, embedded in references",Hidden in annotation layers,
2101.09275,12,uri:{http://dx.doi.org/10.1029/1999GL900435},http://dx.doi.org/10.1029/1999GL900435,References,"""URLs with schemes such as http, https, ftp, sftp, git, magnet"", URLs with subdomain, ""URLs with paths, query Strings, and fragments""","split across lines, embedded in references",Hidden in annotation layers,
2101.09275,11,uri:{http://dx.doi.org/10.1016/j.physrep.2005.10.003},http://dx.doi.org/10.1016/j.physrep.2005.10.003,References,"""URLs with schemes such as http, https, ftp, sftp, git, magnet"", URLs with subdomain, ""URLs with paths, query Strings, and fragments""","split across lines, embedded in references",Hidden in annotation layers,
2101.09275,11,uri:{http://dx.doi.org/10.1016/j.asr.2007.05.064},http://dx.doi.org/10.1016/j.asr.2007.05.064,References,"""URLs with schemes such as http, https, ftp, sftp, git, magnet"", URLs with subdomain, ""URLs with paths, query Strings, and fragments""","split across lines, embedded in references",Hidden in annotation layers,
2101.09275,11,uri:{http://dx.doi.org/10.1002/2015GL063370},http://dx.doi.org/10.1002/2015GL063370,References,"""URLs with schemes such as http, https, ftp, sftp, git, magnet"", URLs with subdomain, ""URLs with paths, query Strings, and fragments""",embedded in references,Hidden in annotation layers,
2101.09275,11,uri:{http://dx.doi.org/10.1002/2014GL061109},http://dx.doi.org/10.1002/2014GL061109,References,"""URLs with schemes such as http, https, ftp, sftp, git, magnet"", URLs with subdomain, ""URLs with paths, query Strings, and fragments""",embedded in references,Hidden in annotation layers,
2101.09275,12,uri:{http://dx.doi.org/10.1103/PhysRevLett.83.2344},http://dx.doi.org/10.1103/PhysRevLett.83.2344,References,"""URLs with schemes such as http, https, ftp, sftp, git, magnet"", URLs with subdomain, ""URLs with paths, query Strings, and fragments""",embedded in references,Hidden in annotation layers,
2101.09275,11,uri:{http://dx.doi.org/10.1103/PhysRevLett.81.826},http://dx.doi.org/10.1103/PhysRevLett.81.826,References,"""URLs with schemes such as http, https, ftp, sftp, git, magnet"", URLs with subdomain, ""URLs with paths, query Strings, and fragments""",embedded in references,Hidden in annotation layers,
2101.09275,11,uri:{http://dx.doi.org/10.1103/PhysRevLett.121.135102},http://dx.doi.org/10.1103/PhysRevLett.121.135102,References,"""URLs with schemes such as http, https, ftp, sftp, git, magnet"", URLs with subdomain, ""URLs with paths, query Strings, and fragments""",embedded in references,Hidden in annotation layers,
2101.09275,11,uri:{http://dx.doi.org/10.1103/PhysRevLett.116.145101},http://dx.doi.org/10.1103/PhysRevLett.116.145101,References,"""URLs with schemes such as http, https, ftp, sftp, git, magnet"", URLs with subdomain, ""URLs with paths, query Strings, and fragments""","split across lines, embedded in references",Hidden in annotation layers,
2101.09275,11,uri:{http://dx.doi.org/10.1103/PhysRevLett.102.225004},http://dx.doi.org/10.1103/PhysRevLett.102.225004,References,"""URLs with schemes such as http, https, ftp, sftp, git, magnet"", URLs with subdomain, ""URLs with paths, query Strings, and fragments""",embedded in references,Hidden in annotation layers,
2101.09275,11,uri:{http://dx.doi.org/10.1088/0031-8949/30/1/015},http://dx.doi.org/10.1088/0031-8949/30/1/015,References,"""URLs with schemes such as http, https, ftp, sftp, git, magnet"", URLs with subdomain, ""URLs with paths, query Strings, and fragments""",embedded in references,Hidden in annotation layers,
2101.09275,11,uri:{http://dx.doi.org/10.1063/1.4976854},http://dx.doi.org/10.1063/1.4976854,References,"""URLs with schemes such as http, https, ftp, sftp, git, magnet"", URLs with subdomain, ""URLs with paths, query Strings, and fragments""",embedded in references,Hidden in annotation layers,
2101.09275,12,uri:{http://dx.doi.org/10.1029/97JA00385},http://dx.doi.org/10.1029/97JA00385,References,"""URLs with schemes such as http, https, ftp, sftp, git, magnet"", URLs with subdomain, ""URLs with paths, query Strings, and fragments""",embedded in references,Hidden in annotation layers,
2101.09275,11,uri:{http://dx.doi.org/10.1029/2020JA028093},http://dx.doi.org/10.1029/2020JA028093,References,"""URLs with schemes such as http, https, ftp, sftp, git, magnet"", URLs with subdomain, ""URLs with paths, query Strings, and fragments""","split across lines, embedded in references",Hidden in annotation layers,
2101.09275,12,uri:{http://dx.doi.org/10.1029/2008JA013693},http://dx.doi.org/10.1029/2008JA013693,References,"""URLs with schemes such as http, https, ftp, sftp, git, magnet"", URLs with subdomain, ""URLs with paths, query Strings, and fragments""",embedded in references,Hidden in annotation layers,
2101.09275,12,uri:{http://dx.doi.org/10.1029/2003JA010198},http://dx.doi.org/10.1029/2003JA010198,References,"""URLs with schemes such as http, https, ftp, sftp, git, magnet"", URLs with subdomain, ""URLs with paths, query Strings, and fragments""","split across lines, embedded in references",Hidden in annotation layers,
2101.09275,11,uri:{http://dx.doi.org/10.1029/2001JA900180},http://dx.doi.org/10.1029/2001JA900180,References,"""URLs with schemes such as http, https, ftp, sftp, git, magnet"", URLs with subdomain, ""URLs with paths, query Strings, and fragments""","split across lines, embedded in references",Hidden in annotation layers,
2101.09275,12,uri:{http://dx.doi.org/10.1029/2001JA900056},http://dx.doi.org/10.1029/2001JA900056,References,"""URLs with schemes such as http, https, ftp, sftp, git, magnet"", URLs with subdomain, ""URLs with paths, query Strings, and fragments""","split across lines, embedded in references",Hidden in annotation layers,
2101.09275,11,uri:{http://dx.doi.org/10.1029/2001GL013385},http://dx.doi.org/10.1029/2001GL013385,References,"""URLs with schemes such as http, https, ftp, sftp, git, magnet"", URLs with subdomain, ""URLs with paths, query Strings, and fragments""","split across lines, embedded in references",Hidden in annotation layers,
2101.09275,11,uri:{http://dx.doi.org/10.1007/s00585-999-0307-y},http://dx.doi.org/10.1007/s00585-999-0307-y,References,"""URLs with schemes such as http, https, ftp, sftp, git, magnet"", URLs with subdomain, ""URLs with paths, query Strings, and fragments""",embedded in references,Hidden in annotation layers,
2101.09275,11,uri:{http://dx.doi.org/10.1002/jgra.50102},http://dx.doi.org/10.1002/jgra.50102,References,"""URLs with schemes such as http, https, ftp, sftp, git, magnet"", URLs with subdomain, ""URLs with paths, query Strings, and fragments""","split across lines, embedded in references",Hidden in annotation layers,
2101.09275,11,uri:{https://agupubs.onlinelibrary.wiley.com/doi/pdf/10.1029/2020JA028093},https://agupubs.onlinelibrary.wiley.com/doi/pdf/10.1029/2020JA028093,References,"""URLs with schemes such as http, https, ftp, sftp, git, magnet"", URLs with subdomain, ""URLs with paths, query Strings, and fragments""",embedded in references,,
2101.09275,12,uri:{https://agupubs.onlinelibrary.wiley.com/doi/pdf/10.1029/2020JA028066},https://agupubs.onlinelibrary.wiley.com/doi/pdf/10.1029/2020JA028066,References,"""URLs with schemes such as http, https, ftp, sftp, git, magnet"", URLs with subdomain, ""URLs with paths, query Strings, and fragments""",embedded in references,,
2101.09275,12,uri:{https://agupubs.onlinelibrary.wiley.com/doi/pdf/10.1029/2018GL080757},https://agupubs.onlinelibrary.wiley.com/doi/pdf/10.1029/2018GL080757,References,"""URLs with schemes such as http, https, ftp, sftp, git, magnet"", URLs with subdomain, ""URLs with paths, query Strings, and fragments""",embedded in references,,
2101.09275,11,uri:{http://arxiv.org/abs/arXiv:1011.1669v3},http://arxiv.org/abs/arXiv:1011.1669v3,References,"""URLs with schemes such as http, https, ftp, sftp, git, magnet"", ""URLs with paths, query Strings, and fragments""",embedded in references,Hidden in annotation layers,
2101.09573,10,uri:{https://github.com/Macaulay2/Workshop-2020-Cleveland/blob/FastLinAlg/FastLinAlg/M2/RandomPoints.m2},https://github.com/Macaulay2/Workshop-2020-Cleveland/blob/FastLinAlg/FastLinAlg/M2/RandomPoints.m2,References,"""URLs with schemes such as http, https, ftp, sftp, git, magnet"", ""URLs with paths, query Strings, and fragments""",embedded in references,,
2101.09573,10,uri:{https://github.com/Macaulay2/M2/tree/master/M2/Macaulay2/packages},https://github.com/Macaulay2/M2/tree/master/M2/Macaulay2/packages,References,"""URLs with schemes such as http, https, ftp, sftp, git, magnet"", ""URLs with paths, query Strings, and fragments""",embedded in references,,
2101.09573,10,uri:{https://github.com/Macaulay2/M2/tree/master/M2/Macaulay2/packages},https://github.com/Macaulay2/M2/tree/master/M2/Macaulay2/packages,References,"""URLs with schemes such as http, https, ftp, sftp, git, magnet"", ""URLs with paths, query Strings, and fragments""",embedded in references,,
2101.09573,10,uri:{https://github.com/Macaulay2/M2/tree/master/M2/Macaulay2/packages},https://github.com/Macaulay2/M2/tree/master/M2/Macaulay2/packages,References,"""URLs with schemes such as http, https, ftp, sftp, git, magnet"", ""URLs with paths, query Strings, and fragments""",embedded in references,,
2101.09573,10,uri:{http://www2.macaulay2.com/Macaulay2/doc/Macaulay2-1.16/share/doc/Macaulay2/Macaulay2Doc/html/_random__K__Rational__Point.html},http://www2.macaulay2.com/Macaulay2/doc/Macaulay2-1.16/share/doc/Macaulay2/Macaulay2Doc/html/_random__K__Rational__Point.html,References,"""URLs with schemes such as http, https, ftp, sftp, git, magnet"", ""URLs with paths, query Strings, and fragments""",embedded in references,,
2101.09573,10,uri:{http://www.math.uiuc.edu/Macaulay2/},http://www.math.uiuc.edu/Macaulay2/,References,"""URLs with schemes such as http, https, ftp, sftp, git, magnet"", ""URLs with paths, query Strings, and fragments"", URLs with subdomain, URLs with trailing slashes",embedded in references,,
2101.09573,1,uri:{http://arxiv.org/abs/2101.09573v2},http://arxiv.org/abs/2101.09573v2,Header,"""URLs with schemes such as http, https, ftp, sftp, git, magnet"", ""URLs with paths, query Strings, and fragments""",,"Hidden in annotation layers, Hidden in metadata",
2101.09831,1,uri:{mailto:alexander.akins@jpl.nasa.gov},mailto:alexander.akins@jpl.nasa.gov,Title & Authors,"""URLs with schemes such as http, https, ftp, sftp, git, magnet""",embedded in footnotes,,
2101.09831,1,uri:{http://orcid.org/0000-0003-3962-8957},http://orcid.org/0000-0003-3962-8957,Title & Authors,"""URLs with schemes such as http, https, ftp, sftp, git, magnet"", ""URLs with paths, query Strings, and fragments""",,Hidden in annotation layers,
2101.09831,1,uri:{http://orcid.org/0000-0003-0429-9487},http://orcid.org/0000-0003-0429-9487,Title & Authors,"""URLs with schemes such as http, https, ftp, sftp, git, magnet"", ""URLs with paths, query Strings, and fragments""",,Hidden in annotation layers,
2101.09831,1,uri:{http://orcid.org/0000-0002-1386-1710},http://orcid.org/0000-0002-1386-1710,Title & Authors,"""URLs with schemes such as http, https, ftp, sftp, git, magnet"", ""URLs with paths, query Strings, and fragments""",,Hidden in annotation layers,
2101.09831,1,uri:{http://orcid.org/0000-0001-8379-1909},http://orcid.org/0000-0001-8379-1909,Title & Authors,"""URLs with schemes such as http, https, ftp, sftp, git, magnet"", ""URLs with paths, query Strings, and fragments""",,Hidden in annotation layers,
2101.09831,8,uri:{http://doi.org/10.5281/zenodo.4034416},http://doi.org/10.5281/zenodo.4034416,References,"""URLs with schemes such as http, https, ftp, sftp, git, magnet"", ""URLs with paths, query Strings, and fragments""",embedded in references,,
2101.09831,8,uri:{http://doi.org/10.1109/MCSE.2007.55},http://doi.org/10.1109/MCSE.2007.55,References,"""URLs with schemes such as http, https, ftp, sftp, git, magnet"", ""URLs with paths, query Strings, and fragments""",embedded in references,,
2101.09831,8,uri:{http://doi.org/10.1089/ast.2020.2244},http://doi.org/10.1089/ast.2020.2244,References,"""URLs with schemes such as http, https, ftp, sftp, git, magnet"", ""URLs with paths, query Strings, and fragments""",embedded in references,,
2101.09831,8,uri:{http://doi.org/10.1089/ast.2017.1783},http://doi.org/10.1089/ast.2017.1783,References,"""URLs with schemes such as http, https, ftp, sftp, git, magnet"", ""URLs with paths, query Strings, and fragments""",embedded in references,,
2101.09831,8,uri:{http://doi.org/10.1051/0004-6361/201833511},http://doi.org/10.1051/0004-6361/201833511,References,"""URLs with schemes such as http, https, ftp, sftp, git, magnet"", ""URLs with paths, query Strings, and fragments""",embedded in references,,
2101.09831,8,uri:{http://doi.org/10.1038/s41586-020-2649-2},http://doi.org/10.1038/s41586-020-2649-2,References,"""URLs with schemes such as http, https, ftp, sftp, git, magnet"", ""URLs with paths, query Strings, and fragments""",embedded in references,,
2101.09831,8,uri:{http://doi.org/10.1038/s41550-020-1174-4},http://doi.org/10.1038/s41550-020-1174-4,References,"""URLs with schemes such as http, https, ftp, sftp, git, magnet"", ""URLs with paths, query Strings, and fragments""",embedded in references,,
2101.09831,8,uri:{http://doi.org/10.1016/j.pss.2015.01.011},http://doi.org/10.1016/j.pss.2015.01.011,References,"""URLs with schemes such as http, https, ftp, sftp, git, magnet"", ""URLs with paths, query Strings, and fragments""",embedded in references,,
2101.09831,8,uri:{http://doi.org/10.1016/j.icarus.2017.05.001},http://doi.org/10.1016/j.icarus.2017.05.001,References,"""URLs with schemes such as http, https, ftp, sftp, git, magnet"", ""URLs with paths, query Strings, and fragments""",embedded in references,,
2101.09831,8,uri:{http://doi.org/10.1016/j.icarus.2010.02.013},http://doi.org/10.1016/j.icarus.2010.02.013,References,"""URLs with schemes such as http, https, ftp, sftp, git, magnet"", ""URLs with paths, query Strings, and fragments""",embedded in references,,
2101.09831,8,uri:{http://doi.org/10.1007/s11214-017-0438-5},http://doi.org/10.1007/s11214-017-0438-5,References,"""URLs with schemes such as http, https, ftp, sftp, git, magnet"", ""URLs with paths, query Strings, and fragments""",embedded in references,,
2101.09831,8,uri:{http://arxiv.org/abs/2011.08176},http://arxiv.org/abs/2011.08176,References,"""URLs with schemes such as http, https, ftp, sftp, git, magnet"", ""URLs with paths, query Strings, and fragments""",embedded in references,Hidden in annotation layers,
2101.09831,8,uri:{http://arxiv.org/abs/2010.15188},http://arxiv.org/abs/2010.15188,References,"""URLs with schemes such as http, https, ftp, sftp, git, magnet"", ""URLs with paths, query Strings, and fragments""",embedded in references,Hidden in annotation layers,
2101.09831,8,uri:{http://arxiv.org/abs/2010.09761},http://arxiv.org/abs/2010.09761,References,"""URLs with schemes such as http, https, ftp, sftp, git, magnet"", ""URLs with paths, query Strings, and fragments""",embedded in references,Hidden in annotation layers,
2101.09831,8,uri:{http://arxiv.org/abs/2010.07817},http://arxiv.org/abs/2010.07817,References,"""URLs with schemes such as http, https, ftp, sftp, git, magnet"", ""URLs with paths, query Strings, and fragments""",embedded in references,Hidden in annotation layers,
2101.09831,8,uri:{http://arxiv.org/abs/2009.06499},http://arxiv.org/abs/2009.06499,References,"""URLs with schemes such as http, https, ftp, sftp, git, magnet"", ""URLs with paths, query Strings, and fragments""",embedded in references,Hidden in annotation layers,
2101.10587,1,uri:{https://www.nlm.nih.gov/bsd/medline_cit_counts_yr_pub.html},https://www.nlm.nih.gov/bsd/medline_cit_counts_yr_pub.html,Introduction,"""URLs with schemes such as http, https, ftp, sftp, git, magnet"", URLs with subdomain, ""URLs with paths, query Strings, and fragments""",,,
2101.10587,7,uri:{https://www.ncbi.nlm.nih.gov/research/coronavirus/},https://www.ncbi.nlm.nih.gov/research/coronavirus/,Results and Discussion,"""URLs with schemes such as http, https, ftp, sftp, git, magnet"", URLs with subdomain, URLs with trailing slashes, ""URLs with paths, query Strings, and fragments""",embedded in footnotes,,
2101.10587,9,uri:{https://www.ncbi.nlm.nih.gov/pmc/articles/PMC4908368/},https://www.ncbi.nlm.nih.gov/pmc/articles/PMC4908368/,References,"""URLs with schemes such as http, https, ftp, sftp, git, magnet"", URLs with subdomain, URLs with trailing slashes, ""URLs with paths, query Strings, and fragments""",embedded in references,,
2101.10587,9,uri:{https://www.clips.uantwerpen.be/conll2000/chunking/},https://www.clips.uantwerpen.be/conll2000/chunking/,References,"""URLs with schemes such as http, https, ftp, sftp, git, magnet"", URLs with subdomain, URLs with trailing slashes, ""URLs with paths, query Strings, and fragments""",embedded in references,,
2101.10587,8,uri:{https://www.aclweb.org/anthology/D17-1284},https://www.aclweb.org/anthology/D17-1284,References,"""URLs with schemes such as http, https, ftp, sftp, git, magnet"", ""URLs with paths, query Strings, and fragments""","embedded in references, split across lines",,
2101.10587,9,uri:{https://doi.org/10.3115/977035.977059},https://doi.org/10.3115/977035.977059,References,"""URLs with schemes such as http, https, ftp, sftp, git, magnet"", ""URLs with paths, query Strings, and fragments""",embedded in references,,
2101.10587,9,uri:{https://doi.org/10.24432/C5G59C},https://doi.org/10.24432/C5G59C,References,"""URLs with schemes such as http, https, ftp, sftp, git, magnet"", ""URLs with paths, query Strings, and fragments""",embedded in references,,
2101.10587,9,uri:{https://doi.org/10.18653/v1/W19-5034},https://doi.org/10.18653/v1/W19-5034,References,"""URLs with schemes such as http, https, ftp, sftp, git, magnet"", ""URLs with paths, query Strings, and fragments""","embedded in references, split across lines",,
2101.10587,9,uri:{https://doi.org/10.18653/v1/P19-1335},https://doi.org/10.18653/v1/P19-1335,References,"""URLs with schemes such as http, https, ftp, sftp, git, magnet"", ""URLs with paths, query Strings, and fragments""",embedded in references,,
2101.10587,9,uri:{https://doi.org/10.18653/v1/P18-1010},https://doi.org/10.18653/v1/P18-1010,References,"""URLs with schemes such as http, https, ftp, sftp, git, magnet"", ""URLs with paths, query Strings, and fragments""",embedded in references,,
2101.10587,9,uri:{https://doi.org/10.18653/v1/N16-1030},https://doi.org/10.18653/v1/N16-1030,References,"""URLs with schemes such as http, https, ftp, sftp, git, magnet"", ""URLs with paths, query Strings, and fragments""","embedded in references, split across lines, split across pages",,
2101.10587,9,uri:{https://doi.org/10.18653/v1/D19-6219},https://doi.org/10.18653/v1/D19-6219,References,"""URLs with schemes such as http, https, ftp, sftp, git, magnet"", ""URLs with paths, query Strings, and fragments""",embedded in references,,
2101.10587,9,uri:{https://doi.org/10.1109/BIBM.2015.7359761},https://doi.org/10.1109/BIBM.2015.7359761,References,"""URLs with schemes such as http, https, ftp, sftp, git, magnet"", ""URLs with paths, query Strings, and fragments""",embedded in references,,
2101.10587,9,uri:{https://doi.org/10.1093/database/baw068},https://doi.org/10.1093/database/baw068,References,"""URLs with schemes such as http, https, ftp, sftp, git, magnet"", ""URLs with paths, query Strings, and fragments""","embedded in references, split across lines",,
2101.10587,9,uri:{https://doi.org/10.1093/bioinformatics/btz682},https://doi.org/10.1093/bioinformatics/btz682,References,"""URLs with schemes such as http, https, ftp, sftp, git, magnet"", ""URLs with paths, query Strings, and fragments""","embedded in references, split across lines",,
2101.10587,9,uri:{https://doi.org/10.1093/bioinformatics/btz142},https://doi.org/10.1093/bioinformatics/btz142,References,"""URLs with schemes such as http, https, ftp, sftp, git, magnet"", ""URLs with paths, query Strings, and fragments""","embedded in references, split across lines",,
2101.10587,9,uri:{https://doi.org/10.1093/bioinformatics/btw343},https://doi.org/10.1093/bioinformatics/btw343,References,"""URLs with schemes such as http, https, ftp, sftp, git, magnet"", ""URLs with paths, query Strings, and fragments""",embedded in references,,
2101.10587,9,uri:{https://doi.org/10.1007/978-3-030-45442-5_29},https://doi.org/10.1007/978-3-030-45442-5_29,References,"""URLs with schemes such as http, https, ftp, sftp, git, magnet"", ""URLs with paths, query Strings, and fragments""","embedded in references, split across lines",,
2101.10587,9,uri:{https://academic.oup.com/bioinformatics/article-pdf/36/4/1234/32527770/btz682.pdf},https://academic.oup.com/bioinformatics/article-pdf/36/4/1234/32527770/btz682.pdf,References,"""URLs with schemes such as http, https, ftp, sftp, git, magnet"", URLs with subdomain, ""URLs with paths, query Strings, and fragments""","embedded in references, split across lines",,
2101.10587,9,uri:{https://academic.oup.com/bioinformatics/article-pdf/35/19/3794/30061745/btz142.pdf},https://academic.oup.com/bioinformatics/article-pdf/35/19/3794/30061745/btz142.pdf,References,"""URLs with schemes such as http, https, ftp, sftp, git, magnet"", URLs with subdomain, ""URLs with paths, query Strings, and fragments""","embedded in references, split across lines",,
2101.10587,8,uri:{https://arxiv.org/abs/1808.07699},https://arxiv.org/abs/1808.07699,References,"""URLs with schemes such as http, https, ftp, sftp, git, magnet"", ""URLs with paths, query Strings, and fragments""","embedded in references, split across lines",,
2101.10587,8,uri:{https://arxiv.org/abs/1808.07699},https://arxiv.org/abs/1808.07699,References,"""URLs with schemes such as http, https, ftp, sftp, git, magnet"", ""URLs with paths, query Strings, and fragments""",embedded in references,Hidden in annotation layers,
2101.10587,8,uri:{https://arxiv.org/abs/1508.01991},https://arxiv.org/abs/1508.01991,References,"""URLs with schemes such as http, https, ftp, sftp, git, magnet"", ""URLs with paths, query Strings, and fragments""",embedded in references,,
2101.10587,9,uri:{http://www.akbc.ws/2017/papers/22_paper.pdf},http://www.akbc.ws/2017/papers/22_paper.pdf,References,"""URLs with schemes such as http, https, ftp, sftp, git, magnet"", ""URLs with paths, query Strings, and fragments""",embedded in references,,
2101.10587,9,uri:{http://www.akbc.ws/2017/papers/22_paper.pdf},http://www.akbc.ws/2017/papers/22_paper.pdf,References,"""URLs with schemes such as http, https, ftp, sftp, git, magnet"", ""URLs with paths, query Strings, and fragments""",embedded in references,,
2101.10587,9,uri:{http://www.aclweb.org/anthology/P/P14/P14-5010},http://www.aclweb.org/anthology/P/P14/P14-5010,References,"""URLs with schemes such as http, https, ftp, sftp, git, magnet"", ""URLs with paths, query Strings, and fragments""",embedded in references,,
2101.10587,8,uri:{http://www.aclweb.org/anthology/N16-1150},http://www.aclweb.org/anthology/N16-1150,References,"""URLs with schemes such as http, https, ftp, sftp, git, magnet"", ""URLs with paths, query Strings, and fragments""","embedded in references, split across lines",,
2101.10587,9,uri:{http://proceedings.mlr.press/v85/sachan18a.html},http://proceedings.mlr.press/v85/sachan18a.html,References,"""URLs with schemes such as http, https, ftp, sftp, git, magnet"", URLs with subdomain, ""URLs with paths, query Strings, and fragments""",embedded in references,,
2101.10587,9,uri:{http://papers.nips.cc/paper/7181-attention-is-all-you-need.pdf},http://papers.nips.cc/paper/7181-attention-is-all-you-need.pdf,References,"""URLs with schemes such as http, https, ftp, sftp, git, magnet"", ""URLs with paths, query Strings, and fragments"", URLs with subdomain","embedded in references, split across lines",,
2101.10587,7,uri:{http://bioasq.org},http://bioasq.org,Related Works & Background,"""URLs with schemes such as http, https, ftp, sftp, git, magnet""",embedded in footnotes,,
2101.10587,9,uri:{http://arxiv.org/abs/1911.09787},http://arxiv.org/abs/1911.09787,References,"""URLs with schemes such as http, https, ftp, sftp, git, magnet"", ""URLs with paths, query Strings, and fragments""",embedded in references,,
2101.10587,8,uri:{http://arxiv.org/abs/1508.01991},http://arxiv.org/abs/1508.01991,References,"""URLs with schemes such as http, https, ftp, sftp, git, magnet"", ""URLs with paths, query Strings, and fragments""","embedded in references, split across lines",,
2101.10587,8,uri:{http://arxiv.org/abs/1508.01991},http://arxiv.org/abs/1508.01991,References,"""URLs with schemes such as http, https, ftp, sftp, git, magnet"", ""URLs with paths, query Strings, and fragments""",embedded in references,Hidden in annotation layers,
2101.10777,8,uri:{https://www.youtube.com/watch?v=Wgo_5xnvn8M},https://www.youtube.com/watch?v=Wgo_5xnvn8M,Results and Discussion,"""URLs with schemes such as http, https, ftp, sftp, git, magnet"", ""URLs with paths, query Strings, and fragments""",embedded in footnotes,,
2101.10777,13,uri:{https://github.com/Lyken17/pytorch-OpCounter},https://github.com/Lyken17/pytorch-OpCounter,References,"""URLs with schemes such as http, https, ftp, sftp, git, magnet"", ""URLs with paths, query Strings, and fragments""","split across lines, embedded in references",,
2101.10777,13,uri:{https://github.com/facebookresearch/detectron2},https://github.com/facebookresearch/detectron2,References,"""URLs with schemes such as http, https, ftp, sftp, git, magnet"", ""URLs with paths, query Strings, and fragments""",embedded in references,,
2102.02393,193,uri:{https://www.youtube.com/watch?v=MaRjP5H0vR4},https://www.youtube.com/watch?v=MaRjP5H0vR4,Methodology,"""URLs with schemes such as http, https, ftp, sftp, git, magnet"", ""URLs with paths, query Strings, and fragments""",,Hidden in annotation layers,
2102.02393,240,uri:{https://worthwhile.typepad.com/worthwhile_canadian_initi/2009/01/why-theres-so-little-good-evidence-that-fiscal-or-monetary-policy-works.html},https://worthwhile.typepad.com/worthwhile_canadian_initi/2009/01/why-theres-so-little-good-evidence-that-fiscal-or-monetary-policy-works.html,References,"""URLs with schemes such as http, https, ftp, sftp, git, magnet"", ""URLs with paths, query Strings, and fragments"", URLs with subdomain","split across lines, embedded in references",,
2102.02393,227,uri:{https://wdi.centralesupelec.fr/users/valiron/qplmfps/papers/qs01t3.pdf},https://wdi.centralesupelec.fr/users/valiron/qplmfps/papers/qs01t3.pdf,Conclusions,"""URLs with schemes such as http, https, ftp, sftp, git, magnet"", URLs with subdomain, ""URLs with paths, query Strings, and fragments""",embedded in footnotes,,
2102.02393,167,uri:{https://wdi.centralesupelec.fr/users/valiron/qplmfps/papers/qs01t3.pdf},https://wdi.centralesupelec.fr/users/valiron/qplmfps/papers/qs01t3.pdf,Methodology,"""URLs with schemes such as http, https, ftp, sftp, git, magnet"", URLs with subdomain, ""URLs with paths, query Strings, and fragments""",embedded in footnotes,,
2102.02393,12,uri:{https://wdi.centralesupelec.fr/users/valiron/qplmfps/papers/qs01t3.pdf},https://wdi.centralesupelec.fr/users/valiron/qplmfps/papers/qs01t3.pdf,Introduction,"""URLs with schemes such as http, https, ftp, sftp, git, magnet"", ""URLs with paths, query Strings, and fragments""","split across lines, embedded in references",,
2102.02393,12,uri:{https://github.com/rogercolbeck/LPAssumptions},https://github.com/rogercolbeck/LPAssumptions,Introduction,"""URLs with schemes such as http, https, ftp, sftp, git, magnet"", URLs with subdomain, ""URLs with paths, query Strings, and fragments""",embedded in references,,
2102.02393,184,uri:{https://en.wikipedia.org/wiki/Hat_puzzle},https://en.wikipedia.org/wiki/Hat_puzzle,Methodology,"""URLs with schemes such as http, https, ftp, sftp, git, magnet"", URLs with subdomain, ""URLs with paths, query Strings, and fragments""",,Hidden in annotation layers,
2102.02393,64,uri:{https://en.wikipedia.org/wiki/Hat_puzzle},https://en.wikipedia.org/wiki/Hat_puzzle,Related Works & Background,"""URLs with schemes such as http, https, ftp, sftp, git, magnet"", URLs with subdomain, ""URLs with paths, query Strings, and fragments""",split across lines,Hidden in annotation layers,
2102.02393,103,uri:{http://www-users.york.ac.uk/~rc973/LPAssumptions.html},http://www-users.york.ac.uk/~rc973/LPAssumptions.html,Methodology,"""URLs with schemes such as http, https, ftp, sftp, git, magnet"", URLs with subdomain, URLs with unicode characters, ""URLs with paths, query Strings, and fragments""",,,
2102.02393,234,uri:{http://www-oldurls.inf.ethz.ch/personal/fukudak/lect/pclect/notes2016/},http://www-oldurls.inf.ethz.ch/personal/fukudak/lect/pclect/notes2016/,References,"""URLs with schemes such as http, https, ftp, sftp, git, magnet"", URLs with subdomain, ""URLs with paths, query Strings, and fragments"", URLs with trailing slashes","embedded in references, split across lines",,
2102.04040,5,uri:{https://keithito.com/LJ-Speech-Dataset/},https://keithito.com/LJ-Speech-Dataset/,References,"""URLs with schemes such as http, https, ftp, sftp, git, magnet"", URLs with trailing slashes, ""URLs with paths, query Strings, and fragments""",embedded in references,,
2102.04040,1,uri:{http://arxiv.org/abs/2102.04040v1},http://arxiv.org/abs/2102.04040v1,Header,"""URLs with schemes such as http, https, ftp, sftp, git, magnet"", ""URLs with paths, query Strings, and fragments""",,"Hidden in annotation layers, Hidden in metadata",
2102.04040,1,,https://speechresearch.github.io/lightspeech,Abstract,"""URLs with schemes such as http, https, ftp, sftp, git, magnet"", URLs with subdomain, ""URLs with paths, query Strings, and fragments""",,,
2102.04040,3,,https://github.com/Kyubyong/g2p,Methodology,"""URLs with schemes such as http, https, ftp, sftp, git, magnet"", ""URLs with paths, query Strings, and fragments""",embedded in footnotes,,
2102.07455,5,uri:{https://doi.org/10.1145/3423423.3423433},https://doi.org/10.1145/3423423.3423433,References,"""URLs with schemes such as http, https, ftp, sftp, git, magnet"", ""URLs with paths, query Strings, and fragments""",embedded in references,,
2102.07455,5,uri:{https://doi.org/10.1145/3410992.3411014},https://doi.org/10.1145/3410992.3411014,References,"""URLs with schemes such as http, https, ftp, sftp, git, magnet"", ""URLs with paths, query Strings, and fragments""","split across lines, embedded in references",,
2102.07455,5,uri:{https://doi.org/10.1145/3410992.3411005},https://doi.org/10.1145/3410992.3411005,References,"""URLs with schemes such as http, https, ftp, sftp, git, magnet"", ""URLs with paths, query Strings, and fragments""","split across lines, embedded in references",,
2102.07455,5,uri:{https://doi.org/10.1109/WF-IoT48130.2020.9221276},https://doi.org/10.1109/WF-IoT48130.2020.9221276,References,"""URLs with schemes such as http, https, ftp, sftp, git, magnet"", ""URLs with paths, query Strings, and fragments""",embedded in references,,
2102.07455,5,uri:{http://ceur-ws.org/Vol-2563/aics_29.pdf},http://ceur-ws.org/Vol-2563/aics_29.pdf,References,"""URLs with schemes such as http, https, ftp, sftp, git, magnet"", ""URLs with paths, query Strings, and fragments""",embedded in references,,
2102.07455,5,uri:{http://arxiv.org/abs/1908.07324},http://arxiv.org/abs/1908.07324,References,"""URLs with schemes such as http, https, ftp, sftp, git, magnet"", ""URLs with paths, query Strings, and fragments""","split across lines, embedded in references",,
2102.08510,16,uri:{https://www.usenix.org/jets/issues/0301/stark},https://www.usenix.org/jets/issues/0301/stark,References,"""URLs with schemes such as http, https, ftp, sftp, git, magnet"", ""URLs with paths, query Strings, and fragments""",embedded in references,,
2102.08510,8,uri:{https://github.com/pbstark/SHANGRLA},https://github.com/pbstark/SHANGRLA,Methodology,"""URLs with schemes such as http, https, ftp, sftp, git, magnet"", ""URLs with paths, query Strings, and fragments""",embedded in footnotes,,
2102.08510,13,uri:{https://github.com/michelleblom/primaries},https://github.com/michelleblom/primaries,Methodology,"""URLs with schemes such as http, https, ftp, sftp, git, magnet"", ""URLs with paths, query Strings, and fragments""",,,
2102.08510,8,uri:{https://github.com/michelleblom/primaries},https://github.com/michelleblom/primaries,Methodology,"""URLs with schemes such as http, https, ftp, sftp, git, magnet"", ""URLs with paths, query Strings, and fragments""",embedded in footnotes,,
2102.08510,1,uri:{http://arxiv.org/abs/2102.08510v2},http://arxiv.org/abs/2102.08510v2,Header,"""URLs with schemes such as http, https, ftp, sftp, git, magnet"", ""URLs with paths, query Strings, and fragments""",,"Hidden in annotation layers, Hidden in metadata",
2102.08510,16,uri:{http://arxiv.org/abs/1903.08804},http://arxiv.org/abs/1903.08804,References,"""URLs with schemes such as http, https, ftp, sftp, git, magnet"", ""URLs with paths, query Strings, and fragments""",embedded in references,,
2102.08510,13,,www.thegreenpapers.com/P20,Methodology,"""URLs with schemes such as http, https, ftp, sftp, git, magnet"", ""URLs with paths, query Strings, and fragments""",embedded in footnotes,,
2102.11153,2,uri:{https://www.skatelescope.org/},https://www.skatelescope.org/,Methodology,"URLs with trailing slashes, ""URLs with schemes such as http, https, ftp, sftp, git, magnet""",embedded in footnotes,Hidden in annotation layers,
2102.11153,5,uri:{https://pylians3.readthedocs.io/en/master/Bk.html},https://pylians3.readthedocs.io/en/master/Bk.html,Methodology,"""URLs with schemes such as http, https, ftp, sftp, git, magnet"", URLs with subdomain, ""URLs with paths, query Strings, and fragments""",embedded in footnotes,Hidden in annotation layers,
2102.11153,5,uri:{https://bitbucket.org/caw11/bifft/src/master/},https://bitbucket.org/caw11/bifft/src/master/,Methodology,"""URLs with schemes such as http, https, ftp, sftp, git, magnet"", ""URLs with paths, query Strings, and fragments"", URLs with trailing slashes",embedded in footnotes,Hidden in annotation layers,
2102.11153,15,uri:{http://doi.org/10.5281/zenodo.438045},http://doi.org/10.5281/zenodo.438045,References,"""URLs with schemes such as http, https, ftp, sftp, git, magnet"", ""URLs with paths, query Strings, and fragments""",embedded in references,,
2102.11153,16,uri:{https://ui.adsabs.harvard.edu/abs/2019arXiv190407155A},https://ui.adsabs.harvard.edu/abs/2019arXiv190407155A,References,"""URLs with schemes such as http, https, ftp, sftp, git, magnet"", URLs with subdomain, ""URLs with paths, query Strings, and fragments""",embedded in references,Hidden in annotation layers,
2102.11153,16,uri:{https://ui.adsabs.harvard.edu/abs/2013MNRAS.434.1239B},https://ui.adsabs.harvard.edu/abs/2013MNRAS.434.1239B,References,"""URLs with schemes such as http, https, ftp, sftp, git, magnet"", URLs with subdomain, ""URLs with paths, query Strings, and fragments""",embedded in references,Hidden in annotation layers,
2102.11153,16,uri:{https://ui.adsabs.harvard.edu/abs/1982ApJ...259..474F},https://ui.adsabs.harvard.edu/abs/1982ApJ...259..474F,References,"""URLs with schemes such as http, https, ftp, sftp, git, magnet"", URLs with subdomain, ""URLs with paths, query Strings, and fragments""",embedded in references,Hidden in annotation layers,
2102.11153,16,uri:{https://ui.adsabs.harvard.edu/abs/1975ApJ...196....1P},https://ui.adsabs.harvard.edu/abs/1975ApJ...196....1P,References,"""URLs with schemes such as http, https, ftp, sftp, git, magnet"", URLs with subdomain, ""URLs with paths, query Strings, and fragments""",embedded in references,Hidden in annotation layers,
2102.11153,16,uri:{https://doi.org/10.5281/zenodo.3991818},https://doi.org/10.5281/zenodo.3991818,References,"""URLs with schemes such as http, https, ftp, sftp, git, magnet"", ""URLs with paths, query Strings, and fragments""",embedded in references,,
2102.11153,16,uri:{http://www.scipy.org/},http://www.scipy.org/,References,"URLs with trailing slashes, ""URLs with schemes such as http, https, ftp, sftp, git, magnet""",embedded in references,,
2102.11153,16,uri:{http://dx.doi.org/10.5281/zenodo.3991818},http://dx.doi.org/10.5281/zenodo.3991818,References,"""URLs with schemes such as http, https, ftp, sftp, git, magnet"", URLs with subdomain, ""URLs with paths, query Strings, and fragments""",embedded in references,Hidden in annotation layers,
2102.11153,16,uri:{http://dx.doi.org/10.3847/1538-4357/aa63e7},http://dx.doi.org/10.3847/1538-4357/aa63e7,References,"""URLs with schemes such as http, https, ftp, sftp, git, magnet"", URLs with subdomain, ""URLs with paths, query Strings, and fragments""",embedded in references,Hidden in annotation layers,
2102.11153,16,uri:{http://dx.doi.org/10.3847/0067-0049/222/2/22},http://dx.doi.org/10.3847/0067-0049/222/2/22,References,"""URLs with schemes such as http, https, ftp, sftp, git, magnet"", URLs with subdomain, ""URLs with paths, query Strings, and fragments""",embedded in references,Hidden in annotation layers,
2102.11153,16,uri:{http://dx.doi.org/10.22323/1.277.0037},http://dx.doi.org/10.22323/1.277.0037,References,"""URLs with schemes such as http, https, ftp, sftp, git, magnet"", URLs with subdomain, ""URLs with paths, query Strings, and fragments""",embedded in references,Hidden in annotation layers,
2102.11153,16,uri:{http://dx.doi.org/10.1111/j.1365-2966.2009.15313.x},http://dx.doi.org/10.1111/j.1365-2966.2009.15313.x,References,"""URLs with schemes such as http, https, ftp, sftp, git, magnet"", URLs with subdomain, ""URLs with paths, query Strings, and fragments""",embedded in references,Hidden in annotation layers,
2102.11153,16,uri:{http://dx.doi.org/10.1111/j.1365-2966.2009.14389.x},http://dx.doi.org/10.1111/j.1365-2966.2009.14389.x,References,"""URLs with schemes such as http, https, ftp, sftp, git, magnet"", URLs with subdomain, ""URLs with paths, query Strings, and fragments""",embedded in references,Hidden in annotation layers,
2102.11153,16,uri:{http://dx.doi.org/10.1111/j.1365-2966.2007.11872.x},http://dx.doi.org/10.1111/j.1365-2966.2007.11872.x,References,"""URLs with schemes such as http, https, ftp, sftp, git, magnet"", URLs with subdomain, ""URLs with paths, query Strings, and fragments""",embedded in references,Hidden in annotation layers,
2102.11153,16,uri:{http://dx.doi.org/10.1111/j.1365-2966.2004.08416.x},http://dx.doi.org/10.1111/j.1365-2966.2004.08416.x,References,"""URLs with schemes such as http, https, ftp, sftp, git, magnet"", URLs with subdomain, ""URLs with paths, query Strings, and fragments""",embedded in references,Hidden in annotation layers,
2102.11153,16,uri:{http://dx.doi.org/10.1111/j.1365-2966.2004.08017.x},http://dx.doi.org/10.1111/j.1365-2966.2004.08017.x,References,"""URLs with schemes such as http, https, ftp, sftp, git, magnet"", URLs with subdomain, ""URLs with paths, query Strings, and fragments""",embedded in references,Hidden in annotation layers,
2102.11153,16,uri:{http://dx.doi.org/10.1103/PhysRevLett.73.215},http://dx.doi.org/10.1103/PhysRevLett.73.215,References,"""URLs with schemes such as http, https, ftp, sftp, git, magnet"", URLs with subdomain, ""URLs with paths, query Strings, and fragments""",embedded in references,Hidden in annotation layers,
2102.11153,16,uri:{http://dx.doi.org/10.1103/PhysRevLett.100.091303},http://dx.doi.org/10.1103/PhysRevLett.100.091303,References,"""URLs with schemes such as http, https, ftp, sftp, git, magnet"", URLs with subdomain, ""URLs with paths, query Strings, and fragments""",embedded in references,Hidden in annotation layers,
2102.11153,16,uri:{http://dx.doi.org/10.1103/PhysRevD.93.083517},http://dx.doi.org/10.1103/PhysRevD.93.083517,References,"""URLs with schemes such as http, https, ftp, sftp, git, magnet"", URLs with subdomain, ""URLs with paths, query Strings, and fragments""","embedded in references, split across lines",Hidden in annotation layers,
2102.11153,16,uri:{http://dx.doi.org/10.1103/PhysRevD.92.083532},http://dx.doi.org/10.1103/PhysRevD.92.083532,References,"""URLs with schemes such as http, https, ftp, sftp, git, magnet"", URLs with subdomain, ""URLs with paths, query Strings, and fragments""",embedded in references,Hidden in annotation layers,
2102.11153,16,uri:{http://dx.doi.org/10.1103/PhysRevD.91.083514},http://dx.doi.org/10.1103/PhysRevD.91.083514,References,"""URLs with schemes such as http, https, ftp, sftp, git, magnet"", URLs with subdomain, ""URLs with paths, query Strings, and fragments""","embedded in references, split across lines",Hidden in annotation layers,
2102.11153,16,uri:{http://dx.doi.org/10.1103/PhysRevD.86.083540},http://dx.doi.org/10.1103/PhysRevD.86.083540,References,"""URLs with schemes such as http, https, ftp, sftp, git, magnet"", URLs with subdomain, ""URLs with paths, query Strings, and fragments""",embedded in references,Hidden in annotation layers,
2102.11153,16,uri:{http://dx.doi.org/10.1103/PhysRevD.85.083509},http://dx.doi.org/10.1103/PhysRevD.85.083509,References,"""URLs with schemes such as http, https, ftp, sftp, git, magnet"", URLs with subdomain, ""URLs with paths, query Strings, and fragments""",embedded in references,Hidden in annotation layers,
2102.11153,16,uri:{http://dx.doi.org/10.1103/PhysRevD.83.103006},http://dx.doi.org/10.1103/PhysRevD.83.103006,References,"""URLs with schemes such as http, https, ftp, sftp, git, magnet"", URLs with subdomain, ""URLs with paths, query Strings, and fragments""",embedded in references,Hidden in annotation layers,
2102.11153,16,uri:{http://dx.doi.org/10.1103/PhysRevD.74.023522},http://dx.doi.org/10.1103/PhysRevD.74.023522,References,"""URLs with schemes such as http, https, ftp, sftp, git, magnet"", URLs with subdomain, ""URLs with paths, query Strings, and fragments""",embedded in references,Hidden in annotation layers,
2102.11153,16,uri:{http://dx.doi.org/10.1103/PhysRevD.72.043529},http://dx.doi.org/10.1103/PhysRevD.72.043529,References,"""URLs with schemes such as http, https, ftp, sftp, git, magnet"", URLs with subdomain, ""URLs with paths, query Strings, and fragments""",embedded in references,Hidden in annotation layers,
2102.11153,16,uri:{http://dx.doi.org/10.1103/PhysRevD.100.123522},http://dx.doi.org/10.1103/PhysRevD.100.123522,References,"""URLs with schemes such as http, https, ftp, sftp, git, magnet"", URLs with subdomain, ""URLs with paths, query Strings, and fragments""",embedded in references,Hidden in annotation layers,
2102.11153,16,uri:{http://dx.doi.org/10.1093/mnras/stz2799},http://dx.doi.org/10.1093/mnras/stz2799,References,"""URLs with schemes such as http, https, ftp, sftp, git, magnet"", URLs with subdomain, ""URLs with paths, query Strings, and fragments""",embedded in references,Hidden in annotation layers,
2102.11153,16,uri:{http://dx.doi.org/10.1093/mnras/stz1916},http://dx.doi.org/10.1093/mnras/stz1916,References,"""URLs with schemes such as http, https, ftp, sftp, git, magnet"", URLs with subdomain, ""URLs with paths, query Strings, and fragments""",embedded in references,Hidden in annotation layers,
2102.11153,16,uri:{http://dx.doi.org/10.1093/mnras/sty535},http://dx.doi.org/10.1093/mnras/sty535,References,"""URLs with schemes such as http, https, ftp, sftp, git, magnet"", URLs with subdomain, ""URLs with paths, query Strings, and fragments""",embedded in references,Hidden in annotation layers,
2102.11153,16,uri:{http://dx.doi.org/10.1093/mnras/sty346},http://dx.doi.org/10.1093/mnras/sty346,References,"""URLs with schemes such as http, https, ftp, sftp, git, magnet"", URLs with subdomain, ""URLs with paths, query Strings, and fragments""",embedded in references,Hidden in annotation layers,
2102.11153,16,uri:{http://dx.doi.org/10.1093/mnras/sty1495},http://dx.doi.org/10.1093/mnras/sty1495,References,"""URLs with schemes such as http, https, ftp, sftp, git, magnet"", URLs with subdomain, ""URLs with paths, query Strings, and fragments""",embedded in references,Hidden in annotation layers,
2102.11153,16,uri:{http://dx.doi.org/10.1093/mnras/sty1266},http://dx.doi.org/10.1093/mnras/sty1266,References,"""URLs with schemes such as http, https, ftp, sftp, git, magnet"", URLs with subdomain, ""URLs with paths, query Strings, and fragments""",embedded in references,Hidden in annotation layers,
2102.11153,16,uri:{http://dx.doi.org/10.1093/mnras/stx2662},http://dx.doi.org/10.1093/mnras/stx2662,References,"""URLs with schemes such as http, https, ftp, sftp, git, magnet"", URLs with subdomain, ""URLs with paths, query Strings, and fragments""",embedded in references,Hidden in annotation layers,
2102.11153,16,uri:{http://dx.doi.org/10.1093/mnras/stw482},http://dx.doi.org/10.1093/mnras/stw482,References,"""URLs with schemes such as http, https, ftp, sftp, git, magnet"", URLs with subdomain, ""URLs with paths, query Strings, and fragments""",embedded in references,Hidden in annotation layers,
2102.11153,16,uri:{http://dx.doi.org/10.1093/mnras/stw2679},http://dx.doi.org/10.1093/mnras/stw2679,References,"""URLs with schemes such as http, https, ftp, sftp, git, magnet"", URLs with subdomain, ""URLs with paths, query Strings, and fragments""",embedded in references,Hidden in annotation layers,
2102.11153,16,uri:{http://dx.doi.org/10.1093/mnras/stw248},http://dx.doi.org/10.1093/mnras/stw248,References,"""URLs with schemes such as http, https, ftp, sftp, git, magnet"", URLs with subdomain, ""URLs with paths, query Strings, and fragments""",embedded in references,Hidden in annotation layers,
2102.11153,16,uri:{http://dx.doi.org/10.1093/mnras/stw1229},http://dx.doi.org/10.1093/mnras/stw1229,References,"""URLs with schemes such as http, https, ftp, sftp, git, magnet"", URLs with subdomain, ""URLs with paths, query Strings, and fragments""",embedded in references,Hidden in annotation layers,
2102.11153,16,uri:{http://dx.doi.org/10.1093/mnras/stv961},http://dx.doi.org/10.1093/mnras/stv961,References,"""URLs with schemes such as http, https, ftp, sftp, git, magnet"", URLs with subdomain, ""URLs with paths, query Strings, and fragments""",embedded in references,Hidden in annotation layers,
2102.11153,16,uri:{http://dx.doi.org/10.1093/mnras/stu2474},http://dx.doi.org/10.1093/mnras/stu2474,References,"""URLs with schemes such as http, https, ftp, sftp, git, magnet"", URLs with subdomain, ""URLs with paths, query Strings, and fragments""",embedded in references,Hidden in annotation layers,
2102.11153,16,uri:{http://dx.doi.org/10.1093/mnras/stu1666},http://dx.doi.org/10.1093/mnras/stu1666,References,"""URLs with schemes such as http, https, ftp, sftp, git, magnet"", URLs with subdomain, ""URLs with paths, query Strings, and fragments""",embedded in references,Hidden in annotation layers,
2102.11153,16,uri:{http://dx.doi.org/10.1093/mnras/stt520},http://dx.doi.org/10.1093/mnras/stt520,References,"""URLs with schemes such as http, https, ftp, sftp, git, magnet"", URLs with subdomain, ""URLs with paths, query Strings, and fragments""",embedded in references,Hidden in annotation layers,
2102.11153,16,uri:{http://dx.doi.org/10.1093/mnras/stt1082},http://dx.doi.org/10.1093/mnras/stt1082,References,"""URLs with schemes such as http, https, ftp, sftp, git, magnet"", URLs with subdomain, ""URLs with paths, query Strings, and fragments""",embedded in references,Hidden in annotation layers,
2102.11153,16,uri:{http://dx.doi.org/10.1093/mnras/staa3856},http://dx.doi.org/10.1093/mnras/staa3856,References,"""URLs with schemes such as http, https, ftp, sftp, git, magnet"", URLs with subdomain, ""URLs with paths, query Strings, and fragments""",embedded in references,Hidden in annotation layers,
2102.11153,16,uri:{http://dx.doi.org/10.1093/mnras/staa3168},http://dx.doi.org/10.1093/mnras/staa3168,References,"""URLs with schemes such as http, https, ftp, sftp, git, magnet"", URLs with subdomain, ""URLs with paths, query Strings, and fragments""",embedded in references,Hidden in annotation layers,
2102.11153,16,uri:{http://dx.doi.org/10.1093/mnras/staa2986},http://dx.doi.org/10.1093/mnras/staa2986,References,"""URLs with schemes such as http, https, ftp, sftp, git, magnet"", URLs with subdomain, ""URLs with paths, query Strings, and fragments""",embedded in references,Hidden in annotation layers,
2102.11153,16,uri:{http://dx.doi.org/10.1093/mnras/staa2854},http://dx.doi.org/10.1093/mnras/staa2854,References,"""URLs with schemes such as http, https, ftp, sftp, git, magnet"", URLs with subdomain, ""URLs with paths, query Strings, and fragments""",embedded in references,Hidden in annotation layers,
2102.11153,16,uri:{http://dx.doi.org/10.1093/mnras/staa279},http://dx.doi.org/10.1093/mnras/staa279,References,"""URLs with schemes such as http, https, ftp, sftp, git, magnet"", URLs with subdomain, ""URLs with paths, query Strings, and fragments""",embedded in references,Hidden in annotation layers,
2102.11153,16,uri:{http://dx.doi.org/10.1093/mnras/staa2548},http://dx.doi.org/10.1093/mnras/staa2548,References,"""URLs with schemes such as http, https, ftp, sftp, git, magnet"", URLs with subdomain, ""URLs with paths, query Strings, and fragments""",embedded in references,Hidden in annotation layers,
2102.11153,16,uri:{http://dx.doi.org/10.1093/mnras/staa1524},http://dx.doi.org/10.1093/mnras/staa1524,References,"""URLs with schemes such as http, https, ftp, sftp, git, magnet"", URLs with subdomain, ""URLs with paths, query Strings, and fragments""",embedded in references,Hidden in annotation layers,
2102.11153,16,uri:{http://dx.doi.org/10.1093/mnras/290.4.651},http://dx.doi.org/10.1093/mnras/290.4.651,References,"""URLs with schemes such as http, https, ftp, sftp, git, magnet"", URLs with subdomain, ""URLs with paths, query Strings, and fragments""",embedded in references,Hidden in annotation layers,
2102.11153,16,uri:{http://dx.doi.org/10.1093/mnras/156.1.1P},http://dx.doi.org/10.1093/mnras/156.1.1P,References,"""URLs with schemes such as http, https, ftp, sftp, git, magnet"", URLs with subdomain, ""URLs with paths, query Strings, and fragments""",embedded in references,Hidden in annotation layers,
2102.11153,16,uri:{http://dx.doi.org/10.1088/2041-8205/763/1/L20},http://dx.doi.org/10.1088/2041-8205/763/1/L20,References,"""URLs with schemes such as http, https, ftp, sftp, git, magnet"", URLs with subdomain, ""URLs with paths, query Strings, and fragments""",embedded in references,Hidden in annotation layers,
2102.11153,16,uri:{http://dx.doi.org/10.1088/1475-7516/2020/12/003},http://dx.doi.org/10.1088/1475-7516/2020/12/003,References,"""URLs with schemes such as http, https, ftp, sftp, git, magnet"", URLs with subdomain, ""URLs with paths, query Strings, and fragments""",embedded in references,Hidden in annotation layers,
2102.11153,16,uri:{http://dx.doi.org/10.1088/1475-7516/2020/11/052},http://dx.doi.org/10.1088/1475-7516/2020/11/052,References,"""URLs with schemes such as http, https, ftp, sftp, git, magnet"", URLs with subdomain, ""URLs with paths, query Strings, and fragments""",embedded in references,Hidden in annotation layers,
2102.11153,16,uri:{http://dx.doi.org/10.1088/1475-7516/2019/09/024},http://dx.doi.org/10.1088/1475-7516/2019/09/024,References,"""URLs with schemes such as http, https, ftp, sftp, git, magnet"", URLs with subdomain, ""URLs with paths, query Strings, and fragments""",embedded in references,Hidden in annotation layers,
2102.11153,16,uri:{http://dx.doi.org/10.1088/1475-7516/2019/06/025},http://dx.doi.org/10.1088/1475-7516/2019/06/025,References,"""URLs with schemes such as http, https, ftp, sftp, git, magnet"", URLs with subdomain, ""URLs with paths, query Strings, and fragments""",embedded in references,Hidden in annotation layers,
2102.11153,16,uri:{http://dx.doi.org/10.1088/1475-7516/2015/10/039},http://dx.doi.org/10.1088/1475-7516/2015/10/039,References,"""URLs with schemes such as http, https, ftp, sftp, git, magnet"", URLs with subdomain, ""URLs with paths, query Strings, and fragments""",embedded in references,Hidden in annotation layers,
2102.11153,16,uri:{http://dx.doi.org/10.1088/1475-7516/2014/12/029},http://dx.doi.org/10.1088/1475-7516/2014/12/029,References,"""URLs with schemes such as http, https, ftp, sftp, git, magnet"", URLs with subdomain, ""URLs with paths, query Strings, and fragments""",embedded in references,Hidden in annotation layers,
2102.11153,16,uri:{http://dx.doi.org/10.1088/1475-7516/2011/07/034},http://dx.doi.org/10.1088/1475-7516/2011/07/034,References,"""URLs with schemes such as http, https, ftp, sftp, git, magnet"", URLs with subdomain, ""URLs with paths, query Strings, and fragments""",embedded in references,Hidden in annotation layers,
2102.11153,16,uri:{http://dx.doi.org/10.1088/0034-4885/75/8/086901},http://dx.doi.org/10.1088/0034-4885/75/8/086901,References,"""URLs with schemes such as http, https, ftp, sftp, git, magnet"", URLs with subdomain, ""URLs with paths, query Strings, and fragments""",embedded in references,Hidden in annotation layers,
2102.11153,16,uri:{http://dx.doi.org/10.1088/0004-637X/737/2/97},http://dx.doi.org/10.1088/0004-637X/737/2/97,References,"""URLs with schemes such as http, https, ftp, sftp, git, magnet"", URLs with subdomain, ""URLs with paths, query Strings, and fragments""",embedded in references,Hidden in annotation layers,
2102.11153,16,uri:{http://dx.doi.org/10.1086/517963},http://dx.doi.org/10.1086/517963,References,"""URLs with schemes such as http, https, ftp, sftp, git, magnet"", URLs with subdomain, ""URLs with paths, query Strings, and fragments""",embedded in references,Hidden in annotation layers,
2102.11153,16,uri:{http://dx.doi.org/10.1086/505417},http://dx.doi.org/10.1086/505417,References,"""URLs with schemes such as http, https, ftp, sftp, git, magnet"", URLs with subdomain, ""URLs with paths, query Strings, and fragments""",embedded in references,Hidden in annotation layers,
2102.11153,16,uri:{http://dx.doi.org/10.1086/427087},http://dx.doi.org/10.1086/427087,References,"""URLs with schemes such as http, https, ftp, sftp, git, magnet"", URLs with subdomain, ""URLs with paths, query Strings, and fragments""",embedded in references,Hidden in annotation layers,
2102.11153,16,uri:{http://dx.doi.org/10.1086/383343},http://dx.doi.org/10.1086/383343,References,"""URLs with schemes such as http, https, ftp, sftp, git, magnet"", URLs with subdomain, ""URLs with paths, query Strings, and fragments""",embedded in references,Hidden in annotation layers,
2102.11153,16,uri:{http://dx.doi.org/10.1086/318284},http://dx.doi.org/10.1086/318284,References,"""URLs with schemes such as http, https, ftp, sftp, git, magnet"", URLs with subdomain, ""URLs with paths, query Strings, and fragments""","embedded in references, split across lines",Hidden in annotation layers,
2102.11153,16,uri:{http://dx.doi.org/10.1086/317248},http://dx.doi.org/10.1086/317248,References,"""URLs with schemes such as http, https, ftp, sftp, git, magnet"", URLs with subdomain, ""URLs with paths, query Strings, and fragments""",embedded in references,Hidden in annotation layers,
2102.11153,16,uri:{http://dx.doi.org/10.1086/312195},http://dx.doi.org/10.1086/312195,References,"""URLs with schemes such as http, https, ftp, sftp, git, magnet"", URLs with subdomain, ""URLs with paths, query Strings, and fragments""",embedded in references,Hidden in annotation layers,
2102.11153,16,uri:{http://dx.doi.org/10.1086/309179},http://dx.doi.org/10.1086/309179,References,"""URLs with schemes such as http, https, ftp, sftp, git, magnet"", URLs with subdomain, ""URLs with paths, query Strings, and fragments""",embedded in references,Hidden in annotation layers,
2102.11153,16,uri:{http://dx.doi.org/10.1086/307220},http://dx.doi.org/10.1086/307220,References,"""URLs with schemes such as http, https, ftp, sftp, git, magnet"", URLs with subdomain, ""URLs with paths, query Strings, and fragments""",embedded in references,Hidden in annotation layers,
2102.11153,16,uri:{http://dx.doi.org/10.1086/305997},http://dx.doi.org/10.1086/305997,References,"""URLs with schemes such as http, https, ftp, sftp, git, magnet"", URLs with subdomain, ""URLs with paths, query Strings, and fragments""",embedded in references,Hidden in annotation layers,
2102.11153,16,uri:{http://dx.doi.org/10.1086/173015},http://dx.doi.org/10.1086/173015,References,"""URLs with schemes such as http, https, ftp, sftp, git, magnet"", URLs with subdomain, ""URLs with paths, query Strings, and fragments""",embedded in references,Hidden in annotation layers,
2102.11153,16,uri:{http://dx.doi.org/10.1086/160184},http://dx.doi.org/10.1086/160184,References,"""URLs with schemes such as http, https, ftp, sftp, git, magnet"", URLs with subdomain, ""URLs with paths, query Strings, and fragments""",embedded in references,Hidden in annotation layers,
2102.11153,16,uri:{http://dx.doi.org/10.1086/155588},http://dx.doi.org/10.1086/155588,References,"""URLs with schemes such as http, https, ftp, sftp, git, magnet"", URLs with subdomain, ""URLs with paths, query Strings, and fragments""",embedded in references,Hidden in annotation layers,
2102.11153,16,uri:{http://dx.doi.org/10.1086/153390},http://dx.doi.org/10.1086/153390,References,"""URLs with schemes such as http, https, ftp, sftp, git, magnet"", URLs with subdomain, ""URLs with paths, query Strings, and fragments""",embedded in references,Hidden in annotation layers,
2102.11153,16,uri:{http://dx.doi.org/10.1051/0004-6361/202038071},http://dx.doi.org/10.1051/0004-6361/202038071,References,"""URLs with schemes such as http, https, ftp, sftp, git, magnet"", URLs with subdomain, ""URLs with paths, query Strings, and fragments""",embedded in references,Hidden in annotation layers,
2102.11153,16,uri:{http://dx.doi.org/10.1051/0004-6361/201833910},http://dx.doi.org/10.1051/0004-6361/201833910,References,"""URLs with schemes such as http, https, ftp, sftp, git, magnet"", URLs with subdomain, ""URLs with paths, query Strings, and fragments""",embedded in references,Hidden in annotation layers,
2102.11153,16,uri:{http://dx.doi.org/10.1051/0004-6361/201525830},http://dx.doi.org/10.1051/0004-6361/201525830,References,"""URLs with schemes such as http, https, ftp, sftp, git, magnet"", URLs with subdomain, ""URLs with paths, query Strings, and fragments""",embedded in references,Hidden in annotation layers,
2102.11153,16,uri:{http://dx.doi.org/10.1046/j.1365-8711.2003.06439.x},http://dx.doi.org/10.1046/j.1365-8711.2003.06439.x,References,"""URLs with schemes such as http, https, ftp, sftp, git, magnet"", URLs with subdomain, ""URLs with paths, query Strings, and fragments""",embedded in references,Hidden in annotation layers,
2102.11153,16,uri:{http://dx.doi.org/10.1046/j.1365-8711.1998.02052.x},http://dx.doi.org/10.1046/j.1365-8711.1998.02052.x,References,"""URLs with schemes such as http, https, ftp, sftp, git, magnet"", URLs with subdomain, ""URLs with paths, query Strings, and fragments""",embedded in references,Hidden in annotation layers,
2102.11153,16,uri:{http://dx.doi.org/10.1046/j.1365-8711.1998.01053.x},http://dx.doi.org/10.1046/j.1365-8711.1998.01053.x,References,"""URLs with schemes such as http, https, ftp, sftp, git, magnet"", URLs with subdomain, ""URLs with paths, query Strings, and fragments""",embedded in references,Hidden in annotation layers,
2102.11153,16,uri:{http://dx.doi.org/10.1038/nature25792},http://dx.doi.org/10.1038/nature25792,References,"""URLs with schemes such as http, https, ftp, sftp, git, magnet"", URLs with subdomain, ""URLs with paths, query Strings, and fragments""",embedded in references,Hidden in annotation layers,
2102.11153,16,uri:{http://dx.doi.org/10.1017/pasa.2019.51},http://dx.doi.org/10.1017/pasa.2019.51,References,"""URLs with schemes such as http, https, ftp, sftp, git, magnet"", URLs with subdomain, ""URLs with paths, query Strings, and fragments""",embedded in references,Hidden in annotation layers,
2102.11153,16,uri:{http://dx.doi.org/10.1016/S0370-1573(02)00135-7},http://dx.doi.org/10.1016/S0370-1573(02)00135-7,References,"""URLs with schemes such as http, https, ftp, sftp, git, magnet"", URLs with subdomain, ""URLs with paths, query Strings, and fragments""",embedded in references,Hidden in annotation layers,
2102.11153,16,uri:{http://dx.doi.org/10.1007/BF02933588},http://dx.doi.org/10.1007/BF02933588,References,"""URLs with schemes such as http, https, ftp, sftp, git, magnet"", URLs with subdomain, ""URLs with paths, query Strings, and fragments""",embedded in references,Hidden in annotation layers,
2102.11153,16,uri:{http://arxiv.org/abs/2012.11616},http://arxiv.org/abs/2012.11616,References,"""URLs with schemes such as http, https, ftp, sftp, git, magnet"", ""URLs with paths, query Strings, and fragments""",embedded in references,Hidden in annotation layers,
2102.11153,16,uri:{http://arxiv.org/abs/2011.10815},http://arxiv.org/abs/2011.10815,References,"""URLs with schemes such as http, https, ftp, sftp, git, magnet"", ""URLs with paths, query Strings, and fragments""",embedded in references,Hidden in annotation layers,
2102.11153,16,uri:{http://arxiv.org/abs/2010.09579},http://arxiv.org/abs/2010.09579,References,"""URLs with schemes such as http, https, ftp, sftp, git, magnet"", ""URLs with paths, query Strings, and fragments""",embedded in references,Hidden in annotation layers,
2102.11153,16,uri:{http://arxiv.org/abs/2010.02907},http://arxiv.org/abs/2010.02907,References,"""URLs with schemes such as http, https, ftp, sftp, git, magnet"", ""URLs with paths, query Strings, and fragments""",embedded in references,Hidden in annotation layers,
2102.11153,16,uri:{http://arxiv.org/abs/2009.06197},http://arxiv.org/abs/2009.06197,References,"""URLs with schemes such as http, https, ftp, sftp, git, magnet"", ""URLs with paths, query Strings, and fragments""",embedded in references,Hidden in annotation layers,
2102.11153,16,uri:{http://arxiv.org/abs/1709.06099},http://arxiv.org/abs/1709.06099,References,"""URLs with schemes such as http, https, ftp, sftp, git, magnet"", ""URLs with paths, query Strings, and fragments""",embedded in references,Hidden in annotation layers,
2102.11153,16,uri:{http://arxiv.org/abs/1611.00036},http://arxiv.org/abs/1611.00036,References,"""URLs with schemes such as http, https, ftp, sftp, git, magnet"", ""URLs with paths, query Strings, and fragments""",embedded in references,Hidden in annotation layers,
2102.11153,16,uri:{http://arxiv.org/abs/1104.2932},http://arxiv.org/abs/1104.2932,References,"""URLs with schemes such as http, https, ftp, sftp, git, magnet"", ""URLs with paths, query Strings, and fragments""",embedded in references,Hidden in annotation layers,
2102.11153,16,uri:{http://adsabs.harvard.edu/abs/2003MNRAS.341..369D},http://adsabs.harvard.edu/abs/2003MNRAS.341..369D,References,"""URLs with schemes such as http, https, ftp, sftp, git, magnet"", URLs with subdomain, ""URLs with paths, query Strings, and fragments""",embedded in references,Hidden in annotation layers,
2102.11153,17,uri:{http://www.skiesanduniverses.org/page/page-3/page-22/},http://www.skiesanduniverses.org/page/page-3/page-22/,References,"""URLs with schemes such as http, https, ftp, sftp, git, magnet"", ""URLs with paths, query Strings, and fragments"", URLs with trailing slashes",embedded in references,Hidden in annotation layers,
2102.11153,17,uri:{http://dx.doi.org/10.3847/1538-4357/aadba0},http://dx.doi.org/10.3847/1538-4357/aadba0,References,"""URLs with schemes such as http, https, ftp, sftp, git, magnet"", URLs with subdomain, ""URLs with paths, query Strings, and fragments""",embedded in references,Hidden in annotation layers,
2102.11153,17,uri:{http://dx.doi.org/10.1111/j.1365-2966.2007.12631.x},http://dx.doi.org/10.1111/j.1365-2966.2007.12631.x,References,"""URLs with schemes such as http, https, ftp, sftp, git, magnet"", URLs with subdomain, ""URLs with paths, query Strings, and fragments""",embedded in references,Hidden in annotation layers,
2102.11153,17,uri:{http://dx.doi.org/10.1103/PhysRevD.82.063522},http://dx.doi.org/10.1103/PhysRevD.82.063522,References,"""URLs with schemes such as http, https, ftp, sftp, git, magnet"", URLs with subdomain, ""URLs with paths, query Strings, and fragments""",embedded in references,Hidden in annotation layers,
2102.11153,17,uri:{http://dx.doi.org/10.1093/mnrasl/slt074},http://dx.doi.org/10.1093/mnrasl/slt074,References,"""URLs with schemes such as http, https, ftp, sftp, git, magnet"", URLs with subdomain, ""URLs with paths, query Strings, and fragments""",embedded in references,Hidden in annotation layers,
2102.11153,17,uri:{http://dx.doi.org/10.1093/mnras/sty3143},http://dx.doi.org/10.1093/mnras/sty3143,References,"""URLs with schemes such as http, https, ftp, sftp, git, magnet"", URLs with subdomain, ""URLs with paths, query Strings, and fragments""",embedded in references,Hidden in annotation layers,
2102.11153,17,uri:{http://dx.doi.org/10.1093/mnras/stx2130},http://dx.doi.org/10.1093/mnras/stx2130,References,"""URLs with schemes such as http, https, ftp, sftp, git, magnet"", URLs with subdomain, ""URLs with paths, query Strings, and fragments""",embedded in references,Hidden in annotation layers,
2102.11153,17,uri:{http://dx.doi.org/10.1093/mnras/stw2901},http://dx.doi.org/10.1093/mnras/stw2901,References,"""URLs with schemes such as http, https, ftp, sftp, git, magnet"", URLs with subdomain, ""URLs with paths, query Strings, and fragments""",embedded in references,Hidden in annotation layers,
2102.11153,17,uri:{http://dx.doi.org/10.1093/mnras/stw2556},http://dx.doi.org/10.1093/mnras/stw2556,References,"""URLs with schemes such as http, https, ftp, sftp, git, magnet"", URLs with subdomain, ""URLs with paths, query Strings, and fragments""",embedded in references,Hidden in annotation layers,
2102.11153,17,uri:{http://dx.doi.org/10.1093/mnras/stv855},http://dx.doi.org/10.1093/mnras/stv855,References,"""URLs with schemes such as http, https, ftp, sftp, git, magnet"", URLs with subdomain, ""URLs with paths, query Strings, and fragments""",embedded in references,Hidden in annotation layers,
2102.11153,17,uri:{http://dx.doi.org/10.1093/mnras/stu792},http://dx.doi.org/10.1093/mnras/stu792,References,"""URLs with schemes such as http, https, ftp, sftp, git, magnet"", URLs with subdomain, ""URLs with paths, query Strings, and fragments""",embedded in references,Hidden in annotation layers,
2102.11153,17,uri:{http://dx.doi.org/10.1093/mnras/stab027},http://dx.doi.org/10.1093/mnras/stab027,References,"""URLs with schemes such as http, https, ftp, sftp, git, magnet"", URLs with subdomain, ""URLs with paths, query Strings, and fragments""",embedded in references,Hidden in annotation layers,
2102.11153,17,uri:{http://dx.doi.org/10.1093/mnras/staa604},http://dx.doi.org/10.1093/mnras/staa604,References,"""URLs with schemes such as http, https, ftp, sftp, git, magnet"", URLs with subdomain, ""URLs with paths, query Strings, and fragments""","embedded in references, split across lines",Hidden in annotation layers,
2102.11153,17,uri:{http://dx.doi.org/10.1093/mnras/staa3677},http://dx.doi.org/10.1093/mnras/staa3677,References,"""URLs with schemes such as http, https, ftp, sftp, git, magnet"", URLs with subdomain, ""URLs with paths, query Strings, and fragments""",embedded in references,Hidden in annotation layers,
2102.11153,17,uri:{http://dx.doi.org/10.1088/0004-637X/815/1/51},http://dx.doi.org/10.1088/0004-637X/815/1/51,References,"""URLs with schemes such as http, https, ftp, sftp, git, magnet"", URLs with subdomain, ""URLs with paths, query Strings, and fragments""",embedded in references,Hidden in annotation layers,
2102.11153,17,uri:{http://dx.doi.org/10.1046/j.1365-8711.2002.05620.x},http://dx.doi.org/10.1046/j.1365-8711.2002.05620.x,References,"""URLs with schemes such as http, https, ftp, sftp, git, magnet"", URLs with subdomain, ""URLs with paths, query Strings, and fragments""",embedded in references,Hidden in annotation layers,
2102.11153,17,uri:{http://dx.doi.org/10.1046/j.1365-8711.1998.01937.x},http://dx.doi.org/10.1046/j.1365-8711.1998.01937.x,References,"""URLs with schemes such as http, https, ftp, sftp, git, magnet"", URLs with subdomain, ""URLs with paths, query Strings, and fragments""",embedded in references,Hidden in annotation layers,
2102.11153,17,uri:{http://dx.doi.org/10.1007/978-3-540-85122-6},http://dx.doi.org/10.1007/978-3-540-85122-6,References,"""URLs with schemes such as http, https, ftp, sftp, git, magnet"", URLs with subdomain, ""URLs with paths, query Strings, and fragments""",embedded in references,Hidden in annotation layers,
2102.11153,17,uri:{http://arxiv.org/abs/2102.04946},http://arxiv.org/abs/2102.04946,References,"""URLs with schemes such as http, https, ftp, sftp, git, magnet"", ""URLs with paths, query Strings, and fragments""",embedded in references,Hidden in annotation layers,
2102.11153,17,uri:{http://arxiv.org/abs/2011.13789},http://arxiv.org/abs/2011.13789,References,"""URLs with schemes such as http, https, ftp, sftp, git, magnet"", ""URLs with paths, query Strings, and fragments""",embedded in references,Hidden in annotation layers,
2102.11153,17,uri:{http://arxiv.org/abs/1102.1523},http://arxiv.org/abs/1102.1523,References,"""URLs with schemes such as http, https, ftp, sftp, git, magnet"", ""URLs with paths, query Strings, and fragments""",embedded in references,Hidden in annotation layers,
2102.11153,18,uri:{http://pla.esac.esa.int/pla},http://pla.esac.esa.int/pla,References,"""URLs with schemes such as http, https, ftp, sftp, git, magnet"", ""URLs with paths, query Strings, and fragments"", URLs with subdomain",embedded in footnotes,Hidden in annotation layers,
2102.11153,18,uri:{http://intensitymapping.physics.ox.ac.uk/CRIME.html},http://intensitymapping.physics.ox.ac.uk/CRIME.html,References,"""URLs with schemes such as http, https, ftp, sftp, git, magnet"", ""URLs with paths, query Strings, and fragments"", URLs with subdomain",embedded in footnotes,Hidden in annotation layers,
2102.11975,8,uri:{http://dx.doi.org/https://doi.org/10.1016/j.jcp.2020.109622},http://dx.doi.org/https://doi.org/10.1016/j.jcp.2020.109622,References,"""URLs with schemes such as http, https, ftp, sftp, git, magnet"", URLs with subdomain, ""URLs with paths, query Strings, and fragments""","split across lines, embedded in references",Hidden in annotation layers,
2102.11975,8,uri:{http://dx.doi.org/10.1103/RevModPhys.76.1143},http://dx.doi.org/10.1103/RevModPhys.76.1143,References,"""URLs with schemes such as http, https, ftp, sftp, git, magnet"", URLs with subdomain, ""URLs with paths, query Strings, and fragments""",embedded in references,Hidden in annotation layers,
2102.11975,8,uri:{http://dx.doi.org/10.1103/PhysRevLett.2.83},http://dx.doi.org/10.1103/PhysRevLett.2.83,References,"""URLs with schemes such as http, https, ftp, sftp, git, magnet"", URLs with subdomain, ""URLs with paths, query Strings, and fragments""",embedded in references,Hidden in annotation layers,
2102.11975,8,uri:{http://dx.doi.org/10.1103/PhysRevLett.123.035101},http://dx.doi.org/10.1103/PhysRevLett.123.035101,References,"""URLs with schemes such as http, https, ftp, sftp, git, magnet"", URLs with subdomain, ""URLs with paths, query Strings, and fragments""",embedded in references,Hidden in annotation layers,
2102.11975,8,uri:{http://dx.doi.org/10.1103/PhysRevLett.101.175001},http://dx.doi.org/10.1103/PhysRevLett.101.175001,References,"""URLs with schemes such as http, https, ftp, sftp, git, magnet"", URLs with subdomain, ""URLs with paths, query Strings, and fragments""","split across lines, embedded in references",Hidden in annotation layers,
2102.11975,8,uri:{http://dx.doi.org/10.1103/PhysRevE.81.036402},http://dx.doi.org/10.1103/PhysRevE.81.036402,References,"""URLs with schemes such as http, https, ftp, sftp, git, magnet"", URLs with subdomain, ""URLs with paths, query Strings, and fragments""","split across lines, embedded in references",Hidden in annotation layers,
2102.11975,8,uri:{http://dx.doi.org/10.1103/PhysRevE.100.033210},http://dx.doi.org/10.1103/PhysRevE.100.033210,References,"""URLs with schemes such as http, https, ftp, sftp, git, magnet"", URLs with subdomain, ""URLs with paths, query Strings, and fragments""",embedded in references,Hidden in annotation layers,
2102.11975,8,uri:{http://dx.doi.org/10.1103/PhysRevE.100.033209},http://dx.doi.org/10.1103/PhysRevE.100.033209,References,"""URLs with schemes such as http, https, ftp, sftp, git, magnet"", URLs with subdomain, ""URLs with paths, query Strings, and fragments""",embedded in references,Hidden in annotation layers,
2102.11975,8,uri:{http://dx.doi.org/10.1103/PhysRevE.100.013205},http://dx.doi.org/10.1103/PhysRevE.100.013205,References,"""URLs with schemes such as http, https, ftp, sftp, git, magnet"", URLs with subdomain, ""URLs with paths, query Strings, and fragments""",embedded in references,Hidden in annotation layers,
2102.11975,8,uri:{http://dx.doi.org/10.1103/PhysRevA.35.2718},http://dx.doi.org/10.1103/PhysRevA.35.2718,References,"""URLs with schemes such as http, https, ftp, sftp, git, magnet"", URLs with subdomain, ""URLs with paths, query Strings, and fragments""",embedded in references,Hidden in annotation layers,
2102.11975,8,uri:{http://dx.doi.org/10.1103/PhysRev.75.1169},http://dx.doi.org/10.1103/PhysRev.75.1169,References,"""URLs with schemes such as http, https, ftp, sftp, git, magnet"", URLs with subdomain, ""URLs with paths, query Strings, and fragments""",embedded in references,Hidden in annotation layers,
2102.11975,8,uri:{http://dx.doi.org/10.1093/mnras/sty979},http://dx.doi.org/10.1093/mnras/sty979,References,"""URLs with schemes such as http, https, ftp, sftp, git, magnet"", URLs with subdomain, ""URLs with paths, query Strings, and fragments""","split across lines, embedded in references",Hidden in annotation layers,
2102.11975,8,uri:{http://dx.doi.org/10.1088/2041-8205/739/2/l42},http://dx.doi.org/10.1088/2041-8205/739/2/l42,References,"""URLs with schemes such as http, https, ftp, sftp, git, magnet"", URLs with subdomain, ""URLs with paths, query Strings, and fragments""",embedded in references,Hidden in annotation layers,
2102.11975,8,uri:{http://dx.doi.org/10.1088/0954-3899/25/8/201},http://dx.doi.org/10.1088/0954-3899/25/8/201,References,"""URLs with schemes such as http, https, ftp, sftp, git, magnet"", URLs with subdomain, ""URLs with paths, query Strings, and fragments""","split across lines, embedded in references",Hidden in annotation layers,
2102.11975,8,uri:{http://dx.doi.org/10.1088/0741-3335/54/12/125004},http://dx.doi.org/10.1088/0741-3335/54/12/125004,References,"""URLs with schemes such as http, https, ftp, sftp, git, magnet"", URLs with subdomain, ""URLs with paths, query Strings, and fragments""","split across lines, embedded in references",Hidden in annotation layers,
2102.11975,8,uri:{http://dx.doi.org/10.1088/0004-637X/806/2/165},http://dx.doi.org/10.1088/0004-637X/806/2/165,References,"""URLs with schemes such as http, https, ftp, sftp, git, magnet"", URLs with subdomain, ""URLs with paths, query Strings, and fragments""","split across lines, embedded in references",Hidden in annotation layers,
2102.11975,8,uri:{http://dx.doi.org/10.1088/0004-637x/771/1/54},http://dx.doi.org/10.1088/0004-637x/771/1/54,References,"""URLs with schemes such as http, https, ftp, sftp, git, magnet"", URLs with subdomain, ""URLs with paths, query Strings, and fragments""","split across lines, embedded in references",Hidden in annotation layers,
2102.11975,8,uri:{http://dx.doi.org/10.1088/0004-637X/695/2/L189},http://dx.doi.org/10.1088/0004-637X/695/2/L189,References,"""URLs with schemes such as http, https, ftp, sftp, git, magnet"", URLs with subdomain, ""URLs with paths, query Strings, and fragments""","split across lines, embedded in references",Hidden in annotation layers,
2102.11975,8,uri:{http://dx.doi.org/10.1088/0004-637x/693/2/l127},http://dx.doi.org/10.1088/0004-637x/693/2/l127,References,"""URLs with schemes such as http, https, ftp, sftp, git, magnet"", URLs with subdomain, ""URLs with paths, query Strings, and fragments""","split across lines, embedded in references",Hidden in annotation layers,
2102.11975,8,uri:{http://dx.doi.org/10.1086/590248},http://dx.doi.org/10.1086/590248,References,"""URLs with schemes such as http, https, ftp, sftp, git, magnet"", URLs with subdomain, ""URLs with paths, query Strings, and fragments""",embedded in references,Hidden in annotation layers,
2102.11975,8,uri:{http://dx.doi.org/10.1086/524764},http://dx.doi.org/10.1086/524764,References,"""URLs with schemes such as http, https, ftp, sftp, git, magnet"", URLs with subdomain, ""URLs with paths, query Strings, and fragments""","split across lines, embedded in references",Hidden in annotation layers,
2102.11975,8,uri:{http://dx.doi.org/10.1086/521297},http://dx.doi.org/10.1086/521297,References,"""URLs with schemes such as http, https, ftp, sftp, git, magnet"", URLs with subdomain, ""URLs with paths, query Strings, and fragments""",embedded in references,Hidden in annotation layers,
2102.11975,8,uri:{http://dx.doi.org/10.1086/498445},http://dx.doi.org/10.1086/498445,References,"""URLs with schemes such as http, https, ftp, sftp, git, magnet"", URLs with subdomain, ""URLs with paths, query Strings, and fragments""","split across lines, embedded in references",Hidden in annotation layers,
2102.11975,8,uri:{http://dx.doi.org/10.1086/308038},http://dx.doi.org/10.1086/308038,References,"""URLs with schemes such as http, https, ftp, sftp, git, magnet"", URLs with subdomain, ""URLs with paths, query Strings, and fragments""","split across lines, embedded in references",Hidden in annotation layers,
2102.11975,8,uri:{http://dx.doi.org/10.1063/1.861619},http://dx.doi.org/10.1063/1.861619,References,"""URLs with schemes such as http, https, ftp, sftp, git, magnet"", URLs with subdomain, ""URLs with paths, query Strings, and fragments""","split across lines, embedded in references",Hidden in annotation layers,
2102.11975,8,uri:{http://dx.doi.org/10.1063/1.3514586},http://dx.doi.org/10.1063/1.3514586,References,"""URLs with schemes such as http, https, ftp, sftp, git, magnet"", URLs with subdomain, ""URLs with paths, query Strings, and fragments""","split across lines, embedded in references",Hidden in annotation layers,
2102.11975,8,uri:{http://dx.doi.org/10.1063/1.2141897},http://dx.doi.org/10.1063/1.2141897,References,"""URLs with schemes such as http, https, ftp, sftp, git, magnet"", URLs with subdomain, ""URLs with paths, query Strings, and fragments""",embedded in references,Hidden in annotation layers,
2102.11975,8,uri:{http://dx.doi.org/10.1063/1.2017942},http://dx.doi.org/10.1063/1.2017942,References,"""URLs with schemes such as http, https, ftp, sftp, git, magnet"", URLs with subdomain, ""URLs with paths, query Strings, and fragments""",embedded in references,Hidden in annotation layers,
2102.11975,8,uri:{http://dx.doi.org/10.1017/S0022377899007515},http://dx.doi.org/10.1017/S0022377899007515,References,"""URLs with schemes such as http, https, ftp, sftp, git, magnet"", URLs with subdomain, ""URLs with paths, query Strings, and fragments""",embedded in references,Hidden in annotation layers,
2102.11975,8,uri:{http://dx.doi.org/10.1002/andp.19113390503},http://dx.doi.org/10.1002/andp.19113390503,References,"""URLs with schemes such as http, https, ftp, sftp, git, magnet"", URLs with subdomain, ""URLs with paths, query Strings, and fragments""",embedded in references,Hidden in annotation layers,
2102.11975,8,uri:{http://dx.doi.org/10.1086/379156},http://dx.doi.org/10.1086/379156,References,"""URLs with schemes such as http, https, ftp, sftp, git, magnet"", URLs with subdomain, ""URLs with paths, query Strings, and fragments""","split across lines, embedded in references",Hidden in annotation layers,
2102.11975,8,uri:{http://dx.doi.org/10.1063/1.5008278},http://dx.doi.org/10.1063/1.5008278,References,"""URLs with schemes such as http, https, ftp, sftp, git, magnet"", URLs with subdomain, ""URLs with paths, query Strings, and fragments""",embedded in references,Hidden in annotation layers,
2102.11975,8,uri:{http://dx.doi.org/10.1063/1.3093477},http://dx.doi.org/10.1063/1.3093477,References,"""URLs with schemes such as http, https, ftp, sftp, git, magnet"", URLs with subdomain, ""URLs with paths, query Strings, and fragments""",embedded in references,Hidden in annotation layers,
2102.11975,8,uri:{http://arxiv.org/abs/https://doi.org/10.1063/1.5008278},http://arxiv.org/abs/https://doi.org/10.1063/1.5008278,References,"""URLs with schemes such as http, https, ftp, sftp, git, magnet"", ""URLs with paths, query Strings, and fragments""",embedded in references,Hidden in annotation layers,
2102.11975,8,uri:{http://arxiv.org/abs/https://doi.org/10.1063/1.3514586},http://arxiv.org/abs/https://doi.org/10.1063/1.3514586,References,"""URLs with schemes such as http, https, ftp, sftp, git, magnet"", ""URLs with paths, query Strings, and fragments""",embedded in references,Hidden in annotation layers,
2102.11975,8,uri:{http://arxiv.org/abs/https://doi.org/10.1063/1.3093477},http://arxiv.org/abs/https://doi.org/10.1063/1.3093477,References,"""URLs with schemes such as http, https, ftp, sftp, git, magnet"", ""URLs with paths, query Strings, and fragments""",embedded in references,Hidden in annotation layers,
2102.11975,8,uri:{http://arxiv.org/abs/https://doi.org/10.1063/1.2017942},http://arxiv.org/abs/https://doi.org/10.1063/1.2017942,References,"""URLs with schemes such as http, https, ftp, sftp, git, magnet"", ""URLs with paths, query Strings, and fragments""",embedded in references,Hidden in annotation layers,
2102.11975,8,uri:{http://arxiv.org/abs/https://aip.scitation.org/doi/pdf/10.1063/1.861619},http://arxiv.org/abs/https://aip.scitation.org/doi/pdf/10.1063/1.861619,References,"""URLs with schemes such as http, https, ftp, sftp, git, magnet"", ""URLs with paths, query Strings, and fragments"", URLs with subdomain",embedded in references,Hidden in annotation layers,
2102.11975,8,uri:{http://arxiv.org/abs/https://aip.scitation.org/doi/pdf/10.1063/1.2141897},http://arxiv.org/abs/https://aip.scitation.org/doi/pdf/10.1063/1.2141897,References,"""URLs with schemes such as http, https, ftp, sftp, git, magnet"", ""URLs with paths, query Strings, and fragments"", URLs with subdomain",embedded in references,Hidden in annotation layers,
2102.11975,8,uri:{http://arxiv.org/abs/https://academic.oup.com/mnras/article-pdf/477/4/5238/24865216/sty979.pdf},http://arxiv.org/abs/https://academic.oup.com/mnras/article-pdf/477/4/5238/24865216/sty979.pdf,References,"""URLs with schemes such as http, https, ftp, sftp, git, magnet"", URLs with subdomain, ""URLs with paths, query Strings, and fragments""","split across lines, embedded in references",Hidden in annotation layers,
2102.12289,6,uri:{http://arxiv.org/abs/1609.03499},http://arxiv.org/abs/1609.03499,References,"""URLs with schemes such as http, https, ftp, sftp, git, magnet"", ""URLs with paths, query Strings, and fragments""",embedded in references,,
2102.12289,6,,http://www.peterjbentley.com/heartchallenge/index.html,References,"""URLs with schemes such as http, https, ftp, sftp, git, magnet"", ""URLs with paths, query Strings, and fragments""",embedded in references,,
2102.12289,4,,https://github.com/rist-ro/argo,Methodology,"""URLs with schemes such as http, https, ftp, sftp, git, magnet"", ""URLs with paths, query Strings, and fragments""",,,
2201.04584,5,uri:{https://github.com/Project-MONAI/MONAILabel},https://github.com/Project-MONAI/MONAILabel,Results and Discussion,"""URLs with schemes such as http, https, ftp, sftp, git, magnet"", ""URLs with paths, query Strings, and fragments""",embedded in footnotes,,
2201.04584,10,uri:{https://github.com/Project-MONAI/MONAI},https://github.com/Project-MONAI/MONAI,References,"""URLs with schemes such as http, https, ftp, sftp, git, magnet"", ""URLs with paths, query Strings, and fragments""","split across lines, embedded in references",,
2201.04584,5,uri:{https://github.com/masadcv/PyTorchHaarFeatures},https://github.com/masadcv/PyTorchHaarFeatures,Results and Discussion,"""URLs with schemes such as http, https, ftp, sftp, git, magnet"", ""URLs with paths, query Strings, and fragments""",,,
2201.04584,1,uri:{https://github.com/masadcv/ECONet-MONAILabel},https://github.com/masadcv/ECONet-MONAILabel,Abstract,"""URLs with schemes such as http, https, ftp, sftp, git, magnet"", ""URLs with paths, query Strings, and fragments""",,,
2201.09342,1,uri:{http://arxiv.org/abs/2201.09342v1},http://arxiv.org/abs/2201.09342v1,Header,"""URLs with schemes such as http, https, ftp, sftp, git, magnet"", ""URLs with paths, query Strings, and fragments""",,"Hidden in annotation layers, Hidden in metadata",
2201.09342,,,https://doi.org/10.21468/SciPostPhysLectNotes.11,References,"""URLs with schemes such as http, https, ftp, sftp, git, magnet"", ""URLs with paths, query Strings, and fragments""",embedded in references,,
2201.09342,,,https://doi.org/10.1142/S0217751X9400090X,References,"""URLs with schemes such as http, https, ftp, sftp, git, magnet"", ""URLs with paths, query Strings, and fragments""",embedded in references,,
2201.09342,,,https://doi.org/10.1016/0550-3213(73)90350-7,References,"""URLs with schemes such as http, https, ftp, sftp, git, magnet"", ""URLs with paths, query Strings, and fragments""",embedded in references,,
2201.09342,,,https://doi.org/10.1088/0034-4885/58/5/001,References,"""URLs with schemes such as http, https, ftp, sftp, git, magnet"", ""URLs with paths, query Strings, and fragments""",embedded in references,,
2201.09342,,,https://doi.org/10.1098/rspa.2009.0591,References,"""URLs with schemes such as http, https, ftp, sftp, git, magnet"", ""URLs with paths, query Strings, and fragments""",embedded in references,,
2201.09342,,,https://doi.org/10.1103/RevModPhys.82.109,References,"""URLs with schemes such as http, https, ftp, sftp, git, magnet"", ""URLs with paths, query Strings, and fragments""",embedded in references,,
2201.09342,,,https://doi.org/10.1103/PhysRevD.64.043004,References,"""URLs with schemes such as http, https, ftp, sftp, git, magnet"", ""URLs with paths, query Strings, and fragments""",embedded in references,,
2201.09342,,,https://doi.org/10.1088/1475-7516/2009/01/008,References,"""URLs with schemes such as http, https, ftp, sftp, git, magnet"", ""URLs with paths, query Strings, and fragments""",embedded in references,,
2201.09342,,,https://doi.org/10.1088/1126-6708/2009/06/089,References,"""URLs with schemes such as http, https, ftp, sftp, git, magnet"", ""URLs with paths, query Strings, and fragments""","embedded in references, split across lines",,
2201.09342,,,https://doi.org/10.1103/PhysRev.115.485,References,"""URLs with schemes such as http, https, ftp, sftp, git, magnet"", ""URLs with paths, query Strings, and fragments""",embedded in references,,
2201.09342,,,https://doi.org/10.1088/1751-8113/43/35/354021,References,"""URLs with schemes such as http, https, ftp, sftp, git, magnet"", ""URLs with paths, query Strings, and fragments""",embedded in references,,
2201.09342,,,https://doi.org/10.1142/S0217732398000437,References,"""URLs with schemes such as http, https, ftp, sftp, git, magnet"", ""URLs with paths, query Strings, and fragments""",embedded in references,,
2201.09342,,,https://doi.org/10.1016/S0370-2693(01)00862-0,References,"""URLs with schemes such as http, https, ftp, sftp, git, magnet"", ""URLs with paths, query Strings, and fragments""",embedded in references,,
2201.09342,,,https://doi.org/10.1142/S0217751X16500172,References,"""URLs with schemes such as http, https, ftp, sftp, git, magnet"", ""URLs with paths, query Strings, and fragments""",embedded in references,,
2201.09342,,,https://doi.org/10.1088/1751-8113/43/17/175401,References,"""URLs with schemes such as http, https, ftp, sftp, git, magnet"", ""URLs with paths, query Strings, and fragments""","embedded in references, split across lines",,
2201.09342,,,https://doi.org/10.1142/S0217751X11054346,References,"""URLs with schemes such as http, https, ftp, sftp, git, magnet"", ""URLs with paths, query Strings, and fragments""",embedded in references,,
2201.09342,,,https://doi.org/10.15407/ujpe58.05.0424,References,"""URLs with schemes such as http, https, ftp, sftp, git, magnet"", ""URLs with paths, query Strings, and fragments""",embedded in references,,
2201.09342,,,https://doi.org/10.1142/S0217751X13501613,References,"""URLs with schemes such as http, https, ftp, sftp, git, magnet"", ""URLs with paths, query Strings, and fragments""",embedded in references,,
2201.09342,,,https://doi.org/10.1063/1.5078524,References,"""URLs with schemes such as http, https, ftp, sftp, git, magnet"", ""URLs with paths, query Strings, and fragments""",embedded in references,,
2201.09342,,,https://doi.org/10.1103/PhysRevD.100.085011,References,"""URLs with schemes such as http, https, ftp, sftp, git, magnet"", ""URLs with paths, query Strings, and fragments""",embedded in references,,
2201.10084,9,uri:{https://drive.google.com/file/d/1oSsLjPPn6lqtzraFZLZGmwP_5KbPfTES/view?usp=sharing},https://drive.google.com/file/d/1oSsLjPPn6lqtzraFZLZGmwP_5KbPfTES/view?usp=sharing,Results and Discussion,"""URLs with schemes such as http, https, ftp, sftp, git, magnet"", URLs with subdomain, ""URLs with paths, query Strings, and fragments""","embedded in footnotes, split across lines",,
2201.10084,9,uri:{https://drive.google.com/file/d/1KDn0ok5Q6dJtAAIBBkiFbHl1ms9kVezz/view?usp=sharing},https://drive.google.com/file/d/1KDn0ok5Q6dJtAAIBBkiFbHl1ms9kVezz/view?usp=sharing,Results and Discussion,"""URLs with schemes such as http, https, ftp, sftp, git, magnet"", URLs with subdomain, ""URLs with paths, query Strings, and fragments""","embedded in footnotes, split across lines",,
2201.10084,6,uri:{https://cv.snu.ac.kr/research/EDSR/models/edsr_baseline_x2-1bc95232.pt},https://cv.snu.ac.kr/research/EDSR/models/edsr_baseline_x2-1bc95232.pt,Results and Discussion,"""URLs with schemes such as http, https, ftp, sftp, git, magnet"", URLs with subdomain, ""URLs with paths, query Strings, and fragments""",embedded in footnotes,,
2201.10084,,,JMLR.org,References,URLs without scheme,embedded in references,,
2201.10084,,,JMLR.org,References,URLs without scheme,embedded in references,,
2201.10084,,,JMLR.org,References,URLs without scheme,embedded in references,,
2201.10084,,,JMLR.org,References,URLs without scheme,embedded in references,,
2201.10084,,,http://r0k.us/graphics/kodak,References,"""URLs with schemes such as http, https, ftp, sftp, git, magnet"", ""URLs with paths, query Strings, and fragments""","embedded in references, split across lines",,
2202.03099,12,uri:{https://www.melloddy.eu/y1announcement},https://www.melloddy.eu/y1announcement,References,"""URLs with schemes such as http, https, ftp, sftp, git, magnet"", ""URLs with paths, query Strings, and fragments""","split across lines, embedded in references",,
2202.03099,12,uri:{https://www.fedai.org/cases/utilization-of-fate-in-anti-money-laundering-through-multiple-banks/},https://www.fedai.org/cases/utilization-of-fate-in-anti-money-laundering-through-multiple-banks/,References,"""URLs with schemes such as http, https, ftp, sftp, git, magnet"", ""URLs with paths, query Strings, and fragments""","split across lines, embedded in references",,
2202.03099,5,uri:{https://wandb.ai/home},https://wandb.ai/home,Methodology,"""URLs with schemes such as http, https, ftp, sftp, git, magnet"", ""URLs with paths, query Strings, and fragments""",embedded in footnotes,,
2202.03099,11,uri:{https://support.google.com/assistant/answer/10176224},https://support.google.com/assistant/answer/10176224,References,"""URLs with schemes such as http, https, ftp, sftp, git, magnet"", ""URLs with paths, query Strings, and fragments""","split across lines, embedded in references",,
2202.03099,12,uri:{https://owkin.com/federated-learning/federated-model/},https://owkin.com/federated-learning/federated-model/,References,"""URLs with schemes such as http, https, ftp, sftp, git, magnet"", ""URLs with paths, query Strings, and fragments""","split across lines, embedded in references",,
2202.03099,11,uri:{https://newsroom.intel.com/news/intel-consilient-join-forces-fight-financial-fraud-ai/},https://newsroom.intel.com/news/intel-consilient-join-forces-fight-financial-fraud-ai/,References,"""URLs with schemes such as http, https, ftp, sftp, git, magnet"", ""URLs with paths, query Strings, and fragments""","split across lines, embedded in references",,
2202.03099,11,uri:{https://medium.com/tensorflow/introducing-tensorflow-federated-a4147aa20041},https://medium.com/tensorflow/introducing-tensorflow-federated-a4147aa20041,References,"""URLs with schemes such as http, https, ftp, sftp, git, magnet"", ""URLs with paths, query Strings, and fragments""","split across lines, embedded in references",,
2202.03099,11,uri:{https://github.com/intel/openfl},https://github.com/intel/openfl,References,"""URLs with schemes such as http, https, ftp, sftp, git, magnet"", ""URLs with paths, query Strings, and fragments""",embedded in references,,
2202.03099,4,uri:{https://github.com/burlachenkok/flpytorch},https://github.com/burlachenkok/flpytorch,Methodology,"""URLs with schemes such as http, https, ftp, sftp, git, magnet"", ""URLs with paths, query Strings, and fragments""",embedded in footnotes,,
2202.03099,16,uri:{https://flower.dev/},https://flower.dev/,References,"""URLs with schemes such as http, https, ftp, sftp, git, magnet"", URLs with trailing slashes",,Hidden in annotation layers,
2202.03099,16,uri:{https://fedml.ai/},https://fedml.ai/,References,"""URLs with schemes such as http, https, ftp, sftp, git, magnet"", URLs with trailing slashes",,Hidden in annotation layers,
2202.03099,11,uri:{https://fedml.ai},https://fedml.ai,References,"""URLs with schemes such as http, https, ftp, sftp, git, magnet""",embedded in references,,
2202.03099,11,uri:{https://ec.europa.eu/commission/sites/beta-political/files/data-protection-factsheet-changes_en.pdf},https://ec.europa.eu/commission/sites/beta-political/files/data-protection-factsheet-changes_en.pdf,References,"""URLs with schemes such as http, https, ftp, sftp, git, magnet"", URLs with subdomain, ""URLs with paths, query Strings, and fragments""","split across lines, embedded in references",,
2202.03099,12,uri:{https://developer.nvidia.com/clara},https://developer.nvidia.com/clara,References,"""URLs with schemes such as http, https, ftp, sftp, git, magnet"", URLs with subdomain, ""URLs with paths, query Strings, and fragments""",embedded in references,,
2202.03099,11,uri:{https://developer.apple.com/videos/play/wwdc2019/708},https://developer.apple.com/videos/play/wwdc2019/708,References,"""URLs with schemes such as http, https, ftp, sftp, git, magnet"", URLs with subdomain, ""URLs with paths, query Strings, and fragments""","split across lines, embedded in references",,
2202.03099,12,uri:{https://blogs.nvidia.com/blog/2020/10/05/federated-learning-covid-oxygen-needs/},https://blogs.nvidia.com/blog/2020/10/05/federated-learning-covid-oxygen-needs/,References,"""URLs with schemes such as http, https, ftp, sftp, git, magnet"", URLs with subdomain, ""URLs with paths, query Strings, and fragments"", URLs with trailing slashes",embedded in references,,
2202.03099,12,uri:{http://papers.neurips.cc/paper/9015-pytorch-an-imperative-style-high-performance-deep-learning-library.pdf},http://papers.neurips.cc/paper/9015-pytorch-an-imperative-style-high-performance-deep-learning-library.pdf,References,"""URLs with schemes such as http, https, ftp, sftp, git, magnet"", URLs with subdomain, ""URLs with paths, query Strings, and fragments""","split across lines, embedded in references",,
2202.03932,13,uri:{https://youtu.be/uJWN0K26NxQ?t=1342},https://youtu.be/uJWN0K26NxQ?t=1342,References,"""URLs with schemes such as http, https, ftp, sftp, git, magnet"", ""URLs with paths, query Strings, and fragments""",embedded in references,,
2202.03932,14,uri:{https://www.youtube.com/live/ODSJsviD_SU?feature=share&t=4464},https://www.youtube.com/live/ODSJsviD_SU?feature=share&t=4464,References,"""URLs with schemes such as http, https, ftp, sftp, git, magnet"", ""URLs with paths, query Strings, and fragments""","split across lines, embedded in references",,
2202.03932,14,uri:{https://www.iais.fraunhofer.de/en/research/artificial-intelligence/ai-assessment-catalog.html},https://www.iais.fraunhofer.de/en/research/artificial-intelligence/ai-assessment-catalog.html,References,"""URLs with schemes such as http, https, ftp, sftp, git, magnet"", ""URLs with paths, query Strings, and fragments""","split across lines, embedded in references",,
2202.03932,13,uri:{https://artificialintelligenceact.eu/},https://artificialintelligenceact.eu/,References,"""URLs with schemes such as http, https, ftp, sftp, git, magnet"", URLs with trailing slashes",embedded in references,,
2202.06929,7,uri:{https://www.sciencedirect.com/science/article/pii/0020019077900709},https://www.sciencedirect.com/science/article/pii/0020019077900709,References,"""URLs with schemes such as http, https, ftp, sftp, git, magnet"", ""URLs with paths, query Strings, and fragments""","split across lines, embedded in references",,
2202.06929,7,uri:{https://github.com/onnx/onnx},https://github.com/onnx/onnx,References,"""URLs with schemes such as http, https, ftp, sftp, git, magnet"", ""URLs with paths, query Strings, and fragments""","split across lines, embedded in references",,
2202.06929,7,uri:{http://osc.edu/ark:/19495/f5s1ph73},http://osc.edu/ark:/19495/f5s1ph73,References,"""URLs with schemes such as http, https, ftp, sftp, git, magnet"", ""URLs with paths, query Strings, and fragments""",embedded in references,,
2202.06929,4,,https://github.com/murnanedaniel/FRNN,Methodology,"""URLs with schemes such as http, https, ftp, sftp, git, magnet"", ""URLs with paths, query Strings, and fragments""",embedded in footnotes,,
2202.06929,,,https://github.com/exatrkx/exatrkx-acat2021,Methodology,"""URLs with schemes such as http, https, ftp, sftp, git, magnet"", ""URLs with paths, query Strings, and fragments""",embedded in footnotes,,
2202.06929,,,https://rapids.ai/about.html,Methodology,"""URLs with schemes such as http, https, ftp, sftp, git, magnet"", ""URLs with paths, query Strings, and fragments""",embedded in footnotes,,
2202.06929,,,aaai.org,References,URLs without scheme,embedded in references,,
2202.07403,12,uri:{https://www.medrxiv.org/content/10.1101/2021.06.21.21257586v1},https://www.medrxiv.org/content/10.1101/2021.06.21.21257586v1,References,"""URLs with schemes such as http, https, ftp, sftp, git, magnet"", ""URLs with paths, query Strings, and fragments""","split across lines, embedded in references",,
2202.07403,11,uri:{https://www.medrxiv.org/content/10.1101/2020.08.18.20177113v2},https://www.medrxiv.org/content/10.1101/2020.08.18.20177113v2,References,"""URLs with schemes such as http, https, ftp, sftp, git, magnet"", ""URLs with paths, query Strings, and fragments""",embedded in references,,
2202.07403,11,uri:{https://www.biorxiv.org/content/early/2018/11/17/470435},https://www.biorxiv.org/content/early/2018/11/17/470435,References,"""URLs with schemes such as http, https, ftp, sftp, git, magnet"", ""URLs with paths, query Strings, and fragments""",embedded in references,,
2202.07403,11,uri:{https://arxiv.org/abs/2005.08926},https://arxiv.org/abs/2005.08926,References,"""URLs with schemes such as http, https, ftp, sftp, git, magnet"", ""URLs with paths, query Strings, and fragments""",embedded in references,,
2202.07403,12,uri:{https://arxiv.org/abs/2001.04385},https://arxiv.org/abs/2001.04385,References,"""URLs with schemes such as http, https, ftp, sftp, git, magnet"", ""URLs with paths, query Strings, and fragments""",embedded in references,,
2202.07403,12,uri:{https://arxiv.org/abs/1907.03907},https://arxiv.org/abs/1907.03907,References,"""URLs with schemes such as http, https, ftp, sftp, git, magnet"", ""URLs with paths, query Strings, and fragments""",embedded in references,,
2202.07403,6,uri:{https://alexlenail.me/NN-SVG/index.html},https://alexlenail.me/NN-SVG/index.html,Methodology,"""URLs with schemes such as http, https, ftp, sftp, git, magnet"", ""URLs with paths, query Strings, and fragments""",,Hidden in annotation layers,
2202.07403,11,uri:{http://dx.doi.org/10.1561/2200000056},http://dx.doi.org/10.1561/2200000056,References,"""URLs with schemes such as http, https, ftp, sftp, git, magnet"", ""URLs with paths, query Strings, and fragments"", URLs with subdomain",embedded in references,,
2202.07403,11,uri:{http://arxiv.org/abs/1907.07587},http://arxiv.org/abs/1907.07587,References,"""URLs with schemes such as http, https, ftp, sftp, git, magnet"", ""URLs with paths, query Strings, and fragments""",embedded in references,,
2202.07403,11,uri:{http://arxiv.org/abs/1902.02376},http://arxiv.org/abs/1902.02376,References,"""URLs with schemes such as http, https, ftp, sftp, git, magnet"", ""URLs with paths, query Strings, and fragments""",embedded in references,,
2202.07403,11,uri:{http://arxiv.org/abs/1811.01457},http://arxiv.org/abs/1811.01457,References,"""URLs with schemes such as http, https, ftp, sftp, git, magnet"", ""URLs with paths, query Strings, and fragments""",embedded in references,,
2202.07403,11,uri:{http://arxiv.org/abs/1412.6980},http://arxiv.org/abs/1412.6980,References,"""URLs with schemes such as http, https, ftp, sftp, git, magnet"", ""URLs with paths, query Strings, and fragments""","split across lines, embedded in references",,
2202.07403,11,uri:{http://arxiv.org/abs/1412.6980},http://arxiv.org/abs/1412.6980,References,"""URLs with schemes such as http, https, ftp, sftp, git, magnet"", ""URLs with paths, query Strings, and fragments""",embedded in references,,
2202.07403,11,uri:{http://arxiv.org/abs/1312.6114},http://arxiv.org/abs/1312.6114,References,"""URLs with schemes such as http, https, ftp, sftp, git, magnet"", ""URLs with paths, query Strings, and fragments""",embedded in references,,
2202.07501,12,uri:{https://github.com/arnaurios/Gap_Tc_Paper},https://github.com/arnaurios/Gap_Tc_Paper,References,"""URLs with schemes such as http, https, ftp, sftp, git, magnet"", ""URLs with paths, query Strings, and fragments""","split across lines, embedded in references",,
2202.07501,11,uri:{https://doi.org/https://doi.org/10.1016/S0921-4534(99)00326-3},https://doi.org/https://doi.org/10.1016/S0921-4534(99)00326-3,References,"""URLs with schemes such as http, https, ftp, sftp, git, magnet"", ""URLs with paths, query Strings, and fragments""","split across lines, embedded in references",,
2202.07501,12,uri:{https://doi.org/https://doi.org/10.1016/0375-9474(89)90252-2},https://doi.org/https://doi.org/10.1016/0375-9474(89)90252-2,References,"""URLs with schemes such as http, https, ftp, sftp, git, magnet"", ""URLs with paths, query Strings, and fragments""","split across lines, embedded in references",,
2202.07501,10,uri:{https://doi.org/https://doi.org/10.1016/0375-9474(85)90140-X},https://doi.org/https://doi.org/10.1016/0375-9474(85)90140-X,References,"""URLs with schemes such as http, https, ftp, sftp, git, magnet"", ""URLs with paths, query Strings, and fragments""","split across lines, embedded in references",,
2202.07501,10,uri:{https://doi.org/10.3847/2041-8213/ac089a},https://doi.org/10.3847/2041-8213/ac089a,References,"""URLs with schemes such as http, https, ftp, sftp, git, magnet"", ""URLs with paths, query Strings, and fragments""","split across lines, embedded in references",Hidden in annotation layers,
2202.07501,10,uri:{https://doi.org/10.3847/2041-8213/ac03b8},https://doi.org/10.3847/2041-8213/ac03b8,References,"""URLs with schemes such as http, https, ftp, sftp, git, magnet"", ""URLs with paths, query Strings, and fragments""",embedded in references,Hidden in annotation layers,
2202.07501,10,uri:{https://doi.org/10.3847/1538-4357/aad7fc},https://doi.org/10.3847/1538-4357/aad7fc,References,"""URLs with schemes such as http, https, ftp, sftp, git, magnet"", ""URLs with paths, query Strings, and fragments""","split across lines, embedded in references",Hidden in annotation layers,
2202.07501,10,uri:{https://doi.org/10.3390/condmat7010019},https://doi.org/10.3390/condmat7010019,References,"""URLs with schemes such as http, https, ftp, sftp, git, magnet"", ""URLs with paths, query Strings, and fragments""","split across lines, embedded in references",Hidden in annotation layers,
2202.07501,11,uri:{https://doi.org/10.3389/fphy.2020.00387},https://doi.org/10.3389/fphy.2020.00387,References,"""URLs with schemes such as http, https, ftp, sftp, git, magnet"", ""URLs with paths, query Strings, and fragments""",embedded in references,Hidden in annotation layers,
2202.07501,10,uri:{https://doi.org/10.1146/annurev.astro.42.053102.134013},https://doi.org/10.1146/annurev.astro.42.053102.134013,References,"""URLs with schemes such as http, https, ftp, sftp, git, magnet"", ""URLs with paths, query Strings, and fragments""","split across lines, embedded in references",Hidden in annotation layers,
2202.07501,9,uri:{https://doi.org/10.1146/annurev-nucl-102711-095018},https://doi.org/10.1146/annurev-nucl-102711-095018,References,"""URLs with schemes such as http, https, ftp, sftp, git, magnet"", ""URLs with paths, query Strings, and fragments""","split across lines, embedded in references",Hidden in annotation layers,
2202.07501,11,uri:{https://doi.org/10.1146/annurev-nucl-102419-041903},https://doi.org/10.1146/annurev-nucl-102419-041903,References,"""URLs with schemes such as http, https, ftp, sftp, git, magnet"", ""URLs with paths, query Strings, and fragments""",embedded in references,Hidden in annotation layers,
2202.07501,10,uri:{https://doi.org/10.1146/annurev-nucl-102014-021957},https://doi.org/10.1146/annurev-nucl-102014-021957,References,"""URLs with schemes such as http, https, ftp, sftp, git, magnet"", ""URLs with paths, query Strings, and fragments""","split across lines, embedded in references",Hidden in annotation layers,
2202.07501,12,uri:{https://doi.org/10.1146/annurev-conmatphys-031113-133829},https://doi.org/10.1146/annurev-conmatphys-031113-133829,References,"""URLs with schemes such as http, https, ftp, sftp, git, magnet"", ""URLs with paths, query Strings, and fragments""","split across lines, embedded in references",Hidden in annotation layers,
2202.07501,9,uri:{https://doi.org/10.1146/annurev-astro-081915-023322},https://doi.org/10.1146/annurev-astro-081915-023322,References,"""URLs with schemes such as http, https, ftp, sftp, git, magnet"", ""URLs with paths, query Strings, and fragments""","split across lines, embedded in references",Hidden in annotation layers,
2202.07501,10,uri:{https://doi.org/10.1143/PTP.44.905},https://doi.org/10.1143/PTP.44.905,References,"""URLs with schemes such as http, https, ftp, sftp, git, magnet"", ""URLs with paths, query Strings, and fragments""","split across lines, embedded in references",Hidden in annotation layers,
2202.07501,11,uri:{https://doi.org/10.1142/2657},https://doi.org/10.1142/2657,References,"""URLs with schemes such as http, https, ftp, sftp, git, magnet"", ""URLs with paths, query Strings, and fragments""",embedded in references,Hidden in annotation layers,
2202.07501,12,uri:{https://doi.org/10.1126/science.1214987},https://doi.org/10.1126/science.1214987,References,"""URLs with schemes such as http, https, ftp, sftp, git, magnet"", ""URLs with paths, query Strings, and fragments""",embedded in references,Hidden in annotation layers,
2202.07501,10,uri:{https://doi.org/10.1111/j.1745-3933.2011.01015.x},https://doi.org/10.1111/j.1745-3933.2011.01015.x,References,"""URLs with schemes such as http, https, ftp, sftp, git, magnet"", ""URLs with paths, query Strings, and fragments""",embedded in references,Hidden in annotation layers,
2202.07501,10,uri:{https://doi.org/10.1103/RevModPhys.89.015007},https://doi.org/10.1103/RevModPhys.89.015007,References,"""URLs with schemes such as http, https, ftp, sftp, git, magnet"", ""URLs with paths, query Strings, and fragments""","split across lines, embedded in references",Hidden in annotation layers,
2202.07501,11,uri:{https://doi.org/10.1103/RevModPhys.81.1773},https://doi.org/10.1103/RevModPhys.81.1773,References,"""URLs with schemes such as http, https, ftp, sftp, git, magnet"", ""URLs with paths, query Strings, and fragments""",embedded in references,Hidden in annotation layers,
2202.07501,10,uri:{https://doi.org/10.1103/RevModPhys.75.607},https://doi.org/10.1103/RevModPhys.75.607,References,"""URLs with schemes such as http, https, ftp, sftp, git, magnet"", ""URLs with paths, query Strings, and fragments""",embedded in references,Hidden in annotation layers,
2202.07501,10,uri:{https://doi.org/10.1103/PhysRevX.9.011001},https://doi.org/10.1103/PhysRevX.9.011001,References,"""URLs with schemes such as http, https, ftp, sftp, git, magnet"", ""URLs with paths, query Strings, and fragments""",embedded in references,Hidden in annotation layers,
2202.07501,11,uri:{https://doi.org/10.1103/PhysRevLett.93.151101},https://doi.org/10.1103/PhysRevLett.93.151101,References,"""URLs with schemes such as http, https, ftp, sftp, git, magnet"", ""URLs with paths, query Strings, and fragments""",embedded in references,Hidden in annotation layers,
2202.07501,11,uri:{https://doi.org/10.1103/PhysRevLett.92.082501},https://doi.org/10.1103/PhysRevLett.92.082501,References,"""URLs with schemes such as http, https, ftp, sftp, git, magnet"", ""URLs with paths, query Strings, and fragments""",embedded in references,Hidden in annotation layers,
2202.07501,10,uri:{https://doi.org/10.1103/PhysRevLett.24.775},https://doi.org/10.1103/PhysRevLett.24.775,References,"""URLs with schemes such as http, https, ftp, sftp, git, magnet"", ""URLs with paths, query Strings, and fragments""","split across lines, embedded in references",Hidden in annotation layers,
2202.07501,10,uri:{https://doi.org/10.1103/PhysRevLett.24.775},https://doi.org/10.1103/PhysRevLett.24.775,References,"""URLs with schemes such as http, https, ftp, sftp, git, magnet"", ""URLs with paths, query Strings, and fragments""",embedded in references,Hidden in annotation layers,
2202.07501,10,uri:{https://doi.org/10.1103/physrevlett.125.202702},https://doi.org/10.1103/physrevlett.125.202702,References,"""URLs with schemes such as http, https, ftp, sftp, git, magnet"", ""URLs with paths, query Strings, and fragments""","split across lines, embedded in references",Hidden in annotation layers,
2202.07501,11,uri:{https://doi.org/10.1103/PhysRevLett.125.060403},https://doi.org/10.1103/PhysRevLett.125.060403,References,"""URLs with schemes such as http, https, ftp, sftp, git, magnet"", ""URLs with paths, query Strings, and fragments""","split across lines, embedded in references",Hidden in annotation layers,
2202.07501,10,uri:{https://doi.org/10.1103/PhysRevLett.121.161101},https://doi.org/10.1103/PhysRevLett.121.161101,References,"""URLs with schemes such as http, https, ftp, sftp, git, magnet"", ""URLs with paths, query Strings, and fragments""","split across lines, embedded in references",Hidden in annotation layers,
2202.07501,10,uri:{https://doi.org/10.1103/PhysRevLett.119.161101},https://doi.org/10.1103/PhysRevLett.119.161101,References,"""URLs with schemes such as http, https, ftp, sftp, git, magnet"", ""URLs with paths, query Strings, and fragments""",embedded in references,Hidden in annotation layers,
2202.07501,10,uri:{https://doi.org/10.1103/PhysRevLett.110.011101},https://doi.org/10.1103/PhysRevLett.110.011101,References,"""URLs with schemes such as http, https, ftp, sftp, git, magnet"", ""URLs with paths, query Strings, and fragments""",embedded in references,Hidden in annotation layers,
2202.07501,11,uri:{https://doi.org/10.1103/PhysRevLett.107.145304},https://doi.org/10.1103/PhysRevLett.107.145304,References,"""URLs with schemes such as http, https, ftp, sftp, git, magnet"", ""URLs with paths, query Strings, and fragments""",embedded in references,Hidden in annotation layers,
2202.07501,10,uri:{https://doi.org/10.1103/PhysRevLett.106.081101},https://doi.org/10.1103/PhysRevLett.106.081101,References,"""URLs with schemes such as http, https, ftp, sftp, git, magnet"", ""URLs with paths, query Strings, and fragments""","split across lines, embedded in references",Hidden in annotation layers,
2202.07501,12,uri:{https://doi.org/10.1103/PhysRevLett.101.140403},https://doi.org/10.1103/PhysRevLett.101.140403,References,"""URLs with schemes such as http, https, ftp, sftp, git, magnet"", ""URLs with paths, query Strings, and fragments""","split across lines, embedded in references",Hidden in annotation layers,
2202.07501,10,uri:{https://doi.org/10.1103/PhysRevD.79.124032},https://doi.org/10.1103/PhysRevD.79.124032,References,"""URLs with schemes such as http, https, ftp, sftp, git, magnet"", ""URLs with paths, query Strings, and fragments""",embedded in references,Hidden in annotation layers,
2202.07501,11,uri:{https://doi.org/10.1103/PhysRevC.95.024302},https://doi.org/10.1103/PhysRevC.95.024302,References,"""URLs with schemes such as http, https, ftp, sftp, git, magnet"", ""URLs with paths, query Strings, and fragments""",embedded in references,Hidden in annotation layers,
2202.07501,11,uri:{https://doi.org/10.1103/PhysRevC.94.025802},https://doi.org/10.1103/PhysRevC.94.025802,References,"""URLs with schemes such as http, https, ftp, sftp, git, magnet"", ""URLs with paths, query Strings, and fragments""","split across lines, embedded in references",Hidden in annotation layers,
2202.07501,10,uri:{https://doi.org/10.1103/PhysRevC.91.015806},https://doi.org/10.1103/PhysRevC.91.015806,References,"""URLs with schemes such as http, https, ftp, sftp, git, magnet"", ""URLs with paths, query Strings, and fragments""",embedded in references,Hidden in annotation layers,
2202.07501,11,uri:{https://doi.org/10.1103/PhysRevC.88.054326},https://doi.org/10.1103/PhysRevC.88.054326,References,"""URLs with schemes such as http, https, ftp, sftp, git, magnet"", ""URLs with paths, query Strings, and fragments""",embedded in references,Hidden in annotation layers,
2202.07501,11,uri:{https://doi.org/10.1103/PhysRevC.88.054315},https://doi.org/10.1103/PhysRevC.88.054315,References,"""URLs with schemes such as http, https, ftp, sftp, git, magnet"", ""URLs with paths, query Strings, and fragments""",embedded in references,Hidden in annotation layers,
2202.07501,11,uri:{https://doi.org/10.1103/PhysRevC.88.044302},https://doi.org/10.1103/PhysRevC.88.044302,References,"""URLs with schemes such as http, https, ftp, sftp, git, magnet"", ""URLs with paths, query Strings, and fragments""",embedded in references,Hidden in annotation layers,
2202.07501,11,uri:{https://doi.org/10.1103/PhysRevC.86.064001},https://doi.org/10.1103/PhysRevC.86.064001,References,"""URLs with schemes such as http, https, ftp, sftp, git, magnet"", ""URLs with paths, query Strings, and fragments""","split across lines, embedded in references",Hidden in annotation layers,
2202.07501,11,uri:{https://doi.org/10.1103/PhysRevC.81.024002},https://doi.org/10.1103/PhysRevC.81.024002,References,"""URLs with schemes such as http, https, ftp, sftp, git, magnet"", ""URLs with paths, query Strings, and fragments""",embedded in references,Hidden in annotation layers,
2202.07501,11,uri:{https://doi.org/10.1103/PhysRevC.74.064301},https://doi.org/10.1103/PhysRevC.74.064301,References,"""URLs with schemes such as http, https, ftp, sftp, git, magnet"", ""URLs with paths, query Strings, and fragments""",embedded in references,Hidden in annotation layers,
2202.07501,11,uri:{https://doi.org/10.1103/PhysRevC.72.054313},https://doi.org/10.1103/PhysRevC.72.054313,References,"""URLs with schemes such as http, https, ftp, sftp, git, magnet"", ""URLs with paths, query Strings, and fragments""","split across lines, embedded in references",Hidden in annotation layers,
2202.07501,11,uri:{https://doi.org/10.1103/PhysRevC.71.054301},https://doi.org/10.1103/PhysRevC.71.054301,References,"""URLs with schemes such as http, https, ftp, sftp, git, magnet"", ""URLs with paths, query Strings, and fragments""",embedded in references,Hidden in annotation layers,
2202.07501,11,uri:{https://doi.org/10.1103/PhysRevC.68.041001},https://doi.org/10.1103/PhysRevC.68.041001,References,"""URLs with schemes such as http, https, ftp, sftp, git, magnet"", ""URLs with paths, query Strings, and fragments""",embedded in references,Hidden in annotation layers,
2202.07501,12,uri:{https://doi.org/10.1103/PhysRevC.68.034310},https://doi.org/10.1103/PhysRevC.68.034310,References,"""URLs with schemes such as http, https, ftp, sftp, git, magnet"", ""URLs with paths, query Strings, and fragments""","split across lines, embedded in references",Hidden in annotation layers,
2202.07501,11,uri:{https://doi.org/10.1103/PhysRevC.67.061302},https://doi.org/10.1103/PhysRevC.67.061302,References,"""URLs with schemes such as http, https, ftp, sftp, git, magnet"", ""URLs with paths, query Strings, and fragments""",embedded in references,Hidden in annotation layers,
2202.07501,12,uri:{https://doi.org/10.1103/PhysRevC.63.044310},https://doi.org/10.1103/PhysRevC.63.044310,References,"""URLs with schemes such as http, https, ftp, sftp, git, magnet"", ""URLs with paths, query Strings, and fragments""",embedded in references,Hidden in annotation layers,
2202.07501,12,uri:{https://doi.org/10.1103/PhysRevC.62.054316},https://doi.org/10.1103/PhysRevC.62.054316,References,"""URLs with schemes such as http, https, ftp, sftp, git, magnet"", ""URLs with paths, query Strings, and fragments""",embedded in references,Hidden in annotation layers,
2202.07501,12,uri:{https://doi.org/10.1103/PhysRevC.59.2619},https://doi.org/10.1103/PhysRevC.59.2619,References,"""URLs with schemes such as http, https, ftp, sftp, git, magnet"", ""URLs with paths, query Strings, and fragments""","split across lines, embedded in references",Hidden in annotation layers,
2202.07501,10,uri:{https://doi.org/10.1103/PhysRevC.58.1921},https://doi.org/10.1103/PhysRevC.58.1921,References,"""URLs with schemes such as http, https, ftp, sftp, git, magnet"", ""URLs with paths, query Strings, and fragments""","split across lines, embedded in references",Hidden in annotation layers,
2202.07501,11,uri:{https://doi.org/10.1103/PhysRevB.99.014502},https://doi.org/10.1103/PhysRevB.99.014502,References,"""URLs with schemes such as http, https, ftp, sftp, git, magnet"", ""URLs with paths, query Strings, and fragments""",embedded in references,Hidden in annotation layers,
2202.07501,11,uri:{https://doi.org/10.1103/PhysRevB.55.15153},https://doi.org/10.1103/PhysRevB.55.15153,References,"""URLs with schemes such as http, https, ftp, sftp, git, magnet"", ""URLs with paths, query Strings, and fragments""",embedded in references,Hidden in annotation layers,
2202.07501,11,uri:{https://doi.org/10.1103/PhysRevA.89.053630},https://doi.org/10.1103/PhysRevA.89.053630,References,"""URLs with schemes such as http, https, ftp, sftp, git, magnet"", ""URLs with paths, query Strings, and fragments""",embedded in references,Hidden in annotation layers,
2202.07501,11,uri:{https://doi.org/10.1103/PhysRevA.80.033613},https://doi.org/10.1103/PhysRevA.80.033613,References,"""URLs with schemes such as http, https, ftp, sftp, git, magnet"", ""URLs with paths, query Strings, and fragments""","split across lines, embedded in references",Hidden in annotation layers,
2202.07501,10,uri:{https://doi.org/10.1093/mnras/stz042},https://doi.org/10.1093/mnras/stz042,References,"""URLs with schemes such as http, https, ftp, sftp, git, magnet"", ""URLs with paths, query Strings, and fragments""",embedded in references,Hidden in annotation layers,
2202.07501,10,uri:{https://doi.org/10.1093/mnras/stab2081},https://doi.org/10.1093/mnras/stab2081,References,"""URLs with schemes such as http, https, ftp, sftp, git, magnet"", ""URLs with paths, query Strings, and fragments""",embedded in references,Hidden in annotation layers,
2202.07501,9,uri:{https://doi.org/10.1088/2041-8205/765/1/L5},https://doi.org/10.1088/2041-8205/765/1/L5,References,"""URLs with schemes such as http, https, ftp, sftp, git, magnet"", ""URLs with paths, query Strings, and fragments""",embedded in references,Hidden in annotation layers,
2202.07501,10,uri:{https://doi.org/10.1088/0004-637X/784/2/123},https://doi.org/10.1088/0004-637X/784/2/123,References,"""URLs with schemes such as http, https, ftp, sftp, git, magnet"", ""URLs with paths, query Strings, and fragments""","split across lines, embedded in references",Hidden in annotation layers,
2202.07501,10,uri:{https://doi.org/10.1088/0004-637X/777/1/22},https://doi.org/10.1088/0004-637X/777/1/22,References,"""URLs with schemes such as http, https, ftp, sftp, git, magnet"", ""URLs with paths, query Strings, and fragments""",embedded in references,Hidden in annotation layers,
2202.07501,12,uri:{https://doi.org/10.1038/s41592-019-0686-2},https://doi.org/10.1038/s41592-019-0686-2,References,"""URLs with schemes such as http, https, ftp, sftp, git, magnet"", ""URLs with paths, query Strings, and fragments""",embedded in references,Hidden in annotation layers,
2202.07501,9,uri:{https://doi.org/10.1038/s41550-019-0880-2},https://doi.org/10.1038/s41550-019-0880-2,References,"""URLs with schemes such as http, https, ftp, sftp, git, magnet"", ""URLs with paths, query Strings, and fragments""",embedded in references,Hidden in annotation layers,
2202.07501,9,uri:{https://doi.org/10.1038/nature09466},https://doi.org/10.1038/nature09466,References,"""URLs with schemes such as http, https, ftp, sftp, git, magnet"", ""URLs with paths, query Strings, and fragments""",embedded in references,Hidden in annotation layers,
2202.07501,10,uri:{https://doi.org/10.1038/316027a0},https://doi.org/10.1038/316027a0,References,"""URLs with schemes such as http, https, ftp, sftp, git, magnet"", ""URLs with paths, query Strings, and fragments""",embedded in references,Hidden in annotation layers,
2202.07501,11,uri:{https://doi.org/10.1016/S0375-9474(02)01290-3},https://doi.org/10.1016/S0375-9474(02)01290-3,References,"""URLs with schemes such as http, https, ftp, sftp, git, magnet"", ""URLs with paths, query Strings, and fragments""",embedded in references,Hidden in annotation layers,
2202.07501,11,uri:{https://doi.org/10.1016/S0375-9474(00)00351-1},https://doi.org/10.1016/S0375-9474(00)00351-1,References,"""URLs with schemes such as http, https, ftp, sftp, git, magnet"", ""URLs with paths, query Strings, and fragments""",embedded in references,Hidden in annotation layers,
2202.07501,11,uri:{https://doi.org/10.1016/S0146-6410(00)00105-8},https://doi.org/10.1016/S0146-6410(00)00105-8,References,"""URLs with schemes such as http, https, ftp, sftp, git, magnet"", ""URLs with paths, query Strings, and fragments""","split across lines, embedded in references",Hidden in annotation layers,
2202.07501,11,uri:{https://doi.org/10.1016/j.ppnp.2010.03.001},https://doi.org/10.1016/j.ppnp.2010.03.001,References,"""URLs with schemes such as http, https, ftp, sftp, git, magnet"", ""URLs with paths, query Strings, and fragments""",embedded in references,Hidden in annotation layers,
2202.07501,11,uri:{https://doi.org/10.1016/j.ppnp.2004.02.038},https://doi.org/10.1016/j.ppnp.2004.02.038,References,"""URLs with schemes such as http, https, ftp, sftp, git, magnet"", ""URLs with paths, query Strings, and fragments""","split across lines, embedded in references",Hidden in annotation layers,
2202.07501,11,uri:{https://doi.org/10.1007/s10909-017-1818-7},https://doi.org/10.1007/s10909-017-1818-7,References,"""URLs with schemes such as http, https, ftp, sftp, git, magnet"", ""URLs with paths, query Strings, and fragments""","split across lines, embedded in references",Hidden in annotation layers,
2202.07501,10,uri:{https://compose.obspm.fr/},https://compose.obspm.fr/,References,"""URLs with schemes such as http, https, ftp, sftp, git, magnet"", URLs with subdomain, URLs with trailing slashes",embedded in references,Hidden in annotation layers,
2202.07501,12,uri:{http://arxiv.org/abs/nucl-th/9811073},http://arxiv.org/abs/nucl-th/9811073,References,"""URLs with schemes such as http, https, ftp, sftp, git, magnet"", ""URLs with paths, query Strings, and fragments""",embedded in references,Hidden in annotation layers,
2202.07501,10,uri:{http://arxiv.org/abs/nucl-th/9806097},http://arxiv.org/abs/nucl-th/9806097,References,"""URLs with schemes such as http, https, ftp, sftp, git, magnet"", ""URLs with paths, query Strings, and fragments""",embedded in references,Hidden in annotation layers,
2202.07501,11,uri:{http://arxiv.org/abs/nucl-th/0608005},http://arxiv.org/abs/nucl-th/0608005,References,"""URLs with schemes such as http, https, ftp, sftp, git, magnet"", ""URLs with paths, query Strings, and fragments""","split across lines, embedded in references",Hidden in annotation layers,
2202.07501,11,uri:{http://arxiv.org/abs/nucl-th/0508035},http://arxiv.org/abs/nucl-th/0508035,References,"""URLs with schemes such as http, https, ftp, sftp, git, magnet"", ""URLs with paths, query Strings, and fragments""",embedded in references,Hidden in annotation layers,
2202.07501,11,uri:{http://arxiv.org/abs/nucl-th/0402034},http://arxiv.org/abs/nucl-th/0402034,References,"""URLs with schemes such as http, https, ftp, sftp, git, magnet"", ""URLs with paths, query Strings, and fragments""",embedded in references,Hidden in annotation layers,
2202.07501,11,uri:{http://arxiv.org/abs/nucl-th/0307089},http://arxiv.org/abs/nucl-th/0307089,References,"""URLs with schemes such as http, https, ftp, sftp, git, magnet"", ""URLs with paths, query Strings, and fragments""","split across lines, embedded in references",Hidden in annotation layers,
2202.07501,12,uri:{http://arxiv.org/abs/nucl-th/0306009},http://arxiv.org/abs/nucl-th/0306009,References,"""URLs with schemes such as http, https, ftp, sftp, git, magnet"", ""URLs with paths, query Strings, and fragments""",embedded in references,Hidden in annotation layers,
2202.07501,11,uri:{http://arxiv.org/abs/nucl-th/0304018},http://arxiv.org/abs/nucl-th/0304018,References,"""URLs with schemes such as http, https, ftp, sftp, git, magnet"", ""URLs with paths, query Strings, and fragments""","split across lines, embedded in references",Hidden in annotation layers,
2202.07501,11,uri:{http://arxiv.org/abs/nucl-th/0212027},http://arxiv.org/abs/nucl-th/0212027,References,"""URLs with schemes such as http, https, ftp, sftp, git, magnet"", ""URLs with paths, query Strings, and fragments""",embedded in references,Hidden in annotation layers,
2202.07501,10,uri:{http://arxiv.org/abs/nucl-th/0210033},http://arxiv.org/abs/nucl-th/0210033,References,"""URLs with schemes such as http, https, ftp, sftp, git, magnet"", ""URLs with paths, query Strings, and fragments""",embedded in references,Hidden in annotation layers,
2202.07501,12,uri:{http://arxiv.org/abs/nucl-th/0003048},http://arxiv.org/abs/nucl-th/0003048,References,"""URLs with schemes such as http, https, ftp, sftp, git, magnet"", ""URLs with paths, query Strings, and fragments""","split across lines, embedded in references",Hidden in annotation layers,
2202.07501,11,uri:{http://arxiv.org/abs/nucl-th/0001007},http://arxiv.org/abs/nucl-th/0001007,References,"""URLs with schemes such as http, https, ftp, sftp, git, magnet"", ""URLs with paths, query Strings, and fragments""",embedded in references,Hidden in annotation layers,
2202.07501,11,uri:{http://arxiv.org/abs/nucl-th/0001006},http://arxiv.org/abs/nucl-th/0001006,References,"""URLs with schemes such as http, https, ftp, sftp, git, magnet"", ""URLs with paths, query Strings, and fragments""","split across lines, embedded in references",Hidden in annotation layers,
2202.07501,11,uri:{http://arxiv.org/abs/cond-mat/9805018},http://arxiv.org/abs/cond-mat/9805018,References,"""URLs with schemes such as http, https, ftp, sftp, git, magnet"", ""URLs with paths, query Strings, and fragments""",embedded in references,Hidden in annotation layers,
2202.07501,11,uri:{http://arxiv.org/abs/astro-ph/0402514},http://arxiv.org/abs/astro-ph/0402514,References,"""URLs with schemes such as http, https, ftp, sftp, git, magnet"", ""URLs with paths, query Strings, and fragments""","split across lines, embedded in references",Hidden in annotation layers,
2202.07501,10,uri:{http://arxiv.org/abs/astro-ph/0402143},http://arxiv.org/abs/astro-ph/0402143,References,"""URLs with schemes such as http, https, ftp, sftp, git, magnet"", ""URLs with paths, query Strings, and fragments""",embedded in references,Hidden in annotation layers,
2202.07501,12,uri:{http://arxiv.org/abs/arxiv:1306.5785},http://arxiv.org/abs/arxiv:1306.5785,References,"""URLs with schemes such as http, https, ftp, sftp, git, magnet"", ""URLs with paths, query Strings, and fragments""",embedded in references,Hidden in annotation layers,
2202.07501,10,uri:{http://arxiv.org/abs/2201.01308},http://arxiv.org/abs/2201.01308,References,"""URLs with schemes such as http, https, ftp, sftp, git, magnet"", ""URLs with paths, query Strings, and fragments""",embedded in references,Hidden in annotation layers,
2202.07501,11,uri:{http://arxiv.org/abs/2110.14785},http://arxiv.org/abs/2110.14785,References,"""URLs with schemes such as http, https, ftp, sftp, git, magnet"", ""URLs with paths, query Strings, and fragments""","split across lines, embedded in references",Hidden in annotation layers,
2202.07501,11,uri:{http://arxiv.org/abs/2110.14785},http://arxiv.org/abs/2110.14785,References,"""URLs with schemes such as http, https, ftp, sftp, git, magnet"", ""URLs with paths, query Strings, and fragments""",embedded in references,Hidden in annotation layers,
2202.07501,11,uri:{http://arxiv.org/abs/2107.09763},http://arxiv.org/abs/2107.09763,References,"""URLs with schemes such as http, https, ftp, sftp, git, magnet"", ""URLs with paths, query Strings, and fragments""",embedded in references,Hidden in annotation layers,
2202.07501,11,uri:{http://arxiv.org/abs/2107.09759},http://arxiv.org/abs/2107.09759,References,"""URLs with schemes such as http, https, ftp, sftp, git, magnet"", ""URLs with paths, query Strings, and fragments""",embedded in references,Hidden in annotation layers,
2202.07501,10,uri:{http://arxiv.org/abs/2107.08060},http://arxiv.org/abs/2107.08060,References,"""URLs with schemes such as http, https, ftp, sftp, git, magnet"", ""URLs with paths, query Strings, and fragments""",embedded in references,Hidden in annotation layers,
2202.07501,10,uri:{http://arxiv.org/abs/2105.06981},http://arxiv.org/abs/2105.06981,References,"""URLs with schemes such as http, https, ftp, sftp, git, magnet"", ""URLs with paths, query Strings, and fragments""",embedded in references,Hidden in annotation layers,
2202.07501,10,uri:{http://arxiv.org/abs/2104.00880},http://arxiv.org/abs/2104.00880,References,"""URLs with schemes such as http, https, ftp, sftp, git, magnet"", ""URLs with paths, query Strings, and fragments""",embedded in references,Hidden in annotation layers,
2202.07501,11,uri:{http://arxiv.org/abs/2101.01709},http://arxiv.org/abs/2101.01709,References,"""URLs with schemes such as http, https, ftp, sftp, git, magnet"", ""URLs with paths, query Strings, and fragments""","split across lines, embedded in references",Hidden in annotation layers,
2202.07501,11,uri:{http://arxiv.org/abs/2006.10610},http://arxiv.org/abs/2006.10610,References,"""URLs with schemes such as http, https, ftp, sftp, git, magnet"", ""URLs with paths, query Strings, and fragments""","split across lines, embedded in references",Hidden in annotation layers,
2202.07501,10,uri:{http://arxiv.org/abs/2004.07232},http://arxiv.org/abs/2004.07232,References,"""URLs with schemes such as http, https, ftp, sftp, git, magnet"", ""URLs with paths, query Strings, and fragments""",embedded in references,Hidden in annotation layers,
2202.07501,11,uri:{http://arxiv.org/abs/2004.05014},http://arxiv.org/abs/2004.05014,References,"""URLs with schemes such as http, https, ftp, sftp, git, magnet"", ""URLs with paths, query Strings, and fragments""",embedded in references,Hidden in annotation layers,
2202.07501,9,uri:{http://arxiv.org/abs/1904.06759},http://arxiv.org/abs/1904.06759,References,"""URLs with schemes such as http, https, ftp, sftp, git, magnet"", ""URLs with paths, query Strings, and fragments""",embedded in references,Hidden in annotation layers,
2202.07501,10,uri:{http://arxiv.org/abs/1901.01012},http://arxiv.org/abs/1901.01012,References,"""URLs with schemes such as http, https, ftp, sftp, git, magnet"", ""URLs with paths, query Strings, and fragments""",embedded in references,Hidden in annotation layers,
2202.07501,11,uri:{http://arxiv.org/abs/1811.02087},http://arxiv.org/abs/1811.02087,References,"""URLs with schemes such as http, https, ftp, sftp, git, magnet"", ""URLs with paths, query Strings, and fragments""",embedded in references,Hidden in annotation layers,
2202.07501,10,uri:{http://arxiv.org/abs/1808.00531},http://arxiv.org/abs/1808.00531,References,"""URLs with schemes such as http, https, ftp, sftp, git, magnet"", ""URLs with paths, query Strings, and fragments""",embedded in references,Hidden in annotation layers,
2202.07501,10,uri:{http://arxiv.org/abs/1805.11581},http://arxiv.org/abs/1805.11581,References,"""URLs with schemes such as http, https, ftp, sftp, git, magnet"", ""URLs with paths, query Strings, and fragments""",embedded in references,Hidden in annotation layers,
2202.07501,10,uri:{http://arxiv.org/abs/1805.11579},http://arxiv.org/abs/1805.11579,References,"""URLs with schemes such as http, https, ftp, sftp, git, magnet"", ""URLs with paths, query Strings, and fragments""",embedded in references,Hidden in annotation layers,
2202.07501,10,uri:{http://arxiv.org/abs/1710.05836},http://arxiv.org/abs/1710.05836,References,"""URLs with schemes such as http, https, ftp, sftp, git, magnet"", ""URLs with paths, query Strings, and fragments""",embedded in references,Hidden in annotation layers,
2202.07501,11,uri:{http://arxiv.org/abs/1707.04140},http://arxiv.org/abs/1707.04140,References,"""URLs with schemes such as http, https, ftp, sftp, git, magnet"", ""URLs with paths, query Strings, and fragments""",embedded in references,Hidden in annotation layers,
2202.07501,11,uri:{http://arxiv.org/abs/1610.05213},http://arxiv.org/abs/1610.05213,References,"""URLs with schemes such as http, https, ftp, sftp, git, magnet"", ""URLs with paths, query Strings, and fragments""","split across lines, embedded in references",Hidden in annotation layers,
2202.07501,10,uri:{http://arxiv.org/abs/1610.03361},http://arxiv.org/abs/1610.03361,References,"""URLs with schemes such as http, https, ftp, sftp, git, magnet"", ""URLs with paths, query Strings, and fragments""",embedded in references,Hidden in annotation layers,
2202.07501,9,uri:{http://arxiv.org/abs/1603.02698},http://arxiv.org/abs/1603.02698,References,"""URLs with schemes such as http, https, ftp, sftp, git, magnet"", ""URLs with paths, query Strings, and fragments""",embedded in references,Hidden in annotation layers,
2202.07501,11,uri:{http://arxiv.org/abs/1502.05673},http://arxiv.org/abs/1502.05673,References,"""URLs with schemes such as http, https, ftp, sftp, git, magnet"", ""URLs with paths, query Strings, and fragments""",embedded in references,Hidden in annotation layers,
2202.07501,10,uri:{http://arxiv.org/abs/1501.05675},http://arxiv.org/abs/1501.05675,References,"""URLs with schemes such as http, https, ftp, sftp, git, magnet"", ""URLs with paths, query Strings, and fragments""",embedded in references,Hidden in annotation layers,
2202.07501,10,uri:{http://arxiv.org/abs/1412.7759},http://arxiv.org/abs/1412.7759,References,"""URLs with schemes such as http, https, ftp, sftp, git, magnet"", ""URLs with paths, query Strings, and fragments""",embedded in references,Hidden in annotation layers,
2202.07501,11,uri:{http://arxiv.org/abs/1310.3688},http://arxiv.org/abs/1310.3688,References,"""URLs with schemes such as http, https, ftp, sftp, git, magnet"", ""URLs with paths, query Strings, and fragments""","split across lines, embedded in references",Hidden in annotation layers,
2202.07501,11,uri:{http://arxiv.org/abs/1308.0939},http://arxiv.org/abs/1308.0939,References,"""URLs with schemes such as http, https, ftp, sftp, git, magnet"", ""URLs with paths, query Strings, and fragments""",embedded in references,Hidden in annotation layers,
2202.07501,11,uri:{http://arxiv.org/abs/1307.1889},http://arxiv.org/abs/1307.1889,References,"""URLs with schemes such as http, https, ftp, sftp, git, magnet"", ""URLs with paths, query Strings, and fragments""",embedded in references,Hidden in annotation layers,
2202.07501,10,uri:{http://arxiv.org/abs/1306.3387},http://arxiv.org/abs/1306.3387,References,"""URLs with schemes such as http, https, ftp, sftp, git, magnet"", ""URLs with paths, query Strings, and fragments""",embedded in references,Hidden in annotation layers,
2202.07501,9,uri:{http://arxiv.org/abs/1305.3510},http://arxiv.org/abs/1305.3510,References,"""URLs with schemes such as http, https, ftp, sftp, git, magnet"", ""URLs with paths, query Strings, and fragments""",embedded in references,Hidden in annotation layers,
2202.07501,10,uri:{http://arxiv.org/abs/1305.3242},http://arxiv.org/abs/1305.3242,References,"""URLs with schemes such as http, https, ftp, sftp, git, magnet"", ""URLs with paths, query Strings, and fragments""",embedded in references,Hidden in annotation layers,
2202.07501,10,uri:{http://arxiv.org/abs/1210.8177},http://arxiv.org/abs/1210.8177,References,"""URLs with schemes such as http, https, ftp, sftp, git, magnet"", ""URLs with paths, query Strings, and fragments""",embedded in references,Hidden in annotation layers,
2202.07501,11,uri:{http://arxiv.org/abs/1207.6314},http://arxiv.org/abs/1207.6314,References,"""URLs with schemes such as http, https, ftp, sftp, git, magnet"", ""URLs with paths, query Strings, and fragments""",embedded in references,Hidden in annotation layers,
2202.07501,9,uri:{http://arxiv.org/abs/1205.6871},http://arxiv.org/abs/1205.6871,References,"""URLs with schemes such as http, https, ftp, sftp, git, magnet"", ""URLs with paths, query Strings, and fragments""","split across lines, embedded in references",Hidden in annotation layers,
2202.07501,12,uri:{http://arxiv.org/abs/1110.3309},http://arxiv.org/abs/1110.3309,References,"""URLs with schemes such as http, https, ftp, sftp, git, magnet"", ""URLs with paths, query Strings, and fragments""",embedded in references,Hidden in annotation layers,
2202.07501,11,uri:{http://arxiv.org/abs/1103.4382},http://arxiv.org/abs/1103.4382,References,"""URLs with schemes such as http, https, ftp, sftp, git, magnet"", ""URLs with paths, query Strings, and fragments""",embedded in references,Hidden in annotation layers,
2202.07501,10,uri:{http://arxiv.org/abs/1012.0045},http://arxiv.org/abs/1012.0045,References,"""URLs with schemes such as http, https, ftp, sftp, git, magnet"", ""URLs with paths, query Strings, and fragments""","split across lines, embedded in references",Hidden in annotation layers,
2202.07501,10,uri:{http://arxiv.org/abs/1011.6142},http://arxiv.org/abs/1011.6142,References,"""URLs with schemes such as http, https, ftp, sftp, git, magnet"", ""URLs with paths, query Strings, and fragments""",embedded in references,Hidden in annotation layers,
2202.07501,11,uri:{http://arxiv.org/abs/1010.5788},http://arxiv.org/abs/1010.5788,References,"""URLs with schemes such as http, https, ftp, sftp, git, magnet"", ""URLs with paths, query Strings, and fragments""",embedded in references,Hidden in annotation layers,
2202.07501,11,uri:{http://arxiv.org/abs/0912.3688},http://arxiv.org/abs/0912.3688,References,"""URLs with schemes such as http, https, ftp, sftp, git, magnet"", ""URLs with paths, query Strings, and fragments""",embedded in references,Hidden in annotation layers,
2202.07501,11,uri:{http://arxiv.org/abs/0910.1249},http://arxiv.org/abs/0910.1249,References,"""URLs with schemes such as http, https, ftp, sftp, git, magnet"", ""URLs with paths, query Strings, and fragments""","split across lines, embedded in references",Hidden in annotation layers,
2202.07501,11,uri:{http://arxiv.org/abs/0907.4595},http://arxiv.org/abs/0907.4595,References,"""URLs with schemes such as http, https, ftp, sftp, git, magnet"", ""URLs with paths, query Strings, and fragments""",embedded in references,Hidden in annotation layers,
2202.07501,10,uri:{http://arxiv.org/abs/0812.2163},http://arxiv.org/abs/0812.2163,References,"""URLs with schemes such as http, https, ftp, sftp, git, magnet"", ""URLs with paths, query Strings, and fragments""",embedded in references,Hidden in annotation layers,
2202.07501,11,uri:{http://arxiv.org/abs/0811.1338},http://arxiv.org/abs/0811.1338,References,"""URLs with schemes such as http, https, ftp, sftp, git, magnet"", ""URLs with paths, query Strings, and fragments""",embedded in references,Hidden in annotation layers,
2202.07501,12,uri:{http://arxiv.org/abs/0808.0026},http://arxiv.org/abs/0808.0026,References,"""URLs with schemes such as http, https, ftp, sftp, git, magnet"", ""URLs with paths, query Strings, and fragments""",embedded in references,Hidden in annotation layers,
2202.07501,11,uri:{http://arxiv.org/abs/0207004},http://arxiv.org/abs/0207004,References,"""URLs with schemes such as http, https, ftp, sftp, git, magnet"", ""URLs with paths, query Strings, and fragments""",embedded in references,Hidden in annotation layers,
2202.09235,1,uri:{mailto:neil.jr.ross@dal.ca},mailto:neil.jr.ross@dal.ca,Title & Authors,"""URLs with schemes such as http, https, ftp, sftp, git, magnet""",,Hidden in annotation layers,
2202.09235,1,uri:{mailto:lia.yeh@cs.ox.ac.uk},mailto:lia.yeh@cs.ox.ac.uk,Title & Authors,"""URLs with schemes such as http, https, ftp, sftp, git, magnet""",,Hidden in annotation layers,
2202.09235,1,uri:{mailto:john@vdwetering.name},mailto:john@vdwetering.name,Title & Authors,"""URLs with schemes such as http, https, ftp, sftp, git, magnet""",,Hidden in annotation layers,
2202.09235,1,uri:{mailto:andrewglaudell@gmail.com},mailto:andrewglaudell@gmail.com,Title & Authors,"""URLs with schemes such as http, https, ftp, sftp, git, magnet""",,Hidden in annotation layers,
2202.09235,1,uri:{https://www.mathstat.dal.ca/~neilr/},https://www.mathstat.dal.ca/~neilr/,Title & Authors,"""URLs with schemes such as http, https, ftp, sftp, git, magnet"", URLs with subdomain, URLs with unicode characters, ""URLs with paths, query Strings, and fragments"", URLs with trailing slashes",,Hidden in annotation layers,
2202.09235,12,uri:{https://www.frontiersin.org/article/10.3389/fphy.2020.589504},https://www.frontiersin.org/article/10.3389/fphy.2020.589504,References,"""URLs with schemes such as http, https, ftp, sftp, git, magnet"", ""URLs with paths, query Strings, and fragments""","split across lines, embedded in references",,
2202.09235,1,uri:{https://vdwetering.name},https://vdwetering.name,Title & Authors,"""URLs with schemes such as http, https, ftp, sftp, git, magnet"", URLs with subdomain",,Hidden in annotation layers,
2202.09235,1,uri:{https://orcid.org/0000-0003-2704-4057},https://orcid.org/0000-0003-2704-4057,Title & Authors,"""URLs with schemes such as http, https, ftp, sftp, git, magnet"", ""URLs with paths, query Strings, and fragments""",,Hidden in annotation layers,
2202.09235,1,uri:{https://orcid.org/0000-0003-0941-4333},https://orcid.org/0000-0003-0941-4333,Title & Authors,"""URLs with schemes such as http, https, ftp, sftp, git, magnet"", ""URLs with paths, query Strings, and fragments""",,Hidden in annotation layers,
2202.09235,1,uri:{https://orcid.org/0000-0002-5405-8959},https://orcid.org/0000-0002-5405-8959,Title & Authors,"""URLs with schemes such as http, https, ftp, sftp, git, magnet"", ""URLs with paths, query Strings, and fragments""",,Hidden in annotation layers,
2202.09235,1,uri:{https://orcid.org/0000-0001-9824-5804},https://orcid.org/0000-0001-9824-5804,Title & Authors,"""URLs with schemes such as http, https, ftp, sftp, git, magnet"", ""URLs with paths, query Strings, and fragments""",,Hidden in annotation layers,
2202.09235,11,uri:{https://link.aps.org/doi/10.1103/PhysRevX.2.041021},https://link.aps.org/doi/10.1103/PhysRevX.2.041021,References,"""URLs with schemes such as http, https, ftp, sftp, git, magnet"", URLs with subdomain, ""URLs with paths, query Strings, and fragments""","split across lines, embedded in references",,
2202.09235,11,uri:{https://link.aps.org/doi/10.1103/PhysRevX.11.021010},https://link.aps.org/doi/10.1103/PhysRevX.11.021010,References,"""URLs with schemes such as http, https, ftp, sftp, git, magnet"", URLs with subdomain, ""URLs with paths, query Strings, and fragments""","split across lines, embedded in references",,
2202.09235,12,uri:{https://link.aps.org/doi/10.1103/PhysRevLett.125.180504},https://link.aps.org/doi/10.1103/PhysRevLett.125.180504,References,"""URLs with schemes such as http, https, ftp, sftp, git, magnet"", URLs with subdomain, ""URLs with paths, query Strings, and fragments""",embedded in references,,
2202.09235,11,uri:{https://link.aps.org/doi/10.1103/PhysRevA.96.012306},https://link.aps.org/doi/10.1103/PhysRevA.96.012306,References,"""URLs with schemes such as http, https, ftp, sftp, git, magnet"", URLs with subdomain, ""URLs with paths, query Strings, and fragments""",embedded in references,,
2202.09235,11,uri:{https://link.aps.org/doi/10.1103/PhysRevA.95.012329},https://link.aps.org/doi/10.1103/PhysRevA.95.012329,References,"""URLs with schemes such as http, https, ftp, sftp, git, magnet"", URLs with subdomain, ""URLs with paths, query Strings, and fragments""","split across lines, embedded in references",,
2202.09235,12,uri:{https://link.aps.org/doi/10.1103/PhysRevA.86.022316},https://link.aps.org/doi/10.1103/PhysRevA.86.022316,References,"""URLs with schemes such as http, https, ftp, sftp, git, magnet"", URLs with subdomain, ""URLs with paths, query Strings, and fragments""",embedded in references,,
2202.09235,11,uri:{https://link.aps.org/doi/10.1103/PhysRevA.71.022316},https://link.aps.org/doi/10.1103/PhysRevA.71.022316,References,"""URLs with schemes such as http, https, ftp, sftp, git, magnet"", URLs with subdomain, ""URLs with paths, query Strings, and fragments""","split across lines, embedded in references",,
2202.09235,8,uri:{https://github.com/lia-approves/qudit-circuits/tree/main/qutrit_R_from_T},https://github.com/lia-approves/qudit-circuits/tree/main/qutrit_R_from_T,Results and Discussion,"""URLs with schemes such as http, https, ftp, sftp, git, magnet"", ""URLs with paths, query Strings, and fragments""","embedded in references, embedded in footnotes",,
2202.09235,12,uri:{https://doi.org/10.3389/fphy.2020.589504},https://doi.org/10.3389/fphy.2020.589504,References,"""URLs with schemes such as http, https, ftp, sftp, git, magnet"", ""URLs with paths, query Strings, and fragments""",embedded in references,Hidden in annotation layers,
2202.09235,11,uri:{https://doi.org/10.26421/QIC18.1-2-1},https://doi.org/10.26421/QIC18.1-2-1,References,"""URLs with schemes such as http, https, ftp, sftp, git, magnet"", ""URLs with paths, query Strings, and fragments""",embedded in references,Hidden in annotation layers,
2202.09235,11,uri:{https://doi.org/10.26421/QIC16.9-10-8},https://doi.org/10.26421/QIC16.9-10-8,References,"""URLs with schemes such as http, https, ftp, sftp, git, magnet"", ""URLs with paths, query Strings, and fragments""","split across lines, embedded in references",Hidden in annotation layers,
2202.09235,12,uri:{https://doi.org/10.1364/oe.26.030689},https://doi.org/10.1364/oe.26.030689,References,"""URLs with schemes such as http, https, ftp, sftp, git, magnet"", ""URLs with paths, query Strings, and fragments""",embedded in references,Hidden in annotation layers,
2202.09235,11,uri:{https://doi.org/10.1103/PhysRevX.2.041021},https://doi.org/10.1103/PhysRevX.2.041021,References,"""URLs with schemes such as http, https, ftp, sftp, git, magnet"", ""URLs with paths, query Strings, and fragments""",embedded in references,Hidden in annotation layers,
2202.09235,11,uri:{https://doi.org/10.1103/PhysRevX.11.021010},https://doi.org/10.1103/PhysRevX.11.021010,References,"""URLs with schemes such as http, https, ftp, sftp, git, magnet"", ""URLs with paths, query Strings, and fragments""",embedded in references,Hidden in annotation layers,
2202.09235,12,uri:{https://doi.org/10.1103/PhysRevLett.125.180504},https://doi.org/10.1103/PhysRevLett.125.180504,References,"""URLs with schemes such as http, https, ftp, sftp, git, magnet"", ""URLs with paths, query Strings, and fragments""","split across lines, embedded in references",Hidden in annotation layers,
2202.09235,12,uri:{https://doi.org/10.1103/physrevlett.124.090505},https://doi.org/10.1103/physrevlett.124.090505,References,"""URLs with schemes such as http, https, ftp, sftp, git, magnet"", ""URLs with paths, query Strings, and fragments""",embedded in references,Hidden in annotation layers,
2202.09235,12,uri:{https://doi.org/10.1103/physreva.98.032304},https://doi.org/10.1103/physreva.98.032304,References,"""URLs with schemes such as http, https, ftp, sftp, git, magnet"", ""URLs with paths, query Strings, and fragments""","split across lines, embedded in references",Hidden in annotation layers,
2202.09235,11,uri:{https://doi.org/10.1103/PhysRevA.96.012306},https://doi.org/10.1103/PhysRevA.96.012306,References,"""URLs with schemes such as http, https, ftp, sftp, git, magnet"", ""URLs with paths, query Strings, and fragments""","split across lines, embedded in references",Hidden in annotation layers,
2202.09235,11,uri:{https://doi.org/10.1103/PhysRevA.95.012329},https://doi.org/10.1103/PhysRevA.95.012329,References,"""URLs with schemes such as http, https, ftp, sftp, git, magnet"", ""URLs with paths, query Strings, and fragments""",embedded in references,Hidden in annotation layers,
2202.09235,11,uri:{https://doi.org/10.1103/physreva.93.012313},https://doi.org/10.1103/physreva.93.012313,References,"""URLs with schemes such as http, https, ftp, sftp, git, magnet"", ""URLs with paths, query Strings, and fragments""",embedded in references,Hidden in annotation layers,
2202.09235,11,uri:{https://doi.org/10.1103/physreva.87.032332},https://doi.org/10.1103/physreva.87.032332,References,"""URLs with schemes such as http, https, ftp, sftp, git, magnet"", ""URLs with paths, query Strings, and fragments""","split across lines, embedded in references",Hidden in annotation layers,
2202.09235,12,uri:{https://doi.org/10.1103/PhysRevA.86.022316},https://doi.org/10.1103/PhysRevA.86.022316,References,"""URLs with schemes such as http, https, ftp, sftp, git, magnet"", ""URLs with paths, query Strings, and fragments""","split across lines, embedded in references",Hidden in annotation layers,
2202.09235,11,uri:{https://doi.org/10.1103/PhysRevA.71.022316},https://doi.org/10.1103/PhysRevA.71.022316,References,"""URLs with schemes such as http, https, ftp, sftp, git, magnet"", ""URLs with paths, query Strings, and fragments""",embedded in references,Hidden in annotation layers,
2202.09235,12,uri:{https://doi.org/10.1088/1367-2630/16/1/013009},https://doi.org/10.1088/1367-2630/16/1/013009,References,"""URLs with schemes such as http, https, ftp, sftp, git, magnet"", ""URLs with paths, query Strings, and fragments""",embedded in references,Hidden in annotation layers,
2202.09235,11,uri:{https://doi.org/10.1088/1367-2630/14/6/063006},https://doi.org/10.1088/1367-2630/14/6/063006,References,"""URLs with schemes such as http, https, ftp, sftp, git, magnet"", ""URLs with paths, query Strings, and fragments""",embedded in references,Hidden in annotation layers,
2202.09235,11,uri:{https://doi.org/10.1063/1.4914941},https://doi.org/10.1063/1.4914941,References,"""URLs with schemes such as http, https, ftp, sftp, git, magnet"", ""URLs with paths, query Strings, and fragments""",embedded in references,Hidden in annotation layers,
2202.09235,12,uri:{https://doi.org/10.1016/s0960-0779(98)00218-5},https://doi.org/10.1016/s0960-0779(98)00218-5,References,"""URLs with schemes such as http, https, ftp, sftp, git, magnet"", ""URLs with paths, query Strings, and fragments""",embedded in references,Hidden in annotation layers,
2202.09235,12,uri:{https://doi.org/10.1016/j.aop.2019.04.001},https://doi.org/10.1016/j.aop.2019.04.001,References,"""URLs with schemes such as http, https, ftp, sftp, git, magnet"", ""URLs with paths, query Strings, and fragments""","split across lines, embedded in references",Hidden in annotation layers,
2202.09235,11,uri:{https://doi.org/10.1007/s11128-015-1016-y},https://doi.org/10.1007/s11128-015-1016-y,References,"""URLs with schemes such as http, https, ftp, sftp, git, magnet"", ""URLs with paths, query Strings, and fragments""",embedded in references,Hidden in annotation layers,
2202.09235,12,uri:{http://dx.doi.org/10.1364/OE.26.030689},http://dx.doi.org/10.1364/OE.26.030689,References,"""URLs with schemes such as http, https, ftp, sftp, git, magnet"", ""URLs with paths, query Strings, and fragments"", URLs with subdomain",embedded in references,,
2202.09235,12,uri:{http://dx.doi.org/10.1103/PhysRevLett.124.090505},http://dx.doi.org/10.1103/PhysRevLett.124.090505,References,"""URLs with schemes such as http, https, ftp, sftp, git, magnet"", ""URLs with paths, query Strings, and fragments"", URLs with subdomain","split across lines, embedded in references",,
2202.09235,12,uri:{http://dx.doi.org/10.1103/PhysRevA.98.032304},http://dx.doi.org/10.1103/PhysRevA.98.032304,References,"""URLs with schemes such as http, https, ftp, sftp, git, magnet"", ""URLs with paths, query Strings, and fragments"", URLs with subdomain",embedded in references,,
2202.09235,11,uri:{http://dx.doi.org/10.1103/PhysRevA.93.012313},http://dx.doi.org/10.1103/PhysRevA.93.012313,References,"""URLs with schemes such as http, https, ftp, sftp, git, magnet"", ""URLs with paths, query Strings, and fragments"", URLs with subdomain",embedded in references,,
2202.09235,11,uri:{http://dx.doi.org/10.1103/PhysRevA.87.032332},http://dx.doi.org/10.1103/PhysRevA.87.032332,References,"""URLs with schemes such as http, https, ftp, sftp, git, magnet"", ""URLs with paths, query Strings, and fragments"", URLs with subdomain",embedded in references,,
2202.09235,11,uri:{http://dx.doi.org/10.1063/1.4914941},http://dx.doi.org/10.1063/1.4914941,References,"""URLs with schemes such as http, https, ftp, sftp, git, magnet"", ""URLs with paths, query Strings, and fragments"", URLs with subdomain","split across lines, embedded in references",,
2202.09235,12,uri:{http://dx.doi.org/10.1016/S0960-0779(98)00218-5},http://dx.doi.org/10.1016/S0960-0779(98)00218-5,References,"""URLs with schemes such as http, https, ftp, sftp, git, magnet"", ""URLs with paths, query Strings, and fragments"", URLs with subdomain","split across lines, embedded in references",,
2202.09235,11,uri:{http://dx.doi.org/10.1007/s11128-015-1016-y},http://dx.doi.org/10.1007/s11128-015-1016-y,References,"""URLs with schemes such as http, https, ftp, sftp, git, magnet"", ""URLs with paths, query Strings, and fragments"", URLs with subdomain",embedded in references,,
2202.09235,12,uri:{http://arxiv.org/abs/2109.06903},http://arxiv.org/abs/2109.06903,References,"""URLs with schemes such as http, https, ftp, sftp, git, magnet"", ""URLs with paths, query Strings, and fragments""",embedded in references,Hidden in annotation layers,
2202.09235,12,uri:{http://arxiv.org/abs/1704.05955},http://arxiv.org/abs/1704.05955,References,"""URLs with schemes such as http, https, ftp, sftp, git, magnet"", ""URLs with paths, query Strings, and fragments""",embedded in references,Hidden in annotation layers,
2202.09381,9,uri:{https://openai.com/blog/better-language-models/},https://openai.com/blog/better-language-models/,References,"""URLs with schemes such as http, https, ftp, sftp, git, magnet"", URLs with trailing slashes, ""URLs with paths, query Strings, and fragments""",split across lines,,
2202.09381,12,uri:{https://github.com/Yibing-Du/adversarial-factcheck},https://github.com/Yibing-Du/adversarial-factcheck,References,"""URLs with schemes such as http, https, ftp, sftp, git, magnet"", ""URLs with paths, query Strings, and fragments""",embedded in references,,
2202.09381,2,uri:{https://github.com/Yibing-Du/adversarial-factcheck},https://github.com/Yibing-Du/adversarial-factcheck,Related Works & Background,"""URLs with schemes such as http, https, ftp, sftp, git, magnet"", ""URLs with paths, query Strings, and fragments""",embedded in footnotes,,
2202.09381,8,uri:{https://digitalcommons.unl.edu/cgi/viewcontent.cgi?article=1003&context=senatedocs},https://digitalcommons.unl.edu/cgi/viewcontent.cgi?article=1003&context=senatedocs,References,"""URLs with schemes such as http, https, ftp, sftp, git, magnet"", URLs with subdomain, ""URLs with paths, query Strings, and fragments""",split across lines,,
2202.09381,8,uri:{https://datasociety.net/wp-content/uploads/2018/05/Data_Society_Data_Voids_Final_3.pdf},https://datasociety.net/wp-content/uploads/2018/05/Data_Society_Data_Voids_Final_3.pdf,References,"""URLs with schemes such as http, https, ftp, sftp, git, magnet"", ""URLs with paths, query Strings, and fragments""",split across lines,,
2202.09381,3,uri:{wikipedia.com},wikipedia.com,Methodology,URLs without scheme,,,
2202.09381,6,uri:{medicalnewstoday.com},medicalnewstoday.com,Methodology,URLs without scheme,,,
2202.09381,1,,https://www.nytimes.com/article/what-is-qanon.html,Introduction,"""URLs with schemes such as http, https, ftp, sftp, git, magnet"", ""URLs with paths, query Strings, and fragments""",embedded in footnotes,,
2202.09381,1,,https://nationalpress.org/topic/the-truth-about-fact-checking/,Introduction,"""URLs with schemes such as http, https, ftp, sftp, git, magnet"", ""URLs with paths, query Strings, and fragments"", URLs with trailing slashes",embedded in footnotes,,
2202.09381,1,,https://ﬁvethirtyeight.com/features/why-twitters-fact-check-of-trump-might-not-be-enough-to-combat-misinformation/ ,Introduction,"""URLs with schemes such as http, https, ftp, sftp, git, magnet"", ""URLs with paths, query Strings, and fragments"", URLs with trailing slashes","split across lines, embedded in footnotes",,
2202.09381,2,,https://www.lawfareblog.com/outsourcing-disinformation,Introduction,"""URLs with schemes such as http, https, ftp, sftp, git, magnet"", ""URLs with paths, query Strings, and fragments""",embedded in footnotes,,
2202.09381,2,,https://en.wikipedia.org/wiki/,Introduction,"""URLs with schemes such as http, https, ftp, sftp, git, magnet"", ""URLs with paths, query Strings, and fragments"", URLs with trailing slashes",embedded in footnotes,,
2202.09381,2,,https://meta.wikimedia.org/wiki/,Introduction,"""URLs with schemes such as http, https, ftp, sftp, git, magnet"", ""URLs with paths, query Strings, and fragments"", URLs with trailing slashes",embedded in footnotes,,
2202.09381,2,,https://www.theatlantic.com/business/archive/2015/08/wikipedia-editors-for-pay/393926/,Introduction,"""URLs with schemes such as http, https, ftp, sftp, git, magnet"", ""URLs with paths, query Strings, and fragments"", URLs with trailing slashes","split across lines, embedded in footnotes",,
2202.09381,4,,https://competitions.codalab.org/competitions/18814#results,Methodology,"""URLs with schemes such as http, https, ftp, sftp, git, magnet"", URLs with subdomain, ""URLs with paths, query Strings, and fragments""",embedded in footnotes,,
2202.09381,5,,mediacloud.org,Methodology,URLs without scheme,embedded in footnotes,,
2301.00855,8,,https://atlas.web.cern.ch/Atlas/GROUPS/PHYSICS/CONFNOTES/ATLAS-CONF-2022-019,References,"""URLs with schemes such as http, https, ftp, sftp, git, magnet"", URLs with subdomain, ""URLs with paths, query Strings, and fragments""","split across lines, embedded in references",,
2301.00855,8,,http://cds.cern.ch/record/2805980,References,,embedded in references,,
2301.00855,8,,https://atlas.web.cern.ch/Atlas/GROUPS/PHYSICS/CONFNOTES/ATLAS-CONF-2022-026,References,"""URLs with schemes such as http, https, ftp, sftp, git, magnet"", URLs with subdomain, ""URLs with paths, query Strings, and fragments""","split across lines, embedded in references",,
2301.00855,8,,https://cds.cern.ch/record/2806467,References,,embedded in references,,
2301.04817,18,uri:{https://zenodo.org/record/8418165},https://zenodo.org/record/8418165,References,"""URLs with schemes such as http, https, ftp, sftp, git, magnet"", ""URLs with paths, query Strings, and fragments""",embedded in references,,
2301.04817,1,uri:{https://orcid.org/0000-0003-2341-7928},https://orcid.org/0000-0003-2341-7928,Footer,"""URLs with schemes such as http, https, ftp, sftp, git, magnet"", ""URLs with paths, query Strings, and fragments""",embedded in footnotes,Hidden in annotation layers,
2301.04817,1,uri:{HTTPS://ORCID.ORG/0000-0003-2341-7928},https://orcid.org/0000-0003-2341-7928,Title & Authors,"""URLs with schemes such as http, https, ftp, sftp, git, magnet"", ""URLs with paths, query Strings, and fragments""",,Hidden in annotation layers,
2301.04817,18,uri:{https://eprint.iacr.org/archive/2022/1448/20230910:162058},https://eprint.iacr.org/archive/2022/1448/20230910:162058,References,"""URLs with schemes such as http, https, ftp, sftp, git, magnet"", ""URLs with paths, query Strings, and fragments"", URLs with subdomain",embedded in references,,
2301.04817,18,uri:{https://eprint.iacr.org/2022/1448},https://eprint.iacr.org/2022/1448,References,"""URLs with schemes such as http, https, ftp, sftp, git, magnet"", ""URLs with paths, query Strings, and fragments"", URLs with subdomain",embedded in references,,
2301.04817,18,uri:{https://doi.org/10.5281/zenodo.8418165},https://doi.org/10.5281/zenodo.8418165,References,"""URLs with schemes such as http, https, ftp, sftp, git, magnet"", ""URLs with paths, query Strings, and fragments""",embedded in references,Hidden in annotation layers,
2301.04817,18,uri:{https://doi.org/10.48550/arXiv.2308.04080},https://doi.org/10.48550/arXiv.2308.04080,References,"""URLs with schemes such as http, https, ftp, sftp, git, magnet"", ""URLs with paths, query Strings, and fragments""",embedded in references,Hidden in annotation layers,
2301.04817,17,uri:{https://doi.org/10.48550/arXiv.2304.14701},https://doi.org/10.48550/arXiv.2304.14701,References,"""URLs with schemes such as http, https, ftp, sftp, git, magnet"", ""URLs with paths, query Strings, and fragments""",embedded in references,Hidden in annotation layers,
2301.04817,17,uri:{https://doi.org/10.48550/arXiv.2302.05520},https://doi.org/10.48550/arXiv.2302.05520,References,"""URLs with schemes such as http, https, ftp, sftp, git, magnet"", ""URLs with paths, query Strings, and fragments""",embedded in references,Hidden in annotation layers,
2301.04817,18,uri:{https://doi.org/10.4230/LIPIcs.DISC.2022.33},https://doi.org/10.4230/LIPIcs.DISC.2022.33,References,"""URLs with schemes such as http, https, ftp, sftp, git, magnet"", ""URLs with paths, query Strings, and fragments""",embedded in references,Hidden in annotation layers,
2301.04817,18,uri:{https://doi.org/10.1145/3548606.3559347},https://doi.org/10.1145/3548606.3559347,References,"""URLs with schemes such as http, https, ftp, sftp, git, magnet"", ""URLs with paths, query Strings, and fragments""",embedded in references,Hidden in annotation layers,
2301.04817,17,uri:{https://doi.org/10.1145/3243734.3243848},https://doi.org/10.1145/3243734.3243848,References,"""URLs with schemes such as http, https, ftp, sftp, git, magnet"", ""URLs with paths, query Strings, and fragments""",embedded in references,Hidden in annotation layers,
2301.04817,17,uri:{https://doi.org/10.1145/3149.214121},https://doi.org/10.1145/3149.214121,References,"""URLs with schemes such as http, https, ftp, sftp, git, magnet"", ""URLs with paths, query Strings, and fragments""",embedded in references,Hidden in annotation layers,
2301.04817,17,uri:{https://doi.org/10.1145/277697.277724},https://doi.org/10.1145/277697.277724,References,"""URLs with schemes such as http, https, ftp, sftp, git, magnet"", ""URLs with paths, query Strings, and fragments""",split across lines,Hidden in annotation layers,
2301.04817,17,uri:{https://doi.org/10.1145/259380.259439},https://doi.org/10.1145/259380.259439,References,"""URLs with schemes such as http, https, ftp, sftp, git, magnet"", ""URLs with paths, query Strings, and fragments""",embedded in references,Hidden in annotation layers,
2301.04817,17,uri:{https://doi.org/10.1137/0212045},https://doi.org/10.1137/0212045,References,"""URLs with schemes such as http, https, ftp, sftp, git, magnet"", ""URLs with paths, query Strings, and fragments""",embedded in references,Hidden in annotation layers,
2301.04817,18,uri:{https://doi.org/10.1109/SFFCS.1999.814584},https://doi.org/10.1109/SFFCS.1999.814584,References,"""URLs with schemes such as http, https, ftp, sftp, git, magnet"", ""URLs with paths, query Strings, and fragments""",embedded in references,Hidden in annotation layers,
2301.04817,17,uri:{https://doi.org/10.1109/SFCS.1989.63511},https://doi.org/10.1109/SFCS.1989.63511,References,"""URLs with schemes such as http, https, ftp, sftp, git, magnet"", ""URLs with paths, query Strings, and fragments""",embedded in references,Hidden in annotation layers,
2301.04817,17,uri:{https://doi.org/10.1016/j.tcs.2019.02.001},https://doi.org/10.1016/j.tcs.2019.02.001,References,"""URLs with schemes such as http, https, ftp, sftp, git, magnet"", ""URLs with paths, query Strings, and fragments""",embedded in references,Hidden in annotation layers,
2301.04817,17,uri:{https://doi.org/10.1016/j.tcs.2014.07.022},https://doi.org/10.1016/j.tcs.2014.07.022,References,"""URLs with schemes such as http, https, ftp, sftp, git, magnet"", ""URLs with paths, query Strings, and fragments""",embedded in references,Hidden in annotation layers,
2301.04817,18,uri:{https://doi.org/10.1016/j.tcs.2007.04.036},https://doi.org/10.1016/j.tcs.2007.04.036,References,"""URLs with schemes such as http, https, ftp, sftp, git, magnet"", ""URLs with paths, query Strings, and fragments""",embedded in references,Hidden in annotation layers,
2301.04817,17,uri:{https://doi.org/10.1007/978-3-662-64331-0_4},https://doi.org/10.1007/978-3-662-64331-0_4,References,"""URLs with schemes such as http, https, ftp, sftp, git, magnet"", ""URLs with paths, query Strings, and fragments""",embedded in references,Hidden in annotation layers,
2301.04817,17,uri:{https://doi.org/10.1007/978-3-319-96884-1_25},https://doi.org/10.1007/978-3-319-96884-1_25,References,"""URLs with schemes such as http, https, ftp, sftp, git, magnet"", ""URLs with paths, query Strings, and fragments""",embedded in references,Hidden in annotation layers,
2301.04817,18,uri:{https://doi.org/10.1007/978-3-319-70697-9_14},https://doi.org/10.1007/978-3-319-70697-9_14,References,"""URLs with schemes such as http, https, ftp, sftp, git, magnet"", ""URLs with paths, query Strings, and fragments""",embedded in references,Hidden in annotation layers,
2301.04817,17,uri:{https://doi.org/10.1007/978-3-030-32101-7_2},https://doi.org/10.1007/978-3-030-32101-7_2,References,"""URLs with schemes such as http, https, ftp, sftp, git, magnet"", ""URLs with paths, query Strings, and fragments""",embedded in references,Hidden in annotation layers,
2301.04846,6,uri:{http://categoricaldata.net},http://categoricaldata.net,Methodology,"""URLs with schemes such as http, https, ftp, sftp, git, magnet""",,,
2301.04846,1,uri:{http://categoricaldata.net},http://categoricaldata.net,Introduction,"""URLs with schemes such as http, https, ftp, sftp, git, magnet""",,,
2301.04846,13,,http://cseweb.ucsd.edu/~goguen/pps/iﬁ04.pdf,References,"""URLs with schemes such as http, https, ftp, sftp, git, magnet"", URLs with subdomain, URLs with unicode characters, ""URLs with paths, query Strings, and fragments""",embedded in references,,
2301.04846,13,,http://arxiv.org/abs/1503.03571,References,"""URLs with schemes such as http, https, ftp, sftp, git, magnet"", ""URLs with paths, query Strings, and fragments""",embedded in references,,
2301.11535,6,uri:{https://dot.ca.gov/programs/traffic-operations/mpr/pems-source},https://dot.ca.gov/programs/traffic-operations/mpr/pems-source,Methodology,"""URLs with schemes such as http, https, ftp, sftp, git, magnet"", URLs with subdomain, ""URLs with paths, query Strings, and fragments""","split across lines, split across pages",,
2301.11535,6,uri:{https://archive.ics.uci.edu/ml/datasets/PEMS-SF},https://archive.ics.uci.edu/ml/datasets/PEMS-SF,Methodology,"""URLs with schemes such as http, https, ftp, sftp, git, magnet"", URLs with subdomain, ""URLs with paths, query Strings, and fragments""",split across pages,,
2301.11535,6,uri:{http://www.timeseriesclassification.com/description.php?Dataset=ECG5000},http://www.timeseriesclassification.com/description.php?Dataset=ECG5000,Methodology,"""URLs with schemes such as http, https, ftp, sftp, git, magnet"", ""URLs with paths, query Strings, and fragments""","split across lines, split across pages",,
2301.11535,6,uri:{http://www.nrel.gov/grid/solar-power-data.html},http://www.nrel.gov/grid/solar-power-data.html,Methodology,"""URLs with schemes such as http, https, ftp, sftp, git, magnet"", ""URLs with paths, query Strings, and fragments""",split across pages,,
2301.11580,18,uri:{https://doi.org/10.48550/arXiv.2012.02916},https://doi.org/10.48550/arXiv.2012.02916,References,"""URLs with schemes such as http, https, ftp, sftp, git, magnet"", ""URLs with paths, query Strings, and fragments""",embedded in references,,
2301.11580,18,uri:{https://doi.org/10.48550/arXiv.2002.10627},https://doi.org/10.48550/arXiv.2002.10627,References,"""URLs with schemes such as http, https, ftp, sftp, git, magnet"", ""URLs with paths, query Strings, and fragments""",embedded in references,,
2301.11580,18,uri:{https://doi.org/10.48550/arXiv.1911.05788},https://doi.org/10.48550/arXiv.1911.05788,References,"""URLs with schemes such as http, https, ftp, sftp, git, magnet"", ""URLs with paths, query Strings, and fragments""",embedded in references,,
2301.11580,18,uri:{https://doi.org/10.1609/aaai.v34i02.5609},https://doi.org/10.1609/aaai.v34i02.5609,References,"""URLs with schemes such as http, https, ftp, sftp, git, magnet"", ""URLs with paths, query Strings, and fragments""",embedded in references,,
2301.11580,18,uri:{https://doi.org/10.1016/j.jet.2006.06.006},https://doi.org/10.1016/j.jet.2006.06.006,References,"""URLs with schemes such as http, https, ftp, sftp, git, magnet"", ""URLs with paths, query Strings, and fragments""",embedded in references,,
2301.11580,18,uri:{https://doi.org/10.1007/s00373-011-1040-3},https://doi.org/10.1007/s00373-011-1040-3,References,"""URLs with schemes such as http, https, ftp, sftp, git, magnet"", ""URLs with paths, query Strings, and fragments""",embedded in references,,
2301.13185,3,uri:{https://www.gurobi.com/},https://www.gurobi.com/,Related Works & Background,"""URLs with schemes such as http, https, ftp, sftp, git, magnet"", URLs with trailing slashes",embedded in footnotes,,
2301.13185,5,uri:{https://github.com/tudelft-cda-lab/OMDT},https://github.com/tudelft-cda-lab/OMDT,Results and Discussion,"""URLs with schemes such as http, https, ftp, sftp, git, magnet"", ""URLs with paths, query Strings, and fragments""",embedded in footnotes,,
2301.13185,10,uri:{https://github.com/paulhendricks/gym-inventory/tree/master},https://github.com/paulhendricks/gym-inventory/tree/master,References,"""URLs with schemes such as http, https, ftp, sftp, git, magnet"", ""URLs with paths, query Strings, and fragments""",embedded in footnotes,,
2301.13185,10,uri:{https://github.com/openai/gym/blob/master/gym/envs/toy_text/frozen_lake.py},https://github.com/openai/gym/blob/master/gym/envs/toy_text/frozen_lake.py,References,"""URLs with schemes such as http, https, ftp, sftp, git, magnet"", ""URLs with paths, query Strings, and fragments""","embedded in footnotes, split across lines",,
2301.13185,10,uri:{https://gist.github.com/iiLaurens/ba9c479e71ee4ceef816ad50b87d9ebd},https://gist.github.com/iiLaurens/ba9c479e71ee4ceef816ad50b87d9ebd,References,"""URLs with schemes such as http, https, ftp, sftp, git, magnet"", ""URLs with paths, query Strings, and fragments"", URLs with subdomain","embedded in footnotes, split across lines",,
2301.13185,10,uri:{http://users.cecs.anu.edu.au/~ssanner/IPPC_2011/},http://users.cecs.anu.edu.au/~ssanner/IPPC_2011/,References,"""URLs with schemes such as http, https, ftp, sftp, git, magnet"", ""URLs with paths, query Strings, and fragments"", URLs with subdomain, URLs with trailing slashes, URLs with unicode characters",embedded in footnotes,,
2302.00836,5,uri:{https://doi.org/10.1109/ICASSP39728.2021.9414778},https://doi.org/10.1109/ICASSP39728.2021.9414778,References,"""URLs with schemes such as http, https, ftp, sftp, git, magnet"", ""URLs with paths, query Strings, and fragments""","split across lines, embedded in references",,
2302.00836,5,uri:{http://arxiv.org/abs/2201.02419},http://arxiv.org/abs/2201.02419,References,"""URLs with schemes such as http, https, ftp, sftp, git, magnet"", ""URLs with paths, query Strings, and fragments""",embedded in references,,
2302.00836,5,uri:{http://arxiv.org/abs/2006.11477},http://arxiv.org/abs/2006.11477,References,"""URLs with schemes such as http, https, ftp, sftp, git, magnet"", ""URLs with paths, query Strings, and fragments""","split across lines, embedded in references",,
2302.00836,,,http://www.livac.org/yueqie/,Results and Discussion,"""URLs with schemes such as http, https, ftp, sftp, git, magnet"", URLs with trailing slashes, ""URLs with paths, query Strings, and fragments""",embedded in footnotes,,
2302.00836,,,https://huggingface.co/datasets/mozilla-foundation/common_voice_9_0,Results and Discussion,"""URLs with schemes such as http, https, ftp, sftp, git, magnet"", ""URLs with paths, query Strings, and fragments""","embedded in footnotes, split across lines",,
2302.00836,,,https://github.com/chinese-opendesktop/cin-tables,Results and Discussion,"""URLs with schemes such as http, https, ftp, sftp, git, magnet""",embedded in footnotes,,
2302.00836,,,https://dumps.wikimedia.org/zh_yuewiki,Results and Discussion,"""URLs with schemes such as http, https, ftp, sftp, git, magnet"", ""URLs with paths, query Strings, and fragments"", URLs with subdomain",embedded in footnotes,,
2302.01496,5,uri:{https://cloud.google.com/tpu/docs},https://cloud.google.com/tpu/docs,References,"""URLs with schemes such as http, https, ftp, sftp, git, magnet"", URLs with subdomain, ""URLs with paths, query Strings, and fragments""",embedded in references,,
2302.01496,5,uri:{https://blog.youtube/press/},https://blog.youtube/press/,References,"""URLs with schemes such as http, https, ftp, sftp, git, magnet"", URLs with subdomain, ""URLs with paths, query Strings, and fragments"", URLs with trailing slashes",embedded in references,,
2302.01496,5,uri:{https://ai.google/principles/},https://ai.google/principles/,References,"""URLs with schemes such as http, https, ftp, sftp, git, magnet"", URLs with subdomain, ""URLs with paths, query Strings, and fragments"", URLs with trailing slashes",embedded in references,,
2302.01496,1,uri:{http://arxiv.org/abs/2302.01496v1},http://arxiv.org/abs/2302.01496v1,Header,"""URLs with schemes such as http, https, ftp, sftp, git, magnet"", ""URLs with paths, query Strings, and fragments""",,"Hidden in annotation layers, Hidden in metadata",
2302.01496,5,,https://cdn.openai.com/papers/whisper.pdf,References,"""URLs with schemes such as http, https, ftp, sftp, git, magnet"", URLs with subdomain, ""URLs with paths, query Strings, and fragments""",embedded in references,,
2302.01959,5,uri:{mailto:lgmac@quim.ucm.es},mailto:lgmac@quim.ucm.es,References,"""URLs with schemes such as http, https, ftp, sftp, git, magnet"", URLs with subdomain",embedded in references,,
2302.01959,5,uri:{https://doi.org/https://doi.org/10.1016/j.chaos.2022.112778},https://doi.org/https://doi.org/10.1016/j.chaos.2022.112778,References,"""URLs with schemes such as http, https, ftp, sftp, git, magnet"", ""URLs with paths, query Strings, and fragments""","embedded in references, split across lines",Hidden in annotation layers,
2302.01959,5,uri:{https://doi.org/http://dx.doi.org/10.1063/1.435301},https://doi.org/http://dx.doi.org/10.1063/1.435301,References,"""URLs with schemes such as http, https, ftp, sftp, git, magnet"", ""URLs with paths, query Strings, and fragments"", URLs with subdomain",embedded in references,Hidden in annotation layers,
2302.01959,5,uri:{https://doi.org/http://dx.doi.org/10.1016/j.cis.2013.11.003},https://doi.org/http://dx.doi.org/10.1016/j.cis.2013.11.003,References,"""URLs with schemes such as http, https, ftp, sftp, git, magnet"", ""URLs with paths, query Strings, and fragments"", URLs with subdomain","embedded in references, split across lines",Hidden in annotation layers,
2302.01959,5,uri:{https://doi.org/10.1142/S0218127409024505},https://doi.org/10.1142/S0218127409024505,References,"""URLs with schemes such as http, https, ftp, sftp, git, magnet"", ""URLs with paths, query Strings, and fragments""","embedded in references, split across lines",Hidden in annotation layers,
2302.01959,5,uri:{https://doi.org/10.1126/science.270.5239.1177},https://doi.org/10.1126/science.270.5239.1177,References,"""URLs with schemes such as http, https, ftp, sftp, git, magnet"", ""URLs with paths, query Strings, and fragments""",embedded in references,Hidden in annotation layers,
2302.01959,5,uri:{https://doi.org/10.1103/RevModPhys.57.827},https://doi.org/10.1103/RevModPhys.57.827,References,"""URLs with schemes such as http, https, ftp, sftp, git, magnet"", ""URLs with paths, query Strings, and fragments""","embedded in references, split across lines",Hidden in annotation layers,
2302.01959,5,uri:{https://doi.org/10.1103/PhysRevMaterials.3.085605},https://doi.org/10.1103/PhysRevMaterials.3.085605,References,"""URLs with schemes such as http, https, ftp, sftp, git, magnet"", ""URLs with paths, query Strings, and fragments""","embedded in references, split across lines",Hidden in annotation layers,
2302.01959,5,uri:{https://doi.org/10.1103/PhysRevLett.95.244505},https://doi.org/10.1103/PhysRevLett.95.244505,References,"""URLs with schemes such as http, https, ftp, sftp, git, magnet"", ""URLs with paths, query Strings, and fragments""",embedded in references,Hidden in annotation layers,
2302.01959,5,uri:{https://doi.org/10.1103/PhysRevLett.93.086104},https://doi.org/10.1103/PhysRevLett.93.086104,References,"""URLs with schemes such as http, https, ftp, sftp, git, magnet"", ""URLs with paths, query Strings, and fragments""","embedded in references, split across lines",Hidden in annotation layers,
2302.01959,6,uri:{https://doi.org/10.1103/PhysRevLett.60.2488},https://doi.org/10.1103/PhysRevLett.60.2488,References,"""URLs with schemes such as http, https, ftp, sftp, git, magnet"", ""URLs with paths, query Strings, and fragments""",embedded in references,Hidden in annotation layers,
2302.01959,5,uri:{https://doi.org/10.1103/PhysRevLett.56.889},https://doi.org/10.1103/PhysRevLett.56.889,References,"""URLs with schemes such as http, https, ftp, sftp, git, magnet"", ""URLs with paths, query Strings, and fragments""",embedded in references,Hidden in annotation layers,
2302.01959,5,uri:{https://doi.org/10.1103/PhysRevLett.15.621},https://doi.org/10.1103/PhysRevLett.15.621,References,"""URLs with schemes such as http, https, ftp, sftp, git, magnet"", ""URLs with paths, query Strings, and fragments""","embedded in references, split across lines",Hidden in annotation layers,
2302.01959,5,uri:{https://doi.org/10.1103/PhysRevLett.118.158001},https://doi.org/10.1103/PhysRevLett.118.158001,References,"""URLs with schemes such as http, https, ftp, sftp, git, magnet"", ""URLs with paths, query Strings, and fragments""",embedded in references,Hidden in annotation layers,
2302.01959,5,uri:{https://doi.org/10.1103/PhysRevLett.111.047802},https://doi.org/10.1103/PhysRevLett.111.047802,References,"""URLs with schemes such as http, https, ftp, sftp, git, magnet"", ""URLs with paths, query Strings, and fragments""","embedded in references, split across lines",Hidden in annotation layers,
2302.01959,5,uri:{https://doi.org/10.1103/PhysRevLett.108.226101},https://doi.org/10.1103/PhysRevLett.108.226101,References,"""URLs with schemes such as http, https, ftp, sftp, git, magnet"", ""URLs with paths, query Strings, and fragments""","embedded in references, split across lines",Hidden in annotation layers,
2302.01959,5,uri:{https://doi.org/10.1103/PhysRevE.95.023104},https://doi.org/10.1103/PhysRevE.95.023104,References,"""URLs with schemes such as http, https, ftp, sftp, git, magnet"", ""URLs with paths, query Strings, and fragments""","embedded in references, split across lines",Hidden in annotation layers,
2302.01959,5,uri:{https://doi.org/10.1103/PhysRevE.84.011607},https://doi.org/10.1103/PhysRevE.84.011607,References,"""URLs with schemes such as http, https, ftp, sftp, git, magnet"", ""URLs with paths, query Strings, and fragments""",embedded in references,Hidden in annotation layers,
2302.01959,5,uri:{https://doi.org/10.1103/PhysRevE.82.041603},https://doi.org/10.1103/PhysRevE.82.041603,References,"""URLs with schemes such as http, https, ftp, sftp, git, magnet"", ""URLs with paths, query Strings, and fragments""","embedded in references, split across lines",Hidden in annotation layers,
2302.01959,6,uri:{https://doi.org/10.1103/PhysRevE.65.016110},https://doi.org/10.1103/PhysRevE.65.016110,References,"""URLs with schemes such as http, https, ftp, sftp, git, magnet"", ""URLs with paths, query Strings, and fragments""",embedded in references,Hidden in annotation layers,
2302.01959,5,uri:{https://doi.org/10.1103/PhysRevE.59.6766},https://doi.org/10.1103/PhysRevE.59.6766,References,"""URLs with schemes such as http, https, ftp, sftp, git, magnet"", ""URLs with paths, query Strings, and fragments""",embedded in references,Hidden in annotation layers,
2302.01959,5,uri:{https://doi.org/10.1103/PhysRevE.102.053105},https://doi.org/10.1103/PhysRevE.102.053105,References,"""URLs with schemes such as http, https, ftp, sftp, git, magnet"", ""URLs with paths, query Strings, and fragments""","embedded in references, split across lines",Hidden in annotation layers,
2302.01959,5,uri:{https://doi.org/10.1103/PhysRev.154.529},https://doi.org/10.1103/PhysRev.154.529,References,"""URLs with schemes such as http, https, ftp, sftp, git, magnet"", ""URLs with paths, query Strings, and fragments""",embedded in references,Hidden in annotation layers,
2302.01959,5,uri:{https://doi.org/10.1088/0953-8984/22/8/084019},https://doi.org/10.1088/0953-8984/22/8/084019,References,"""URLs with schemes such as http, https, ftp, sftp, git, magnet"", ""URLs with paths, query Strings, and fragments""","embedded in references, split across lines",Hidden in annotation layers,
2302.01959,5,uri:{https://doi.org/10.1080/00268976.2018.1471223},https://doi.org/10.1080/00268976.2018.1471223,References,"""URLs with schemes such as http, https, ftp, sftp, git, magnet"", ""URLs with paths, query Strings, and fragments""",embedded in references,Hidden in annotation layers,
2302.01959,5,uri:{https://doi.org/10.1063/1.2338303},https://doi.org/10.1063/1.2338303,References,"""URLs with schemes such as http, https, ftp, sftp, git, magnet"", ""URLs with paths, query Strings, and fragments""","embedded in references, split across lines",Hidden in annotation layers,
2302.01959,5,uri:{https://doi.org/10.1051/rphysap:01988002306097500},https://doi.org/10.1051/rphysap:01988002306097500,References,"""URLs with schemes such as http, https, ftp, sftp, git, magnet"", ""URLs with paths, query Strings, and fragments""","embedded in references, split across lines",Hidden in annotation layers,
2302.01959,5,uri:{https://doi.org/10.1021/acsomega.7b01650},https://doi.org/10.1021/acsomega.7b01650,References,"""URLs with schemes such as http, https, ftp, sftp, git, magnet"", ""URLs with paths, query Strings, and fragments""",embedded in references,Hidden in annotation layers,
2302.01959,5,uri:{https://doi.org/10.1017/jfm.2018.255},https://doi.org/10.1017/jfm.2018.255,References,"""URLs with schemes such as http, https, ftp, sftp, git, magnet"", ""URLs with paths, query Strings, and fragments""","embedded in references, split across lines",Hidden in annotation layers,
2302.01959,5,uri:{https://www.science.org/doi/pdf/10.1126/science.270.5239.1177},https://www.science.org/doi/pdf/10.1126/science.270.5239.1177,References,"""URLs with schemes such as http, https, ftp, sftp, git, magnet"", ""URLs with paths, query Strings, and fragments""",embedded in references,,
2302.01959,5,uri:{https://doi.org/10.1142/S0218127409024505},https://doi.org/10.1142/S0218127409024505,References,"""URLs with schemes such as http, https, ftp, sftp, git, magnet"", ""URLs with paths, query Strings, and fragments""",embedded in references,,
2302.01959,5,uri:{https://doi.org/10.1080/00268976.2018.1471223},https://doi.org/10.1080/00268976.2018.1471223,References,"""URLs with schemes such as http, https, ftp, sftp, git, magnet"", ""URLs with paths, query Strings, and fragments""",embedded in references,,
2302.01959,5,uri:{http://dx.doi.org/10.1021/acsomega.7b01650},http://dx.doi.org/10.1021/acsomega.7b01650,References,"""URLs with schemes such as http, https, ftp, sftp, git, magnet"", ""URLs with paths, query Strings, and fragments""",embedded in references,,
2302.02510,19,uri:{http://arxiv.org/abs/1505.07518},http://arxiv.org/abs/1505.07518,References,"""URLs with schemes such as http, https, ftp, sftp, git, magnet"", ""URLs with paths, query Strings, and fragments""",embedded in references,,
2302.02510,19,,https://arxiv.org/abs/1705.10439,References,"""URLs with schemes such as http, https, ftp, sftp, git, magnet"", ""URLs with paths, query Strings, and fragments""",embedded in references,,
2302.02510,19,,https://arxiv.org/abs/1907.09092,References,"""URLs with schemes such as http, https, ftp, sftp, git, magnet"", ""URLs with paths, query Strings, and fragments""",embedded in references,,
2302.02510,19,,https://arxiv.org/abs/1908.06563,References,"""URLs with schemes such as http, https, ftp, sftp, git, magnet"", ""URLs with paths, query Strings, and fragments""",embedded in references,,
2302.02510,19,,https://arxiv.org/abs/2010.09152,References,"""URLs with schemes such as http, https, ftp, sftp, git, magnet"", ""URLs with paths, query Strings, and fragments""",embedded in references,,
2302.02510,19,,https://arxiv.org/abs/2301.03156,References,"""URLs with schemes such as http, https, ftp, sftp, git, magnet"", ""URLs with paths, query Strings, and fragments""",embedded in references,,
2302.02510,19,,https://arxiv.org/abs/2301.05736,References,"""URLs with schemes such as http, https, ftp, sftp, git, magnet"", ""URLs with paths, query Strings, and fragments""",embedded in references,,
2302.03462,5,,https://github.com/lcalem/DIVA,Methodology,"""URLs with schemes such as http, https, ftp, sftp, git, magnet"", ""URLs with paths, query Strings, and fragments""",,,
2302.03462,7,,https://openreview.net/forum?id=BJe0Gn0cY7,References,"""URLs with schemes such as http, https, ftp, sftp, git, magnet"", ""URLs with paths, query Strings, and fragments""","split across lines, embedded in references",,
2302.03462,7,,https://doi.org/10.1109/ICRA.2019.8793868,References,"""URLs with schemes such as http, https, ftp, sftp, git, magnet"", ""URLs with paths, query Strings, and fragments""",embedded in references,,
2302.03462,7,,http://openaccess.thecvf.com/content_CVPR_2019/html/Zeng_End-To-End_Interpretable_Neural_Motion_Planner_CVPR_2019_paper.html,References,"""URLs with schemes such as http, https, ftp, sftp, git, magnet"", ""URLs with paths, query Strings, and fragments""","split across lines, embedded in references",,
2302.07036,11,uri:{https://www.ni.com/en-us/shop/software/products/multisim.html},https://www.ni.com/en-us/shop/software/products/multisim.html,References,"""URLs with schemes such as http, https, ftp, sftp, git, magnet"", ""URLs with paths, query Strings, and fragments""","split across lines, embedded in references",,
2302.07036,11,uri:{https://www.lumerical.com/products/interconnect/},https://www.lumerical.com/products/interconnect/,References,"""URLs with schemes such as http, https, ftp, sftp, git, magnet"", ""URLs with paths, query Strings, and fragments"", URLs with trailing slashes",embedded in references,,
2302.07036,11,uri:{https://keras.io/api/applications/},https://keras.io/api/applications/,References,"""URLs with schemes such as http, https, ftp, sftp, git, magnet"", ""URLs with paths, query Strings, and fragments"", URLs with trailing slashes",embedded in references,,
2302.07036,8,uri:{https://github.com/uky-UCAT/SC_ONN_SIM.git},https://github.com/uky-UCAT/SC_ONN_SIM.git,Methodology,"""URLs with schemes such as http, https, ftp, sftp, git, magnet"", ""URLs with paths, query Strings, and fragments""",split across lines,,
2302.07036,2,uri:{https://github.com/uky-UCAT/SC_ONN_SIM.git},https://github.com/uky-UCAT/SC_ONN_SIM.git,Introduction,"""URLs with schemes such as http, https, ftp, sftp, git, magnet"", ""URLs with paths, query Strings, and fragments""",split across lines,,
2302.07036,1,uri:{https://github.com/uky-UCAT/SC_ONN_SIM.git},https://github.com/uky-UCAT/SC_ONN_SIM.git,Abstract,"""URLs with schemes such as http, https, ftp, sftp, git, magnet"", ""URLs with paths, query Strings, and fragments""",,,
2302.07036,11,uri:{https://doi.org/10.1063/5.0070992},https://doi.org/10.1063/5.0070992,References,"""URLs with schemes such as http, https, ftp, sftp, git, magnet"", ""URLs with paths, query Strings, and fragments""",embedded in references,,
2302.07036,11,uri:{https://arxiv.org/abs/2207.05278},https://arxiv.org/abs/2207.05278,References,"""URLs with schemes such as http, https, ftp, sftp, git, magnet"", ""URLs with paths, query Strings, and fragments""",embedded in references,,
2302.07036,10,uri:{https://arxiv.org/abs/2004.02806},https://arxiv.org/abs/2004.02806,References,"""URLs with schemes such as http, https, ftp, sftp, git, magnet"", ""URLs with paths, query Strings, and fragments""",embedded in references,,
2302.07036,11,,https://github.com/activeloopai/Hub,References,"""URLs with schemes such as http, https, ftp, sftp, git, magnet"", ""URLs with paths, query Strings, and fragments""",embedded in references,,
2302.10542,1,uri:{mailto:stephan.meighenberger@unimelb.edu.au},mailto:stephan.meighenberger@unimelb.edu.au,Title & Authors,"""URLs with schemes such as http, https, ftp, sftp, git, magnet"", ""URLs with paths, query Strings, and fragments"", URLs with subdomain",,,
2302.10542,1,uri:{mailto:ruohan.li@tum.de},mailto:ruohan.li@tum.de,Title & Authors,"""URLs with schemes such as http, https, ftp, sftp, git, magnet"", ""URLs with paths, query Strings, and fragments""",,,
2302.10542,1,uri:{mailto:desai.kruteesh@campus.lmu.de},mailto:desai.kruteesh@campus.lmu.de,Title & Authors,"""URLs with schemes such as http, https, ftp, sftp, git, magnet"", URLs with subdomain, ""URLs with paths, query Strings, and fragments""",,,
2302.10542,9,uri:{https://link.aps.org/doi/10.1103/PhysRevLett.99.231301},https://link.aps.org/doi/10.1103/PhysRevLett.99.231301,References,"""URLs with schemes such as http, https, ftp, sftp, git, magnet"", ""URLs with paths, query Strings, and fragments"", URLs with subdomain",embedded in references,,
2302.10542,9,uri:{https://link.aps.org/doi/10.1103/PhysRevLett.129.111101},https://link.aps.org/doi/10.1103/PhysRevLett.129.111101,References,"""URLs with schemes such as http, https, ftp, sftp, git, magnet"", ""URLs with paths, query Strings, and fragments"", URLs with subdomain",embedded in references,,
2302.10542,2,uri:{https://github.com/MeighenBergerS/pone_dm/releases/tag/v1.0.0},https://github.com/MeighenBergerS/pone_dm/releases/tag/v1.0.0,Methodology,"""URLs with schemes such as http, https, ftp, sftp, git, magnet"", ""URLs with paths, query Strings, and fragments""",embedded in footnotes,,
2302.10542,10,uri:{https://dx.doi.org/10.1088/0954-3899/43/8/084001},https://dx.doi.org/10.1088/0954-3899/43/8/084001,References,"""URLs with schemes such as http, https, ftp, sftp, git, magnet"", URLs with subdomain, ""URLs with paths, query Strings, and fragments""",embedded in references,,
2302.10542,10,uri:{https://doi.org/10.1146/annurev.nucl.57.090506.123052},https://doi.org/10.1146/annurev.nucl.57.090506.123052,References,"""URLs with schemes such as http, https, ftp, sftp, git, magnet"", ""URLs with paths, query Strings, and fragments""",embedded in references,,
2302.10542,10,uri:{https://doi.org/10.1146/annurev.nucl.57.090506.123052},https://doi.org/10.1146/annurev.nucl.57.090506.123052,References,"""URLs with schemes such as http, https, ftp, sftp, git, magnet"", ""URLs with paths, query Strings, and fragments""",embedded in references,,
2302.10542,10,uri:{https://doi.org/10.1088%2F1475-7516%2F2016%2F08%2F069},https://doi.org/10.1088%2F1475-7516%2F2016%2F08%2F069,References,"""URLs with schemes such as http, https, ftp, sftp, git, magnet"", ""URLs with paths, query Strings, and fragments"", URLs with escape characters",embedded in references,,
2302.11862,13,uri:{https://doi.org/https://doi.org/10.1016/S0166-218X(96)00137-0},https://doi.org/https://doi.org/10.1016/S0166-218X(96)00137-0,References,"""URLs with schemes such as http, https, ftp, sftp, git, magnet"", ""URLs with paths, query Strings, and fragments""",embedded in references,,
2302.11862,13,uri:{https://doi.org/https://doi.org/10.1016/j.disc.2014.09.008},https://doi.org/https://doi.org/10.1016/j.disc.2014.09.008,References,"""URLs with schemes such as http, https, ftp, sftp, git, magnet"", ""URLs with paths, query Strings, and fragments""","embedded in references, split across lines",,
2302.11862,13,uri:{https://doi.org/10.48550/ARXIV.2301.09493},https://doi.org/10.48550/ARXIV.2301.09493,References,"""URLs with schemes such as http, https, ftp, sftp, git, magnet"", ""URLs with paths, query Strings, and fragments""",embedded in references,,
2302.11862,13,uri:{https://doi.org/10.1016/j.jctb.2020.11.002},https://doi.org/10.1016/j.jctb.2020.11.002,References,"""URLs with schemes such as http, https, ftp, sftp, git, magnet"", ""URLs with paths, query Strings, and fragments""",embedded in references,,
2302.13253,3,uri:{https://www.kaggle.com/datasets/stackoverflow/stacksample},https://www.kaggle.com/datasets/stackoverflow/stacksample,Methodology,"""URLs with schemes such as http, https, ftp, sftp, git, magnet"", ""URLs with paths, query Strings, and fragments""",embedded in footnotes,,
2302.13253,3,uri:{https://stackoverflow.com},https://stackoverflow.com,Methodology,"""URLs with schemes such as http, https, ftp, sftp, git, magnet"", ""URLs with paths, query Strings, and fragments""",embedded in footnotes,,
2302.13253,14,uri:{https://onlinelibrary.wiley.com/doi/abs/10.1002/cpe.5119},https://onlinelibrary.wiley.com/doi/abs/10.1002/cpe.5119,References,"""URLs with schemes such as http, https, ftp, sftp, git, magnet"", URLs with subdomain, ""URLs with paths, query Strings, and fragments""","embedded in references, split across lines",,
2302.13253,4,uri:{https://huggingface.co/mrm8488/codebert-base-finetuned-stackoverflow-ner},https://huggingface.co/mrm8488/codebert-base-finetuned-stackoverflow-ner,Methodology,"""URLs with schemes such as http, https, ftp, sftp, git, magnet"", ""URLs with paths, query Strings, and fragments""",embedded in footnotes,,
2302.13253,14,uri:{https://arxiv.org/abs/2210.12084},https://arxiv.org/abs/2210.12084,References,"""URLs with schemes such as http, https, ftp, sftp, git, magnet"", ""URLs with paths, query Strings, and fragments""",embedded in references,,
2302.13253,12,uri:{https://aclanthology.org/2022.gem-1.24},https://aclanthology.org/2022.gem-1.24,References,"""URLs with schemes such as http, https, ftp, sftp, git, magnet"", ""URLs with paths, query Strings, and fragments""",embedded in references,,
2401.02021,1,uri:{https://orcid.org/0000-0003-0263-4157},https://orcid.org/0000-0003-0263-4157,Title & Authors,"""URLs with schemes such as http, https, ftp, sftp, git, magnet"", ""URLs with paths, query Strings, and fragments""",,Hidden in annotation layers,
2401.02021,1,uri:{https://orcid.org/0000-0001-9737-8074},https://orcid.org/0000-0001-9737-8074,Title & Authors,"""URLs with schemes such as http, https, ftp, sftp, git, magnet"", ""URLs with paths, query Strings, and fragments""",,Hidden in annotation layers,
2401.02021,11,uri:{https://jarvis.nist.gov/jarvish/},https://jarvis.nist.gov/jarvish/,References,"""URLs with schemes such as http, https, ftp, sftp, git, magnet"", URLs with subdomain, ""URLs with paths, query Strings, and fragments"", URLs with trailing slashes",split across lines,,
2401.02021,11,uri:{https://github.com/usnistgov/jarvis},https://github.com/usnistgov/jarvis,References,"""URLs with schemes such as http, https, ftp, sftp, git, magnet"", ""URLs with paths, query Strings, and fragments""",,,
2401.02021,11,uri:{https://github.com/usnistgov/intermat},https://github.com/usnistgov/intermat,References,"""URLs with schemes such as http, https, ftp, sftp, git, magnet"", ""URLs with paths, query Strings, and fragments""",,,
2401.02021,11,uri:{https://github.com/usnistgov/alignn},https://github.com/usnistgov/alignn,References,"""URLs with schemes such as http, https, ftp, sftp, git, magnet"", ""URLs with paths, query Strings, and fragments""",,,
2401.02021,10,,https://github.com/usnistgov/jarvis,Methodology,"""URLs with schemes such as http, https, ftp, sftp, git, magnet"", ""URLs with paths, query Strings, and fragments""",,,
2401.03166,9,uri:{https://www.tensorflow.org/tutorials/generative/cvae},https://www.tensorflow.org/tutorials/generative/cvae,References,"""URLs with schemes such as http, https, ftp, sftp, git, magnet"", ""URLs with paths, query Strings, and fragments""",embedded in references,,
2401.03166,6,uri:{https://github.com/Vibhu04/Deblurring-Variational-Autoencoders-with-STFT},https://github.com/Vibhu04/Deblurring-Variational-Autoencoders-with-STFT,Results and Discussion,"""URLs with schemes such as http, https, ftp, sftp, git, magnet"", ""URLs with paths, query Strings, and fragments""",,,
2401.03166,9,uri:{https://bartwronski.com/2021/07/06/comparing-images-in-frequency-domain-spectral-loss-does-it-make-sense/},https://bartwronski.com/2021/07/06/comparing-images-in-frequency-domain-spectral-loss-does-it-make-sense/,References,"""URLs with schemes such as http, https, ftp, sftp, git, magnet"", ""URLs with paths, query Strings, and fragments"", URLs with trailing slashes","embedded in references, split across lines",,
2401.04820,15,uri:{https://drive.google.com/file/d/1Lp3ueOd7AxmAl2Y0jJ2U2XlEFa6q8AcT/view?usp=drive_link},https://drive.google.com/file/d/1Lp3ueOd7AxmAl2Y0jJ2U2XlEFa6q8AcT/view?usp=drive_link,References,"""URLs with schemes such as http, https, ftp, sftp, git, magnet"", URLs with subdomain, ""URLs with paths, query Strings, and fragments""","embedded in references, split across lines",,
2401.04820,14,uri:{https://doi.org/10.48550/arXiv.2005.08314},https://doi.org/10.48550/arXiv.2005.08314,References,"""URLs with schemes such as http, https, ftp, sftp, git, magnet"", ""URLs with paths, query Strings, and fragments""","embedded in references, split across lines",,
2401.04820,15,uri:{https://doi.org/10.48550/arXiv.1909.11942},https://doi.org/10.48550/arXiv.1909.11942,References,"""URLs with schemes such as http, https, ftp, sftp, git, magnet"", ""URLs with paths, query Strings, and fragments""","embedded in references, split across lines",,
2401.04820,15,uri:{https://doi.org/10.48550/arXiv.1810.04805},https://doi.org/10.48550/arXiv.1810.04805,References,"""URLs with schemes such as http, https, ftp, sftp, git, magnet"", ""URLs with paths, query Strings, and fragments""","embedded in references, split across lines",,
2401.04820,14,uri:{https://doi.org/10.3390/sym12101681},https://doi.org/10.3390/sym12101681,References,"""URLs with schemes such as http, https, ftp, sftp, git, magnet"", ""URLs with paths, query Strings, and fragments""","embedded in references, split across lines",,
2401.04820,14,uri:{https://doi.org/10.3390/app13137429},https://doi.org/10.3390/app13137429,References,"""URLs with schemes such as http, https, ftp, sftp, git, magnet"", ""URLs with paths, query Strings, and fragments""",embedded in references,,
2401.04820,13,uri:{https://doi.org/10.1186/s13635-016-0034-3},https://doi.org/10.1186/s13635-016-0034-3,References,"""URLs with schemes such as http, https, ftp, sftp, git, magnet"", ""URLs with paths, query Strings, and fragments""",embedded in references,,
2401.04820,14,uri:{https://doi.org/10.1177/1748006X221140194},https://doi.org/10.1177/1748006X221140194,References,"""URLs with schemes such as http, https, ftp, sftp, git, magnet"", ""URLs with paths, query Strings, and fragments""","embedded in references, split across lines",,
2401.04820,15,uri:{https://doi.org/10.1162/tacl_a_00448},https://doi.org/10.1162/tacl_a_00448,References,"""URLs with schemes such as http, https, ftp, sftp, git, magnet"", ""URLs with paths, query Strings, and fragments""",embedded in references,,
2401.04820,14,uri:{https://doi.org/10.1155/2022/3241216},https://doi.org/10.1155/2022/3241216,References,"""URLs with schemes such as http, https, ftp, sftp, git, magnet"", ""URLs with paths, query Strings, and fragments""","embedded in references, split across lines",,
2401.04820,13,uri:{https://doi.org/10.1145/3372297.3417233},https://doi.org/10.1145/3372297.3417233,References,"""URLs with schemes such as http, https, ftp, sftp, git, magnet"", ""URLs with paths, query Strings, and fragments""","embedded in references, split across lines",,
2401.04820,14,uri:{https://doi.org/10.1111/exsy.13518},https://doi.org/10.1111/exsy.13518,References,"""URLs with schemes such as http, https, ftp, sftp, git, magnet"", ""URLs with paths, query Strings, and fragments""","embedded in references, split across lines",,
2401.04820,14,uri:{https://doi.org/10.1109/WI-IAT55865.2022.00028},https://doi.org/10.1109/WI-IAT55865.2022.00028,References,"""URLs with schemes such as http, https, ftp, sftp, git, magnet"", ""URLs with paths, query Strings, and fragments""",embedded in references,,
2401.04820,13,uri:{https://doi.org/10.1109/INFCOM.2010.5462216},https://doi.org/10.1109/INFCOM.2010.5462216,References,"""URLs with schemes such as http, https, ftp, sftp, git, magnet"", ""URLs with paths, query Strings, and fragments""",embedded in references,,
2401.04820,13,uri:{https://doi.org/10.1109/IJCNN48605.2020.9207707},https://doi.org/10.1109/IJCNN48605.2020.9207707,References,"""URLs with schemes such as http, https, ftp, sftp, git, magnet"", ""URLs with paths, query Strings, and fragments""","embedded in references, split across lines",,
2401.04820,15,uri:{https://doi.org/10.1109/ACCESS.2022.3152828},https://doi.org/10.1109/ACCESS.2022.3152828,References,"""URLs with schemes such as http, https, ftp, sftp, git, magnet"", ""URLs with paths, query Strings, and fragments""",embedded in references,,
2401.04820,13,uri:{https://doi.org/10.1093/comjnl/bxab062},https://doi.org/10.1093/comjnl/bxab062,References,"""URLs with schemes such as http, https, ftp, sftp, git, magnet"", ""URLs with paths, query Strings, and fragments""","embedded in references, split across lines",,
2401.04820,14,uri:{https://doi.org/10.1038/s41598-022-10841-5},https://doi.org/10.1038/s41598-022-10841-5,References,"""URLs with schemes such as http, https, ftp, sftp, git, magnet"", ""URLs with paths, query Strings, and fragments""","embedded in references, split across lines",,
2401.04820,14,uri:{https://doi.org/10.1016/j.procs.2021.07.040},https://doi.org/10.1016/j.procs.2021.07.040,References,"""URLs with schemes such as http, https, ftp, sftp, git, magnet"", ""URLs with paths, query Strings, and fragments""",embedded in references,,
2401.04820,12,uri:{https://doi.org/10.1007/s40558-019-00160-3},https://doi.org/10.1007/s40558-019-00160-3,References,"""URLs with schemes such as http, https, ftp, sftp, git, magnet"", ""URLs with paths, query Strings, and fragments""","embedded in references, split across lines",,
2401.04820,13,uri:{https://doi.org/10.1007/s12652-019-01311-4},https://doi.org/10.1007/s12652-019-01311-4,References,"""URLs with schemes such as http, https, ftp, sftp, git, magnet"", ""URLs with paths, query Strings, and fragments""",embedded in references,,
2401.04820,13,uri:{https://doi.org/10.1007/s12652-018-0798-z},https://doi.org/10.1007/s12652-018-0798-z,References,"""URLs with schemes such as http, https, ftp, sftp, git, magnet"", ""URLs with paths, query Strings, and fragments""","embedded in references, split across lines",,
2401.04820,13,uri:{https://doi.org/10.1007/s11235-021-00850-6},https://doi.org/10.1007/s11235-021-00850-6,References,"""URLs with schemes such as http, https, ftp, sftp, git, magnet"", ""URLs with paths, query Strings, and fragments""",embedded in references,,
2401.04820,15,uri:{https://doi.org/10.1007/978-3-319-60801-3_27},https://doi.org/10.1007/978-3-319-60801-3_27,References,"""URLs with schemes such as http, https, ftp, sftp, git, magnet"", ""URLs with paths, query Strings, and fragments""","embedded in references, split across lines",,
2401.04820,14,uri:{https://doi.org/10.1007/978-3-031-06971-0_22},https://doi.org/10.1007/978-3-031-06971-0_22,References,"""URLs with schemes such as http, https, ftp, sftp, git, magnet"", ""URLs with paths, query Strings, and fragments""","embedded in references, split across lines",,
2401.04820,12,uri:{https://cybermacs.eu/},https://cybermacs.eu/,References,"""URLs with schemes such as http, https, ftp, sftp, git, magnet"", URLs with trailing slashes",embedded in references,,
2401.04820,13,uri:{https://apwg.org/trendsreports/},https://apwg.org/trendsreports/,References,"""URLs with schemes such as http, https, ftp, sftp, git, magnet"", ""URLs with paths, query Strings, and fragments"", URLs with trailing slashes",embedded in references,,
2401.04820,13,,https://doi.org/10.1049/ise2.12106 ,References,"""URLs with schemes such as http, https, ftp, sftp, git, magnet"", ""URLs with paths, query Strings, and fragments""",embedded in references,,
2401.04820,15,,https://doi.org/10.1023/A:1024218716736,References,"""URLs with schemes such as http, https, ftp, sftp, git, magnet"", ""URLs with paths, query Strings, and fragments""","embedded in references, split across lines",,
2401.05191,1,,www.aaai.org,Footer,URLs without scheme,embedded in footnotes,,
2401.05191,5,,https://grouplens.org/datasets/movielens/,Methodology,"""URLs with schemes such as http, https, ftp, sftp, git, magnet"", ""URLs with paths, query Strings, and fragments"", URLs with trailing slashes",embedded in footnotes,,
2401.05191,5,,https://jmcauley.ucsd.edu/data/amazon/,Methodology,"""URLs with schemes such as http, https, ftp, sftp, git, magnet"", ""URLs with paths, query Strings, and fragments"", URLs with trailing slashes, URLs with subdomain",embedded in footnotes,,
2401.05191,6,,https://github.com/Riwei-HEU/AHNS,Methodology,"""URLs with schemes such as http, https, ftp, sftp, git, magnet"", ""URLs with paths, query Strings, and fragments""",,,
2401.07917,14,uri:{https://www.glowconsortium.de/},https://www.glowconsortium.de/,References,"URLs with trailing slashes, ""URLs with schemes such as http, https, ftp, sftp, git, magnet""",,Hidden in annotation layers,
2401.07917,16,uri:{https://ui.adsabs.harvard.edu/abs/2023ApJ...951L...8A},https://ui.adsabs.harvard.edu/abs/2023ApJ...951L...8A,References,"""URLs with schemes such as http, https, ftp, sftp, git, magnet"", URLs with subdomain, ""URLs with paths, query Strings, and fragments""",embedded in references,Hidden in annotation layers,
2401.07917,16,uri:{https://ui.adsabs.harvard.edu/abs/2023ApJ...951L...6R},https://ui.adsabs.harvard.edu/abs/2023ApJ...951L...6R,References,"""URLs with schemes such as http, https, ftp, sftp, git, magnet"", URLs with subdomain, ""URLs with paths, query Strings, and fragments""",embedded in references,Hidden in annotation layers,
2401.07917,16,uri:{https://ui.adsabs.harvard.edu/abs/2023A&A...678A..50E},https://ui.adsabs.harvard.edu/abs/2023A&A...678A..50E,References,"""URLs with schemes such as http, https, ftp, sftp, git, magnet"", URLs with subdomain, ""URLs with paths, query Strings, and fragments""",embedded in references,Hidden in annotation layers,
2401.07917,16,uri:{https://ui.adsabs.harvard.edu/abs/2023A&A...678A..49E},https://ui.adsabs.harvard.edu/abs/2023A&A...678A..49E,References,"""URLs with schemes such as http, https, ftp, sftp, git, magnet"", URLs with subdomain, ""URLs with paths, query Strings, and fragments""",embedded in references,Hidden in annotation layers,
2401.07917,16,uri:{https://ui.adsabs.harvard.edu/abs/2023A&A...678A..48E},https://ui.adsabs.harvard.edu/abs/2023A&A...678A..48E,References,"""URLs with schemes such as http, https, ftp, sftp, git, magnet"", URLs with subdomain, ""URLs with paths, query Strings, and fragments""",embedded in references,Hidden in annotation layers,
2401.07917,16,uri:{https://ui.adsabs.harvard.edu/abs/2022PASA...39...53T},https://ui.adsabs.harvard.edu/abs/2022PASA...39...53T,References,"""URLs with schemes such as http, https, ftp, sftp, git, magnet"", URLs with subdomain, ""URLs with paths, query Strings, and fragments""",embedded in references,Hidden in annotation layers,
2401.07917,16,uri:{https://ui.adsabs.harvard.edu/abs/2022JApA...43...98J},https://ui.adsabs.harvard.edu/abs/2022JApA...43...98J,References,"""URLs with schemes such as http, https, ftp, sftp, git, magnet"", URLs with subdomain, ""URLs with paths, query Strings, and fragments""",embedded in references,Hidden in annotation layers,
2401.07917,16,uri:{https://ui.adsabs.harvard.edu/abs/2022ApJ...929...39H},https://ui.adsabs.harvard.edu/abs/2022ApJ...929...39H,References,"""URLs with schemes such as http, https, ftp, sftp, git, magnet"", URLs with subdomain, ""URLs with paths, query Strings, and fragments""",embedded in references,Hidden in annotation layers,
2401.07917,16,uri:{https://ui.adsabs.harvard.edu/abs/2021MNRAS.508.4970C},https://ui.adsabs.harvard.edu/abs/2021MNRAS.508.4970C,References,"""URLs with schemes such as http, https, ftp, sftp, git, magnet"", URLs with subdomain, ""URLs with paths, query Strings, and fragments""",embedded in references,Hidden in annotation layers,
2401.07917,16,uri:{https://ui.adsabs.harvard.edu/abs/2021MNRAS.507.2137R},https://ui.adsabs.harvard.edu/abs/2021MNRAS.507.2137R,References,"""URLs with schemes such as http, https, ftp, sftp, git, magnet"", URLs with subdomain, ""URLs with paths, query Strings, and fragments""",embedded in references,Hidden in annotation layers,
2401.07917,16,uri:{https://ui.adsabs.harvard.edu/abs/2021A&A...647A..84T},https://ui.adsabs.harvard.edu/abs/2021A&A...647A..84T,References,"""URLs with schemes such as http, https, ftp, sftp, git, magnet"", URLs with subdomain, ""URLs with paths, query Strings, and fragments""",embedded in references,Hidden in annotation layers,
2401.07917,16,uri:{https://ui.adsabs.harvard.edu/abs/2020PASA...37...20K},https://ui.adsabs.harvard.edu/abs/2020PASA...37...20K,References,"""URLs with schemes such as http, https, ftp, sftp, git, magnet"", URLs with subdomain, ""URLs with paths, query Strings, and fragments""",embedded in references,Hidden in annotation layers,
2401.07917,16,uri:{https://ui.adsabs.harvard.edu/abs/2020MNRAS.493.3132S},https://ui.adsabs.harvard.edu/abs/2020MNRAS.493.3132S,References,"""URLs with schemes such as http, https, ftp, sftp, git, magnet"", URLs with subdomain, ""URLs with paths, query Strings, and fragments""",embedded in references,Hidden in annotation layers,
2401.07917,16,uri:{https://ui.adsabs.harvard.edu/abs/2020A&A...644A.153D},https://ui.adsabs.harvard.edu/abs/2020A&A...644A.153D,References,"""URLs with schemes such as http, https, ftp, sftp, git, magnet"", URLs with subdomain, ""URLs with paths, query Strings, and fragments""",embedded in references,Hidden in annotation layers,
2401.07917,16,uri:{https://ui.adsabs.harvard.edu/abs/2019MNRAS.487..394T},https://ui.adsabs.harvard.edu/abs/2019MNRAS.487..394T,References,"""URLs with schemes such as http, https, ftp, sftp, git, magnet"", URLs with subdomain, ""URLs with paths, query Strings, and fragments""",embedded in references,Hidden in annotation layers,
2401.07917,16,uri:{https://ui.adsabs.harvard.edu/abs/2019MNRAS.483.4100P},https://ui.adsabs.harvard.edu/abs/2019MNRAS.483.4100P,References,"""URLs with schemes such as http, https, ftp, sftp, git, magnet"", URLs with subdomain, ""URLs with paths, query Strings, and fragments""",embedded in references,Hidden in annotation layers,
2401.07917,16,uri:{https://ui.adsabs.harvard.edu/abs/2019ApJ...872..150M},https://ui.adsabs.harvard.edu/abs/2019ApJ...872..150M,References,"""URLs with schemes such as http, https, ftp, sftp, git, magnet"", URLs with subdomain, ""URLs with paths, query Strings, and fragments""",embedded in references,Hidden in annotation layers,
2401.07917,16,uri:{https://ui.adsabs.harvard.edu/abs/2019A&ARv..27....5B},https://ui.adsabs.harvard.edu/abs/2019A&ARv..27....5B,References,"""URLs with schemes such as http, https, ftp, sftp, git, magnet"", URLs with subdomain, ""URLs with paths, query Strings, and fragments""",embedded in references,Hidden in annotation layers,
2401.07917,16,uri:{https://ui.adsabs.harvard.edu/abs/2019A&A...624A..22D},https://ui.adsabs.harvard.edu/abs/2019A&A...624A..22D,References,"""URLs with schemes such as http, https, ftp, sftp, git, magnet"", URLs with subdomain, ""URLs with paths, query Strings, and fragments""",embedded in references,Hidden in annotation layers,
2401.07917,16,uri:{https://ui.adsabs.harvard.edu/abs/2018PASA...35...13T},https://ui.adsabs.harvard.edu/abs/2018PASA...35...13T,References,"""URLs with schemes such as http, https, ftp, sftp, git, magnet"", URLs with subdomain, ""URLs with paths, query Strings, and fragments""",embedded in references,Hidden in annotation layers,
2401.07917,16,uri:{https://ui.adsabs.harvard.edu/abs/2017ApJ...841..125J},https://ui.adsabs.harvard.edu/abs/2017ApJ...841..125J,References,"""URLs with schemes such as http, https, ftp, sftp, git, magnet"", URLs with subdomain, ""URLs with paths, query Strings, and fragments""",embedded in references,Hidden in annotation layers,
2401.07917,16,uri:{https://ui.adsabs.harvard.edu/abs/2016MNRAS.458.3341D},https://ui.adsabs.harvard.edu/abs/2016MNRAS.458.3341D,References,"""URLs with schemes such as http, https, ftp, sftp, git, magnet"", URLs with subdomain, ""URLs with paths, query Strings, and fragments""",embedded in references,Hidden in annotation layers,
2401.07917,16,uri:{https://ui.adsabs.harvard.edu/abs/2016MNRAS.458.2161L},https://ui.adsabs.harvard.edu/abs/2016MNRAS.458.2161L,References,"""URLs with schemes such as http, https, ftp, sftp, git, magnet"", URLs with subdomain, ""URLs with paths, query Strings, and fragments""",embedded in references,Hidden in annotation layers,
2401.07917,16,uri:{https://ui.adsabs.harvard.edu/abs/2016MNRAS.458.1267V},https://ui.adsabs.harvard.edu/abs/2016MNRAS.458.1267V,References,"""URLs with schemes such as http, https, ftp, sftp, git, magnet"", URLs with subdomain, ""URLs with paths, query Strings, and fragments""",embedded in references,Hidden in annotation layers,
2401.07917,16,uri:{https://ui.adsabs.harvard.edu/abs/2016MNRAS.456.2196B},https://ui.adsabs.harvard.edu/abs/2016MNRAS.456.2196B,References,"""URLs with schemes such as http, https, ftp, sftp, git, magnet"", URLs with subdomain, ""URLs with paths, query Strings, and fragments""",embedded in references,Hidden in annotation layers,
2401.07917,16,uri:{https://ui.adsabs.harvard.edu/abs/2016MNRAS.455.4339T},https://ui.adsabs.harvard.edu/abs/2016MNRAS.455.4339T,References,"""URLs with schemes such as http, https, ftp, sftp, git, magnet"", URLs with subdomain, ""URLs with paths, query Strings, and fragments""",embedded in references,Hidden in annotation layers,
2401.07917,16,uri:{https://ui.adsabs.harvard.edu/abs/2015LRSP...12....4H},https://ui.adsabs.harvard.edu/abs/2015LRSP...12....4H,References,"""URLs with schemes such as http, https, ftp, sftp, git, magnet"", URLs with subdomain, ""URLs with paths, query Strings, and fragments""",embedded in references,Hidden in annotation layers,
2401.07917,16,uri:{https://ui.adsabs.harvard.edu/abs/2015ApJ...813...65N},https://ui.adsabs.harvard.edu/abs/2015ApJ...813...65N,References,"""URLs with schemes such as http, https, ftp, sftp, git, magnet"", URLs with subdomain, ""URLs with paths, query Strings, and fragments""",embedded in references,Hidden in annotation layers,
2401.07917,16,uri:{https://ui.adsabs.harvard.edu/abs/2014MNRAS.437.3004L},https://ui.adsabs.harvard.edu/abs/2014MNRAS.437.3004L,References,"""URLs with schemes such as http, https, ftp, sftp, git, magnet"", URLs with subdomain, ""URLs with paths, query Strings, and fragments""",embedded in references,Hidden in annotation layers,
2401.07917,16,uri:{https://ui.adsabs.harvard.edu/abs/2013PASP..125..306F},https://ui.adsabs.harvard.edu/abs/2013PASP..125..306F,References,"""URLs with schemes such as http, https, ftp, sftp, git, magnet"", URLs with subdomain, ""URLs with paths, query Strings, and fragments""",embedded in references,Hidden in annotation layers,
2401.07917,16,uri:{https://ui.adsabs.harvard.edu/abs/2013PASP..125..306F},https://ui.adsabs.harvard.edu/abs/2013PASP..125..306F,References,"""URLs with schemes such as http, https, ftp, sftp, git, magnet"", URLs with subdomain, ""URLs with paths, query Strings, and fragments""",embedded in references,Hidden in annotation layers,
2401.07917,16,uri:{https://ui.adsabs.harvard.edu/abs/2013PASA...30...17M},https://ui.adsabs.harvard.edu/abs/2013PASA...30...17M,References,"""URLs with schemes such as http, https, ftp, sftp, git, magnet"", URLs with subdomain, ""URLs with paths, query Strings, and fragments""",embedded in references,Hidden in annotation layers,
2401.07917,16,uri:{https://ui.adsabs.harvard.edu/abs/2013MNRAS.429.2161K},https://ui.adsabs.harvard.edu/abs/2013MNRAS.429.2161K,References,"""URLs with schemes such as http, https, ftp, sftp, git, magnet"", URLs with subdomain, ""URLs with paths, query Strings, and fragments""",embedded in references,Hidden in annotation layers,
2401.07917,16,uri:{https://ui.adsabs.harvard.edu/abs/2013CQGra..30v4015S},https://ui.adsabs.harvard.edu/abs/2013CQGra..30v4015S,References,"""URLs with schemes such as http, https, ftp, sftp, git, magnet"", URLs with subdomain, ""URLs with paths, query Strings, and fragments""",embedded in references,Hidden in annotation layers,
2401.07917,16,uri:{https://ui.adsabs.harvard.edu/abs/2013ApJ...762...94D},https://ui.adsabs.harvard.edu/abs/2013ApJ...762...94D,References,"""URLs with schemes such as http, https, ftp, sftp, git, magnet"", URLs with subdomain, ""URLs with paths, query Strings, and fragments""",embedded in references,Hidden in annotation layers,
2401.07917,16,uri:{https://ui.adsabs.harvard.edu/abs/2013A&A...556A...2V},https://ui.adsabs.harvard.edu/abs/2013A&A...556A...2V,References,"""URLs with schemes such as http, https, ftp, sftp, git, magnet"", URLs with subdomain, ""URLs with paths, query Strings, and fragments""",embedded in references,Hidden in annotation layers,
2401.07917,16,uri:{https://ui.adsabs.harvard.edu/abs/2011MNRAS.418..561C},https://ui.adsabs.harvard.edu/abs/2011MNRAS.418..561C,References,"""URLs with schemes such as http, https, ftp, sftp, git, magnet"", URLs with subdomain, ""URLs with paths, query Strings, and fragments""",embedded in references,Hidden in annotation layers,
2401.07917,16,uri:{https://ui.adsabs.harvard.edu/abs/2011MNRAS.414.3117V},https://ui.adsabs.harvard.edu/abs/2011MNRAS.414.3117V,References,"""URLs with schemes such as http, https, ftp, sftp, git, magnet"", URLs with subdomain, ""URLs with paths, query Strings, and fragments""",embedded in references,Hidden in annotation layers,
2401.07917,16,uri:{https://ui.adsabs.harvard.edu/abs/2011A&A...530A..80S},https://ui.adsabs.harvard.edu/abs/2011A&A...530A..80S,References,"""URLs with schemes such as http, https, ftp, sftp, git, magnet"", URLs with subdomain, ""URLs with paths, query Strings, and fragments""",embedded in references,Hidden in annotation layers,
2401.07917,16,uri:{https://ui.adsabs.harvard.edu/abs/2007ApJ...671..907Y},https://ui.adsabs.harvard.edu/abs/2007ApJ...671..907Y,References,"""URLs with schemes such as http, https, ftp, sftp, git, magnet"", URLs with subdomain, ""URLs with paths, query Strings, and fragments""",embedded in references,Hidden in annotation layers,
2401.07917,16,uri:{https://ui.adsabs.harvard.edu/abs/2006MNRAS.372.1549E},https://ui.adsabs.harvard.edu/abs/2006MNRAS.372.1549E,References,"""URLs with schemes such as http, https, ftp, sftp, git, magnet"", URLs with subdomain, ""URLs with paths, query Strings, and fragments""",embedded in references,Hidden in annotation layers,
2401.07917,16,uri:{https://ui.adsabs.harvard.edu/abs/1996Ap&SS.243...87C},https://ui.adsabs.harvard.edu/abs/1996Ap&SS.243...87C,References,"""URLs with schemes such as http, https, ftp, sftp, git, magnet"", URLs with subdomain, ""URLs with paths, query Strings, and fragments""",embedded in references,Hidden in annotation layers,
2401.07917,16,uri:{https://ui.adsabs.harvard.edu/abs/1982Natur.300..615B},https://ui.adsabs.harvard.edu/abs/1982Natur.300..615B,References,"""URLs with schemes such as http, https, ftp, sftp, git, magnet"", URLs with subdomain, ""URLs with paths, query Strings, and fragments""",embedded in references,Hidden in annotation layers,
2401.07917,16,uri:{https://ui.adsabs.harvard.edu/abs/1972ApL....10...67M},https://ui.adsabs.harvard.edu/abs/1972ApL....10...67M,References,"""URLs with schemes such as http, https, ftp, sftp, git, magnet"", URLs with subdomain, ""URLs with paths, query Strings, and fragments""",embedded in references,Hidden in annotation layers,
2401.07917,1,uri:{https://orcid.org/0000-0003-4454-0204},https://orcid.org/0000-0003-4454-0204,Title & Authors,"""URLs with schemes such as http, https, ftp, sftp, git, magnet"", ""URLs with paths, query Strings, and fragments""",,Hidden in annotation layers,
2401.07917,1,uri:{https://orcid.org/0000-0003-3922-4055},https://orcid.org/0000-0003-3922-4055,Title & Authors,"""URLs with schemes such as http, https, ftp, sftp, git, magnet"", ""URLs with paths, query Strings, and fragments""",,Hidden in annotation layers,
2401.07917,1,uri:{https://orcid.org/0000-0003-3611-3464},https://orcid.org/0000-0003-3611-3464,Title & Authors,"""URLs with schemes such as http, https, ftp, sftp, git, magnet"", ""URLs with paths, query Strings, and fragments""",,Hidden in annotation layers,
2401.07917,1,uri:{https://orcid.org/0000-0003-3391-0011},https://orcid.org/0000-0003-3391-0011,Title & Authors,"""URLs with schemes such as http, https, ftp, sftp, git, magnet"", ""URLs with paths, query Strings, and fragments""",,Hidden in annotation layers,
2401.07917,1,uri:{https://orcid.org/0000-0003-3362-7996},https://orcid.org/0000-0003-3362-7996,Title & Authors,"""URLs with schemes such as http, https, ftp, sftp, git, magnet"", ""URLs with paths, query Strings, and fragments""",,Hidden in annotation layers,
2401.07917,1,uri:{https://orcid.org/0000-0003-3068-3677},https://orcid.org/0000-0003-3068-3677,Title & Authors,"""URLs with schemes such as http, https, ftp, sftp, git, magnet"", ""URLs with paths, query Strings, and fragments""",,Hidden in annotation layers,
2401.07917,1,uri:{https://orcid.org/0000-0003-1361-7723},https://orcid.org/0000-0003-1361-7723,Title & Authors,"""URLs with schemes such as http, https, ftp, sftp, git, magnet"", ""URLs with paths, query Strings, and fragments""",,Hidden in annotation layers,
2401.07917,1,uri:{https://orcid.org/0000-0002-9049-8716},https://orcid.org/0000-0002-9049-8716,Title & Authors,"""URLs with schemes such as http, https, ftp, sftp, git, magnet"", ""URLs with paths, query Strings, and fragments""",,Hidden in annotation layers,
2401.07917,1,uri:{https://orcid.org/0000-0002-8452-4834},https://orcid.org/0000-0002-8452-4834,Title & Authors,"""URLs with schemes such as http, https, ftp, sftp, git, magnet"", ""URLs with paths, query Strings, and fragments""",,Hidden in annotation layers,
2401.07917,1,uri:{https://orcid.org/0000-0002-6554-3722},https://orcid.org/0000-0002-6554-3722,Title & Authors,"""URLs with schemes such as http, https, ftp, sftp, git, magnet"", ""URLs with paths, query Strings, and fragments""",,Hidden in annotation layers,
2401.07917,1,uri:{https://orcid.org/0000-0002-5307-2919},https://orcid.org/0000-0002-5307-2919,Title & Authors,"""URLs with schemes such as http, https, ftp, sftp, git, magnet"", ""URLs with paths, query Strings, and fragments""",,Hidden in annotation layers,
2401.07917,1,uri:{https://orcid.org/0000-0002-4553-655X},https://orcid.org/0000-0002-4553-655X,Title & Authors,"""URLs with schemes such as http, https, ftp, sftp, git, magnet"", ""URLs with paths, query Strings, and fragments""",,Hidden in annotation layers,
2401.07917,1,uri:{https://orcid.org/0000-0002-3649-276X},https://orcid.org/0000-0002-3649-276X,Title & Authors,"""URLs with schemes such as http, https, ftp, sftp, git, magnet"", ""URLs with paths, query Strings, and fragments""",,Hidden in annotation layers,
2401.07917,1,uri:{https://orcid.org/0000-0002-3407-8071},https://orcid.org/0000-0002-3407-8071,Title & Authors,"""URLs with schemes such as http, https, ftp, sftp, git, magnet"", ""URLs with paths, query Strings, and fragments""",,Hidden in annotation layers,
2401.07917,1,uri:{https://orcid.org/0000-0002-3118-5963},https://orcid.org/0000-0002-3118-5963,Title & Authors,"""URLs with schemes such as http, https, ftp, sftp, git, magnet"", ""URLs with paths, query Strings, and fragments""",,Hidden in annotation layers,
2401.07917,1,uri:{https://orcid.org/0000-0002-2953-7376},https://orcid.org/0000-0002-2953-7376,Title & Authors,"""URLs with schemes such as http, https, ftp, sftp, git, magnet"", ""URLs with paths, query Strings, and fragments""",,Hidden in annotation layers,
2401.07917,1,uri:{https://orcid.org/0000-0002-2885-8485},https://orcid.org/0000-0002-2885-8485,Title & Authors,"""URLs with schemes such as http, https, ftp, sftp, git, magnet"", ""URLs with paths, query Strings, and fragments""",,Hidden in annotation layers,
2401.07917,1,uri:{https://orcid.org/0000-0002-1775-9692},https://orcid.org/0000-0002-1775-9692,Title & Authors,"""URLs with schemes such as http, https, ftp, sftp, git, magnet"", ""URLs with paths, query Strings, and fragments""",,Hidden in annotation layers,
2401.07917,1,uri:{https://orcid.org/0000-0001-5567-5492},https://orcid.org/0000-0001-5567-5492,Title & Authors,"""URLs with schemes such as http, https, ftp, sftp, git, magnet"", ""URLs with paths, query Strings, and fragments""",,Hidden in annotation layers,
2401.07917,15,uri:{https://lta.lofar.eu/},https://lta.lofar.eu/,References,"""URLs with schemes such as http, https, ftp, sftp, git, magnet"", URLs with subdomain, URLs with trailing slashes",embedded in references,Hidden in annotation layers,
2401.07917,15,uri:{https://github.com/inpta/InPTA.DR1},https://github.com/inpta/InPTA.DR1,References,"""URLs with schemes such as http, https, ftp, sftp, git, magnet"", ""URLs with paths, query Strings, and fragments""",embedded in references,,
2401.07917,15,uri:{https://doi.org/10.5281/zenodo.8164424},https://doi.org/10.5281/zenodo.8164424,References,"""URLs with schemes such as http, https, ftp, sftp, git, magnet"", ""URLs with paths, query Strings, and fragments""",embedded in references,,
2401.07917,15,uri:{https://doi.org/10.25919/cx59-a798},https://doi.org/10.25919/cx59-a798,References,"""URLs with schemes such as http, https, ftp, sftp, git, magnet"", ""URLs with paths, query Strings, and fragments""","embedded in references, split across lines",Hidden in annotation layers,
2401.07917,16,uri:{http://dx.doi.org/10.5281/zenodo.6046212},http://dx.doi.org/10.5281/zenodo.6046212,References,"""URLs with schemes such as http, https, ftp, sftp, git, magnet"", URLs with subdomain, ""URLs with paths, query Strings, and fragments""",embedded in references,Hidden in annotation layers,
2401.07917,16,uri:{http://dx.doi.org/10.3847/2041-8213/acdd02},http://dx.doi.org/10.3847/2041-8213/acdd02,References,"""URLs with schemes such as http, https, ftp, sftp, git, magnet"", URLs with subdomain, ""URLs with paths, query Strings, and fragments""",embedded in references,Hidden in annotation layers,
2401.07917,16,uri:{http://dx.doi.org/10.3847/2041-8213/acdac6},http://dx.doi.org/10.3847/2041-8213/acdac6,References,"""URLs with schemes such as http, https, ftp, sftp, git, magnet"", URLs with subdomain, ""URLs with paths, query Strings, and fragments""",embedded in references,Hidden in annotation layers,
2401.07917,16,uri:{http://dx.doi.org/10.3847/1538-4357/ac5829},http://dx.doi.org/10.3847/1538-4357/ac5829,References,"""URLs with schemes such as http, https, ftp, sftp, git, magnet"", URLs with subdomain, ""URLs with paths, query Strings, and fragments""",embedded in references,Hidden in annotation layers,
2401.07917,16,uri:{http://dx.doi.org/10.3847/1538-4357/ab01fd},http://dx.doi.org/10.3847/1538-4357/ab01fd,References,"""URLs with schemes such as http, https, ftp, sftp, git, magnet"", URLs with subdomain, ""URLs with paths, query Strings, and fragments""",embedded in references,Hidden in annotation layers,
2401.07917,16,uri:{http://dx.doi.org/10.3847/1538-4357/aa73df},http://dx.doi.org/10.3847/1538-4357/aa73df,References,"""URLs with schemes such as http, https, ftp, sftp, git, magnet"", URLs with subdomain, ""URLs with paths, query Strings, and fragments""",embedded in references,Hidden in annotation layers,
2401.07917,16,uri:{http://dx.doi.org/10.22323/1.215.0037},http://dx.doi.org/10.22323/1.215.0037,References,"""URLs with schemes such as http, https, ftp, sftp, git, magnet"", URLs with subdomain, ""URLs with paths, query Strings, and fragments""",embedded in references,Hidden in annotation layers,
2401.07917,16,uri:{http://dx.doi.org/10.1111/j.1365-2966.2011.19505.x},http://dx.doi.org/10.1111/j.1365-2966.2011.19505.x,References,"""URLs with schemes such as http, https, ftp, sftp, git, magnet"", URLs with subdomain, ""URLs with paths, query Strings, and fragments""",embedded in references,Hidden in annotation layers,
2401.07917,16,uri:{http://dx.doi.org/10.1111/j.1365-2966.2011.18613.x},http://dx.doi.org/10.1111/j.1365-2966.2011.18613.x,References,"""URLs with schemes such as http, https, ftp, sftp, git, magnet"", URLs with subdomain, ""URLs with paths, query Strings, and fragments""",embedded in references,Hidden in annotation layers,
2401.07917,16,uri:{http://dx.doi.org/10.1111/j.1365-2966.2006.10870.x},http://dx.doi.org/10.1111/j.1365-2966.2006.10870.x,References,"""URLs with schemes such as http, https, ftp, sftp, git, magnet"", URLs with subdomain, ""URLs with paths, query Strings, and fragments""",embedded in references,Hidden in annotation layers,
2401.07917,16,uri:{http://dx.doi.org/10.1093/mnras/stz1278},http://dx.doi.org/10.1093/mnras/stz1278,References,"""URLs with schemes such as http, https, ftp, sftp, git, magnet"", URLs with subdomain, ""URLs with paths, query Strings, and fragments""",embedded in references,Hidden in annotation layers,
2401.07917,16,uri:{http://dx.doi.org/10.1093/mnras/sty3324},http://dx.doi.org/10.1093/mnras/sty3324,References,"""URLs with schemes such as http, https, ftp, sftp, git, magnet"", URLs with subdomain, ""URLs with paths, query Strings, and fragments""",embedded in references,Hidden in annotation layers,
2401.07917,16,uri:{http://dx.doi.org/10.1093/mnras/stw483},http://dx.doi.org/10.1093/mnras/stw483,References,"""URLs with schemes such as http, https, ftp, sftp, git, magnet"", URLs with subdomain, ""URLs with paths, query Strings, and fragments""",embedded in references,Hidden in annotation layers,
2401.07917,16,uri:{http://dx.doi.org/10.1093/mnras/stw395},http://dx.doi.org/10.1093/mnras/stw395,References,"""URLs with schemes such as http, https, ftp, sftp, git, magnet"", URLs with subdomain, ""URLs with paths, query Strings, and fragments""",embedded in references,Hidden in annotation layers,
2401.07917,16,uri:{http://dx.doi.org/10.1093/mnras/stw347},http://dx.doi.org/10.1093/mnras/stw347,References,"""URLs with schemes such as http, https, ftp, sftp, git, magnet"", URLs with subdomain, ""URLs with paths, query Strings, and fragments""",embedded in references,Hidden in annotation layers,
2401.07917,16,uri:{http://dx.doi.org/10.1093/mnras/stv2755},http://dx.doi.org/10.1093/mnras/stv2755,References,"""URLs with schemes such as http, https, ftp, sftp, git, magnet"", URLs with subdomain, ""URLs with paths, query Strings, and fragments""",embedded in references,Hidden in annotation layers,
2401.07917,16,uri:{http://dx.doi.org/10.1093/mnras/stv2143},http://dx.doi.org/10.1093/mnras/stv2143,References,"""URLs with schemes such as http, https, ftp, sftp, git, magnet"", URLs with subdomain, ""URLs with paths, query Strings, and fragments""",embedded in references,Hidden in annotation layers,
2401.07917,16,uri:{http://dx.doi.org/10.1093/mnras/stt2122},http://dx.doi.org/10.1093/mnras/stt2122,References,"""URLs with schemes such as http, https, ftp, sftp, git, magnet"", URLs with subdomain, ""URLs with paths, query Strings, and fragments""",embedded in references,Hidden in annotation layers,
2401.07917,16,uri:{http://dx.doi.org/10.1093/mnras/sts486},http://dx.doi.org/10.1093/mnras/sts486,References,"""URLs with schemes such as http, https, ftp, sftp, git, magnet"", URLs with subdomain, ""URLs with paths, query Strings, and fragments""",embedded in references,Hidden in annotation layers,
2401.07917,16,uri:{http://dx.doi.org/10.1093/mnras/stab2833},http://dx.doi.org/10.1093/mnras/stab2833,References,"""URLs with schemes such as http, https, ftp, sftp, git, magnet"", URLs with subdomain, ""URLs with paths, query Strings, and fragments""",embedded in references,Hidden in annotation layers,
2401.07917,16,uri:{http://dx.doi.org/10.1093/mnras/stab1990},http://dx.doi.org/10.1093/mnras/stab1990,References,"""URLs with schemes such as http, https, ftp, sftp, git, magnet"", URLs with subdomain, ""URLs with paths, query Strings, and fragments""",embedded in references,Hidden in annotation layers,
2401.07917,16,uri:{http://dx.doi.org/10.1093/mnras/staa278},http://dx.doi.org/10.1093/mnras/staa278,References,"""URLs with schemes such as http, https, ftp, sftp, git, magnet"", URLs with subdomain, ""URLs with paths, query Strings, and fragments""",embedded in references,Hidden in annotation layers,
2401.07917,16,uri:{http://dx.doi.org/10.1088/1742-6596/932/1/012002},http://dx.doi.org/10.1088/1742-6596/932/1/012002,References,"""URLs with schemes such as http, https, ftp, sftp, git, magnet"", URLs with subdomain, ""URLs with paths, query Strings, and fragments""",embedded in references,Hidden in annotation layers,
2401.07917,16,uri:{http://dx.doi.org/10.1088/0264-9381/30/22/224015},http://dx.doi.org/10.1088/0264-9381/30/22/224015,References,"""URLs with schemes such as http, https, ftp, sftp, git, magnet"", URLs with subdomain, ""URLs with paths, query Strings, and fragments""",embedded in references,Hidden in annotation layers,
2401.07917,16,uri:{http://dx.doi.org/10.1088/0264-9381/30/22/224015},http://dx.doi.org/10.1088/0264-9381/30/22/224015,References,"""URLs with schemes such as http, https, ftp, sftp, git, magnet"", URLs with subdomain, ""URLs with paths, query Strings, and fragments""",embedded in references,Hidden in annotation layers,
2401.07917,16,uri:{http://dx.doi.org/10.1088/0004-637X/813/1/65},http://dx.doi.org/10.1088/0004-637X/813/1/65,References,"""URLs with schemes such as http, https, ftp, sftp, git, magnet"", URLs with subdomain, ""URLs with paths, query Strings, and fragments""",embedded in references,Hidden in annotation layers,
2401.07917,16,uri:{http://dx.doi.org/10.1088/0004-637X/762/2/94},http://dx.doi.org/10.1088/0004-637X/762/2/94,References,"""URLs with schemes such as http, https, ftp, sftp, git, magnet"", URLs with subdomain, ""URLs with paths, query Strings, and fragments""",embedded in references,Hidden in annotation layers,
2401.07917,16,uri:{http://dx.doi.org/10.1086/670067},http://dx.doi.org/10.1086/670067,References,"""URLs with schemes such as http, https, ftp, sftp, git, magnet"", URLs with subdomain, ""URLs with paths, query Strings, and fragments""",embedded in references,Hidden in annotation layers,
2401.07917,16,uri:{http://dx.doi.org/10.1086/522227},http://dx.doi.org/10.1086/522227,References,"""URLs with schemes such as http, https, ftp, sftp, git, magnet"", URLs with subdomain, ""URLs with paths, query Strings, and fragments""",embedded in references,Hidden in annotation layers,
2401.07917,16,uri:{http://dx.doi.org/10.1051/0004-6361/202346844},http://dx.doi.org/10.1051/0004-6361/202346844,References,"""URLs with schemes such as http, https, ftp, sftp, git, magnet"", URLs with subdomain, ""URLs with paths, query Strings, and fragments""",embedded in references,Hidden in annotation layers,
2401.07917,16,uri:{http://dx.doi.org/10.1051/0004-6361/202346842},http://dx.doi.org/10.1051/0004-6361/202346842,References,"""URLs with schemes such as http, https, ftp, sftp, git, magnet"", URLs with subdomain, ""URLs with paths, query Strings, and fragments""",embedded in references,Hidden in annotation layers,
2401.07917,16,uri:{http://dx.doi.org/10.1051/0004-6361/202346841},http://dx.doi.org/10.1051/0004-6361/202346841,References,"""URLs with schemes such as http, https, ftp, sftp, git, magnet"", URLs with subdomain, ""URLs with paths, query Strings, and fragments""",embedded in references,Hidden in annotation layers,
2401.07917,16,uri:{http://dx.doi.org/10.1051/0004-6361/202039846},http://dx.doi.org/10.1051/0004-6361/202039846,References,"""URLs with schemes such as http, https, ftp, sftp, git, magnet"", URLs with subdomain, ""URLs with paths, query Strings, and fragments""",embedded in references,Hidden in annotation layers,
2401.07917,16,uri:{http://dx.doi.org/10.1051/0004-6361/202039517},http://dx.doi.org/10.1051/0004-6361/202039517,References,"""URLs with schemes such as http, https, ftp, sftp, git, magnet"", URLs with subdomain, ""URLs with paths, query Strings, and fragments""",embedded in references,Hidden in annotation layers,
2401.07917,16,uri:{http://dx.doi.org/10.1051/0004-6361/201834059},http://dx.doi.org/10.1051/0004-6361/201834059,References,"""URLs with schemes such as http, https, ftp, sftp, git, magnet"", URLs with subdomain, ""URLs with paths, query Strings, and fragments""",embedded in references,Hidden in annotation layers,
2401.07917,16,uri:{http://dx.doi.org/10.1051/0004-6361/201220873},http://dx.doi.org/10.1051/0004-6361/201220873,References,"""URLs with schemes such as http, https, ftp, sftp, git, magnet"", URLs with subdomain, ""URLs with paths, query Strings, and fragments""",embedded in references,Hidden in annotation layers,
2401.07917,16,uri:{http://dx.doi.org/10.1051/0004-6361/201116681},http://dx.doi.org/10.1051/0004-6361/201116681,References,"""URLs with schemes such as http, https, ftp, sftp, git, magnet"", URLs with subdomain, ""URLs with paths, query Strings, and fragments""",embedded in references,Hidden in annotation layers,
2401.07917,16,uri:{http://dx.doi.org/10.1038/300615a0},http://dx.doi.org/10.1038/300615a0,References,"""URLs with schemes such as http, https, ftp, sftp, git, magnet"", URLs with subdomain, ""URLs with paths, query Strings, and fragments""",embedded in references,Hidden in annotation layers,
2401.07917,16,uri:{http://dx.doi.org/10.1017/pasa.2022.46},http://dx.doi.org/10.1017/pasa.2022.46,References,"""URLs with schemes such as http, https, ftp, sftp, git, magnet"", URLs with subdomain, ""URLs with paths, query Strings, and fragments""",embedded in references,Hidden in annotation layers,
2401.07917,16,uri:{http://dx.doi.org/10.1017/pasa.2020.11},http://dx.doi.org/10.1017/pasa.2020.11,References,"""URLs with schemes such as http, https, ftp, sftp, git, magnet"", URLs with subdomain, ""URLs with paths, query Strings, and fragments""",embedded in references,Hidden in annotation layers,
2401.07917,16,uri:{http://dx.doi.org/10.1017/pasa.2018.7},http://dx.doi.org/10.1017/pasa.2018.7,References,"""URLs with schemes such as http, https, ftp, sftp, git, magnet"", URLs with subdomain, ""URLs with paths, query Strings, and fragments""",embedded in references,Hidden in annotation layers,
2401.07917,16,uri:{http://dx.doi.org/10.1017/pasa.2012.017},http://dx.doi.org/10.1017/pasa.2012.017,References,"""URLs with schemes such as http, https, ftp, sftp, git, magnet"", URLs with subdomain, ""URLs with paths, query Strings, and fragments""",embedded in references,Hidden in annotation layers,
2401.07917,16,uri:{http://dx.doi.org/10.1007/s12036-022-09869-w},http://dx.doi.org/10.1007/s12036-022-09869-w,References,"""URLs with schemes such as http, https, ftp, sftp, git, magnet"", URLs with subdomain, ""URLs with paths, query Strings, and fragments""",embedded in references,Hidden in annotation layers,
2401.07917,16,uri:{http://dx.doi.org/10.1007/s00159-019-0115-7},http://dx.doi.org/10.1007/s00159-019-0115-7,References,"""URLs with schemes such as http, https, ftp, sftp, git, magnet"", URLs with subdomain, ""URLs with paths, query Strings, and fragments""",embedded in references,Hidden in annotation layers,
2401.07917,16,uri:{http://dx.doi.org/10.1007/lrsp-2015-4},http://dx.doi.org/10.1007/lrsp-2015-4,References,"""URLs with schemes such as http, https, ftp, sftp, git, magnet"", URLs with subdomain, ""URLs with paths, query Strings, and fragments""",embedded in references,Hidden in annotation layers,
2401.07917,16,uri:{http://dx.doi.org/10.1007/BF00644037},http://dx.doi.org/10.1007/BF00644037,References,"""URLs with schemes such as http, https, ftp, sftp, git, magnet"", URLs with subdomain, ""URLs with paths, query Strings, and fragments""",embedded in references,Hidden in annotation layers,
2401.07917,16,uri:{http://arxiv.org/abs/1801.04318},http://arxiv.org/abs/1801.04318,References,"""URLs with schemes such as http, https, ftp, sftp, git, magnet"", ""URLs with paths, query Strings, and fragments""",embedded in references,Hidden in annotation layers,
2401.07917,16,uri:{http://arxiv.org/abs/1501.00127},http://arxiv.org/abs/1501.00127,References,"""URLs with schemes such as http, https, ftp, sftp, git, magnet"", ""URLs with paths, query Strings, and fragments""",embedded in references,Hidden in annotation layers,
2401.16274,8,uri:{https://www.sdcc.bnl.gov},https://www.sdcc.bnl.gov,References,"""URLs with schemes such as http, https, ftp, sftp, git, magnet"", URLs with subdomain",embedded in references,,
2401.16274,8,uri:{https://www.postgresql.org},https://www.postgresql.org,References,"""URLs with schemes such as http, https, ftp, sftp, git, magnet""","embedded in references, split across lines",,
2401.16274,8,uri:{https://www.pgbouncer.org},https://www.pgbouncer.org,References,"""URLs with schemes such as http, https, ftp, sftp, git, magnet""","embedded in references, split across lines",,
2401.16274,8,uri:{https://www.okd.io},https://www.okd.io,References,"""URLs with schemes such as http, https, ftp, sftp, git, magnet""",embedded in references,,
2401.16274,8,uri:{https://www.nginx.com},https://www.nginx.com,References,"""URLs with schemes such as http, https, ftp, sftp, git, magnet""","embedded in references, split across lines",,
2401.16274,8,uri:{https://www.docker.com},https://www.docker.com,References,"""URLs with schemes such as http, https, ftp, sftp, git, magnet""",embedded in references,,
2401.16274,8,uri:{https://www.djangoproject.com},https://www.djangoproject.com,References,"""URLs with schemes such as http, https, ftp, sftp, git, magnet""",embedded in references,,
2401.16274,8,uri:{https://kubernetes.io},https://kubernetes.io,References,"""URLs with schemes such as http, https, ftp, sftp, git, magnet""",embedded in references,,
2401.16274,8,uri:{https://hepsoftwarefoundation.org/activities/conditionsdb.html},https://hepsoftwarefoundation.org/activities/conditionsdb.html,References,"""URLs with schemes such as http, https, ftp, sftp, git, magnet"", ""URLs with paths, query Strings, and fragments""","embedded in references, split across lines",,
2401.16274,8,uri:{https://helm.sh},https://helm.sh,References,"""URLs with schemes such as http, https, ftp, sftp, git, magnet""",embedded in references,,
2401.16274,8,uri:{https://gunicorn.org},https://gunicorn.org,References,"""URLs with schemes such as http, https, ftp, sftp, git, magnet""",embedded in references,,
2401.17538,11,,https://iot-analytics.com/number-connected-iot-devices/,References,"""URLs with schemes such as http, https, ftp, sftp, git, magnet"", ""URLs with paths, query Strings, and fragments"", URLs with trailing slashes","embedded in references, split across lines",,
2401.17538,11,,https://csrc.nist.gov/projects/post-quantum-cryptography,References,"""URLs with schemes such as http, https, ftp, sftp, git, magnet"", URLs with subdomain, ""URLs with paths, query Strings, and fragments""","embedded in references, split across lines",,
2401.17538,11,,https://nvlpubs.nist.gov/nistpubs/ir/2022/NIST.IR.8413-upd1.pdf,References,"""URLs with schemes such as http, https, ftp, sftp, git, magnet"", URLs with subdomain, ""URLs with paths, query Strings, and fragments""",embedded in references,,
2401.17538,11,,https://www.rfc-editor.org/info/rfc7228,References,"""URLs with schemes such as http, https, ftp, sftp, git, magnet"", ""URLs with paths, query Strings, and fragments""",embedded in references,,
2401.17538,11,,https://datatracker.ietf.org/doc/draft-urien-lwig-security-classes/09/,References,"""URLs with schemes such as http, https, ftp, sftp, git, magnet"", URLs with trailing slashes, ""URLs with paths, query Strings, and fragments"", URLs with subdomain",embedded in references,,
2401.17538,11,,https://newsroom.ibm.com/2021-11-16-IBM-Unveils-Breakthrough-127-Qubit-Quantum-Processor,References,"""URLs with schemes such as http, https, ftp, sftp, git, magnet"", URLs with subdomain, ""URLs with paths, query Strings, and fragments""","embedded in references, split across lines",,
2401.17538,11,,https://www.ibm.com/quantum/roadmap,References,"""URLs with schemes such as http, https, ftp, sftp, git, magnet"", ""URLs with paths, query Strings, and fragments""",embedded in references,,
2401.17538,11,,https://www.nccoe.nist.gov/crypto-agility-considerations-migrating-post-quantum-cryptographic-algorithms,References,"""URLs with schemes such as http, https, ftp, sftp, git, magnet"", URLs with subdomain, ""URLs with paths, query Strings, and fragments""","embedded in references, split across lines",,
2401.17538,11,,https://multos.com/support/multos-trust-anchor/developer-boards/,References,"""URLs with schemes such as http, https, ftp, sftp, git, magnet"", ""URLs with paths, query Strings, and fragments"", URLs with trailing slashes",embedded in references,,
,,,#N/A,,,,,
,,,#N/A,,,,,
,,,#N/A,,,,,
,,,#N/A,,,,,
,,,#N/A,,,,,
,,,#N/A,,,,,
,,,#N/A,,,,,
,,,#N/A,,,,,
,,,#N/A,,,,,
,,,#N/A,,,,,
,,,#N/A,,,,,
,,,#N/A,,,,,
,,,#N/A,,,,,
,,,#N/A,,,,,
,,,#N/A,,,,,
,,,#N/A,,,,,
,,,#N/A,,,,,
,,,#N/A,,,,,
,,,#N/A,,,,,
,,,#N/A,,,,,
,,,#N/A,,,,,
,,,#N/A,,,,,
,,,#N/A,,,,,
,,,#N/A,,,,,
,,,#N/A,,,,,
,,,#N/A,,,,,
,,,#N/A,,,,,
,,,#N/A,,,,,
,,,#N/A,,,,,
,,,#N/A,,,,,
,,,#N/A,,,,,
,,,#N/A,,,,,
,,,#N/A,,,,,
,,,#N/A,,,,,
,,,#N/A,,,,,
,,,#N/A,,,,,
,,,#N/A,,,,,
,,,#N/A,,,,,
,,,#N/A,,,,,
,,,#N/A,,,,,
,,,#N/A,,,,,
,,,#N/A,,,,,
,,,#N/A,,,,,
,,,#N/A,,,,,
,,,#N/A,,,,,
,,,#N/A,,,,,
,,,#N/A,,,,,
,,,#N/A,,,,,
,,,#N/A,,,,,
,,,#N/A,,,,,
,,,#N/A,,,,,
,,,#N/A,,,,,
,,,#N/A,,,,,
,,,#N/A,,,,,
,,,#N/A,,,,,
,,,#N/A,,,,,
,,,#N/A,,,,,
,,,#N/A,,,,,
,,,#N/A,,,,,
,,,#N/A,,,,,
,,,#N/A,,,,,
,,,#N/A,,,,,
,,,#N/A,,,,,
,,,#N/A,,,,,
,,,#N/A,,,,,
,,,#N/A,,,,,
,,,#N/A,,,,,
,,,#N/A,,,,,
,,,#N/A,,,,,
,,,#N/A,,,,,
,,,#N/A,,,,,
,,,#N/A,,,,,
,,,#N/A,,,,,
,,,#N/A,,,,,
,,,#N/A,,,,,
,,,#N/A,,,,,
,,,#N/A,,,,,
,,,#N/A,,,,,
,,,#N/A,,,,,
,,,#N/A,,,,,
,,,#N/A,,,,,
,,,#N/A,,,,,
,,,#N/A,,,,,
,,,#N/A,,,,,
,,,#N/A,,,,,
,,,#N/A,,,,,
,,,#N/A,,,,,
,,,#N/A,,,,,
,,,#N/A,,,,,
,,,#N/A,,,,,
,,,#N/A,,,,,
,,,#N/A,,,,,
,,,#N/A,,,,,
,,,#N/A,,,,,
,,,#N/A,,,,,
,,,#N/A,,,,,
,,,#N/A,,,,,
,,,#N/A,,,,,
,,,#N/A,,,,,
,,,#N/A,,,,,
,,,#N/A,,,,,
,,,#N/A,,,,,
,,,#N/A,,,,,
,,,#N/A,,,,,