,,,,,,"annotation layer, embedded in images",
arxiv_id,page,URL,location,Lexicographical Complexity,Spatial Complexity,Representational Complexity,
0711.3001,1,http://arxiv.org/abs/0711.3001v1,Title & Authors,"""URLs with schemes such as http, https, ftp, sftp, git, magnet"", ""URLs with paths, query Strings, and fragments""",,"Hidden in annotation layers, Hidden in metadata",
0711.3001,1, http://www.naic.edu/∼pfreire/GCpsr.html ,Footer,"""URLs with schemes such as http, https, ftp, sftp, git, magnet"", ""URLs with paths, query Strings, and fragments""",embedded in footnotes,,
0711.3001,6,astro-ph/0501230,,"""URLs with paths, query Strings, and fragments"", URLs without scheme",embedded in references,Hidden in annotation layers,
0711.3001,6,arXiv:astro-ph/051218,References,"""URLs with paths, query Strings, and fragments"", URLs without scheme",embedded in references,Hidden in annotation layers,
0711.3001,6,arXiv:astro-ph/0512065.,References,"""URLs with paths, query Strings, and fragments"", URLs without scheme",embedded in references,Hidden in annotation layers,
0711.3001,6,astro-ph/0605115,References,"""URLs with paths, query Strings, and fragments"", URLs without scheme",embedded in references,Hidden in annotation layers,
0711.3001,1,http://arxiv.org/abs/0711.4065v3,Title & Authors,"""URLs with schemes such as http, https, ftp, sftp, git, magnet"", ""URLs with paths, query Strings, and fragments""",,"Hidden in annotation layers, Hidden in metadata",
0711.3001,17,www.esf.org/euryi.,Conclusions,"URLs without scheme, ""URLs with paths, query Strings, and fragments""",,,
0806.0851,1,mailto:bean@astro.physik.uni-goettingen.de,Title & Authors,"""URLs with schemes such as http, https, ftp, sftp, git, magnet""",,Hidden in annotation layers,
0806.0851,1,http://arxiv.org/abs/0806.0851v2,Title & Authors,"""URLs with schemes such as http, https, ftp, sftp, git, magnet"", ""URLs with paths, query Strings, and fragments""",,"Hidden in annotation layers, Hidden in metadata",
0806.0851,1,http://cdsweb.u-strasbg.fr/cgi-bin/qcat?J/A+A/,Introduction,"""URLs with schemes such as http, https, ftp, sftp, git, magnet"", ""URLs with paths, query Strings, and fragments"", URLs with subdomain, URLs with trailing slashes",embedded in footnotes,,
0806.0851,7,http://brucegary.net/AXA/GJ436/gj436.htm,Results and Discussion,"""URLs with schemes such as http, https, ftp, sftp, git, magnet"", ""URLs with paths, query Strings, and fragments""",embedded in footnotes,,
0806.2409,1,mailto:xxing@physics.syr.edu,Abstract,"""URLs with schemes such as http, https, ftp, sftp, git, magnet""",,Hidden in annotation layers,
0806.2409,1,http://arxiv.org/abs/0806.2409v2,Abstract,"""URLs with schemes such as http, https, ftp, sftp, git, magnet"", ""URLs with paths, query Strings, and fragments""",,"Hidden in annotation layers, Hidden in metadata",
0806.2409,53,https://www.sciencemag.org/cgi/content/abstract/299/5613/1716,References,"""URLs with schemes such as http, https, ftp, sftp, git, magnet"", ""URLs with paths, query Strings, and fragments""",embedded in references,,
0806.2409,54,http://link.aip.org/link/?APL/22/493/1,References,"""URLs with schemes such as http, https, ftp, sftp, git, magnet"", ""URLs with paths, query Strings, and fragments"", URLs with subdomain",embedded in references,,
0806.2409,54,http://link.aps.org/abstract/PRE/v77/e041705,References,"""URLs with schemes such as http, https, ftp, sftp, git, magnet"", ""URLs with paths, query Strings, and fragments"", URLs with subdomain",embedded in references,,
0806.2409,55,http://link.aip.org/link/?APL/60/2204/1,References,"""URLs with schemes such as http, https, ftp, sftp, git, magnet"", ""URLs with paths, query Strings, and fragments"", URLs with subdomain",embedded in references,,
0806.2409,55,http://webusers.physics.uiuc.edu/m-stone5/,References,"""URLs with schemes such as http, https, ftp, sftp, git, magnet"", ""URLs with paths, query Strings, and fragments"", URLs with subdomain, URLs with trailing slashes",embedded in references,,
0806.2409,56,http://link.aps.org/abstract/PRE/v74/e021711,References,"""URLs with schemes such as http, https, ftp, sftp, git, magnet"", URLs with subdomain, ""URLs with paths, query Strings, and fragments""",embedded in references,,
0806.2409,56,http://link.aps.org/abstract/PRL/v101/e147801,References,"""URLs with schemes such as http, https, ftp, sftp, git, magnet"", URLs with subdomain, ""URLs with paths, query Strings, and fragments""",embedded in references,,
0806.2409,54,http://link.aps.org/abstract/RMP/v80/p61,References,"""URLs with schemes such as http, https, ftp, sftp, git, magnet"", ""URLs with paths, query Strings, and fragments"", URLs with subdomain",embedded in references,,
0806.2409,55,http://link.aps.org/abstract/PRL/v101/e037802,References,"""URLs with schemes such as http, https, ftp, sftp, git, magnet"", ""URLs with paths, query Strings, and fragments"", URLs with subdomain",embedded in references,,
quant-ph0001004,1,http://arxiv.org/abs/quant-ph/0001004v1,Title & Authors,"""URLs with schemes such as http, https, ftp, sftp, git, magnet"", ""URLs with paths, query Strings, and fragments""",,"Hidden in annotation layers, Hidden in metadata",
quant-ph0001004,96,http://archiv.tu-chemnitz.de/pub/1997/0009,References,"""URLs with schemes such as http, https, ftp, sftp, git, magnet"", ""URLs with paths, query Strings, and fragments"", URLs with subdomain",embedded in references,,
quant-ph0001004,96,http://www.ctennant.co.uk/tenn04.htm,References,"""URLs with schemes such as http, https, ftp, sftp, git, magnet"", ""URLs with paths, query Strings, and fragments"", URLs with subdomain",embedded in references,,
physics0305069,1,http://arxiv.org/abs/physics/0305069v1,Title & Authors,"""URLs with schemes such as http, https, ftp, sftp, git, magnet"", ""URLs with paths, query Strings, and fragments""",,"Hidden in annotation layers, Hidden in metadata",
physics0305069,1,www.gridcanada.ca,Methodology,URLs without scheme,,,
physics0305069,1,www.canarie.ca,Methodology,URLs without scheme,,,
physics0305069,1,www.c3.ca,Methodology,URLs without scheme,,,
physics0305069,1,www.nrc.ca,Methodology,URLs without scheme,,,
physics0305069,2,http://grid.phys.uvic.ca,Methodology,"""URLs with schemes such as http, https, ftp, sftp, git, magnet"", URLs with subdomain, URLs with trailing slashes, URLs without scheme",,,
physics0305069,4,http://www.globus.org,References,"""URLs with schemes such as http, https, ftp, sftp, git, magnet""",,,
physics0305069,4,http://www.openafs.org,References,"""URLs with schemes such as http, https, ftp, sftp, git, magnet""",,,
physics0305069,4,http://www.objectivity.com,References,"""URLs with schemes such as http, https, ftp, sftp, git, magnet""",,,
physics0305069,4,http://www.cs.wisc.edu/condor,References,"""URLs with schemes such as http, https, ftp, sftp, git, magnet"", URLs with subdomain, ""URLs with paths, query Strings, and fragments""",,,
physics0305069,4,http://www.pbspro.com/overview.html,References,"""URLs with schemes such as http, https, ftp, sftp, git, magnet"", URLs with subdomain, ""URLs with paths, query Strings, and fragments""",,,
physics0305069,4,https://gridport.npaci.edu,References,"""URLs with schemes such as http, https, ftp, sftp, git, magnet"", URLs with subdomain",,,
physics0305069,4,http://www.raxnet.net/products/cacti,References,"""URLs with schemes such as http, https, ftp, sftp, git, magnet"", ""URLs with paths, query Strings, and fragments""",,,
physics0305069,4,http://root.cern.ch,References,"""URLs with schemes such as http, https, ftp, sftp, git, magnet"", URLs with subdomain",,,
math0604479,1,http://arxiv.org/abs/math/0604479v2,Title & Authors,"""URLs with schemes such as http, https, ftp, sftp, git, magnet"", ""URLs with paths, query Strings, and fragments""",,"Hidden in annotation layers, Hidden in metadata",
math0604479,1,mailto:brichert@calpoly.edu.,Title & Authors,"""URLs with schemes such as http, https, ftp, sftp, git, magnet""",embedded in footnotes,Hidden in annotation layers,
math0604479,15,http://www.math.uiuc.edu/Macaulay2/,References,"""URLs with schemes such as http, https, ftp, sftp, git, magnet"", URLs with subdomain, URLs with trailing slashes, ""URLs with paths, query Strings, and fragments""",embedded in references,,
math0604479,15,mailto:csdodd@gmail.com,References,"""URLs with schemes such as http, https, ftp, sftp, git, magnet""",embedded in references,Hidden in annotation layers,
math0604479,15,mailto:asmarks@gmail.com,References,"""URLs with schemes such as http, https, ftp, sftp, git, magnet""",embedded in references,Hidden in annotation layers,
math0604479,15,mailto:vmeyerso@calpoly.edu,References,"""URLs with schemes such as http, https, ftp, sftp, git, magnet""",embedded in references,Hidden in annotation layers,
math0604479,15,mailto:brichert@calpoly.edu,References,"""URLs with schemes such as http, https, ftp, sftp, git, magnet""",embedded in references,Hidden in annotation layers,
math0604095,1,http://arxiv.org/abs/math/0604095v2,Title & Authors,"""URLs with schemes such as http, https, ftp, sftp, git, magnet"", ""URLs with paths, query Strings, and fragments""",,"Hidden in annotation layers, Hidden in metadata",
math0604095,10,www.maths.bris.ac.uk/~mamjw,Results and Discussion,"URLs with subdomain, ""URLs with paths, query Strings, and fragments"", URLs without scheme",embedded in footnotes,,
math0604095,13,www.maths.nottingham.ac.uk/personal/jec,References,"URLs with subdomain, ""URLs with paths, query Strings, and fragments"", URLs without scheme",embedded in references,,
math0604095,14,www.ams.org/online_bks/pspum332,References,"""URLs with paths, query Strings, and fragments"", URLs without scheme",embedded in references,,
math0604095,14,www.eecs.berkeley.edu/~yozo/papers/LBNL-46996.ps.gz,References,"""URLs with paths, query Strings, and fragments"", URLs with subdomain, URLs without scheme",embedded in references,,
math0604095,14,www.sunsite.ubc.ca/DigitalMathArchive/Langlands,References,"URLs with subdomain, ""URLs with paths, query Strings, and fragments"", URLs without scheme",embedded in references,,
math0604095,15,www.math.uwaterloo.ca/~mrubinst,References,"URLs with subdomain, ""URLs with paths, query Strings, and fragments"", URLs without scheme",embedded in references,,
math0604095,15,www.math.harvard.edu/~rtaylor,References,"URLs with subdomain, ""URLs with paths, query Strings, and fragments"", URLs without scheme",embedded in references,,
math0604095,15,www.expmath.org/expmath/contents.html,References,"""URLs with paths, query Strings, and fragments"", URLs without scheme",embedded in references,,
math0604095,1,phil_martin_uk@hotmail.com,Title & Authors,"""URLs with schemes such as http, https, ftp, sftp, git, magnet""",,"Hidden in annotation layers, Hidden in metadata",
math0604095,1,mailto:watkins@maths.usyd.edu.au,Title & Authors,"""URLs with schemes such as http, https, ftp, sftp, git, magnet""",,Hidden in annotation layers,
math0404241,1,http://arxiv.org/abs/math/0404241v1,Title & Authors,"""URLs with schemes such as http, https, ftp, sftp, git, magnet"", ""URLs with paths, query Strings, and fragments""",,"Hidden in annotation layers, Hidden in metadata",
math0404241,12,http://arxiv.org/abs/math.PR/0403016,References,"""URLs with schemes such as http, https, ftp, sftp, git, magnet"", ""URLs with paths, query Strings, and fragments""",embedded in references,,
math0404241,12,mailto:Wlodzimierz.Bryc@UC.edu,References,"""URLs with schemes such as http, https, ftp, sftp, git, magnet""",,Hidden in annotation layers,
math0404241,12,mailto:wesolo@alpha.mini.pw.edu.pl,References,"""URLs with schemes such as http, https, ftp, sftp, git, magnet""",,Hidden in annotation layers,
math0305404,1,http://arxiv.org/abs/math/0305404v1,Title & Authors,"""URLs with schemes such as http, https, ftp, sftp, git, magnet"", ""URLs with paths, query Strings, and fragments""",,"Hidden in annotation layers, Hidden in metadata",
math0305404,6,http://www.math.temple.edu/~matthias,References,"""URLs with schemes such as http, https, ftp, sftp, git, magnet"", URLs with subdomain",,,
math0305004,1,http://arxiv.org/abs/math/0305004v1,Title & Authors,"""URLs with schemes such as http, https, ftp, sftp, git, magnet"", ""URLs with paths, query Strings, and fragments""",,"Hidden in annotation layers, Hidden in metadata",
math0305004,10,www.cs.utep.edu/interval-comp/rcjournal.html,References,"URLs without scheme, ""URLs with paths, query Strings, and fragments"", URLs with subdomain",embedded in references,,
math-ph0305029,1,http://arxiv.org/abs/math-ph/0305029v1,Title & Authors,"""URLs with schemes such as http, https, ftp, sftp, git, magnet"", ""URLs with paths, query Strings, and fragments""",,"Hidden in annotation layers, Hidden in metadata",
math-ph0305029,18,http://www.ms.unimelb.edu.au/˜matpjf/matpjf.html.,References,"""URLs with schemes such as http, https, ftp, sftp, git, magnet"", ""URLs with paths, query Strings, and fragments"", URLs with subdomain",embedded in references,,
math-ph0305029,18,http://www.math.ucl.ac.be/~magnus/,References,"""URLs with schemes such as http, https, ftp, sftp, git, magnet"", ""URLs with paths, query Strings, and fragments"", URLs with subdomain, URLs with trailing slashes",embedded in references,,
hep-th0604177,1,http://arxiv.org/abs/hep-th/0604177v2,Title & Authors,"""URLs with schemes such as http, https, ftp, sftp, git, magnet"", ""URLs with paths, query Strings, and fragments""",,"Hidden in annotation layers, Hidden in metadata",
hep-th0604177,4,http://gravity.psu.edu/numrel/strings/,Results and Discussion,"""URLs with schemes such as http, https, ftp, sftp, git, magnet"", URLs with subdomain, ""URLs with paths, query Strings, and fragments"", URLs with trailing slashes",,,
hep-th0604177,4,http://arxiv.org/abs/hep-ph/9206216,References,"""URLs with schemes such as http, https, ftp, sftp, git, magnet"", ""URLs with paths, query Strings, and fragments""",embedded in references,Hidden in annotation layers,
hep-th0604177,4,http://arxiv.org/abs/hep-ph/9904229,References,"""URLs with schemes such as http, https, ftp, sftp, git, magnet"", ""URLs with paths, query Strings, and fragments""",embedded in references,Hidden in annotation layers,
hep-th0604177,4,http://arxiv.org/abs/hep-th/0507246,References,"""URLs with schemes such as http, https, ftp, sftp, git, magnet"", ""URLs with paths, query Strings, and fragments""",embedded in references,Hidden in annotation layers,
hep-th0604177,4,http://arxiv.org/abs/hep-th/0602175,References,"""URLs with schemes such as http, https, ftp, sftp, git, magnet"", ""URLs with paths, query Strings, and fragments""",embedded in references,Hidden in annotation layers,
hep-th0604177,4,http://arxiv.org/abs/hep-th/0603134,References,"""URLs with schemes such as http, https, ftp, sftp, git, magnet"", ""URLs with paths, query Strings, and fragments""",embedded in references,Hidden in annotation layers,
hep-th0604177,4,http://arxiv.org/abs/hep-th/0505172,References,"""URLs with schemes such as http, https, ftp, sftp, git, magnet"", ""URLs with paths, query Strings, and fragments""",embedded in references,Hidden in annotation layers,
hep-th0604177,4,http://arxiv.org/abs/hep-ph/9802306,References,"""URLs with schemes such as http, https, ftp, sftp, git, magnet"", ""URLs with paths, query Strings, and fragments""",embedded in references,Hidden in annotation layers,
hep-th0604177,4,http://arxiv.org/abs/astro-ph/0512487,References,"""URLs with schemes such as http, https, ftp, sftp, git, magnet"", ""URLs with paths, query Strings, and fragments""",embedded in references,Hidden in annotation layers,
hep-th0604177,4,http://arxiv.org/abs/hep-ph/9304214,References,"""URLs with schemes such as http, https, ftp, sftp, git, magnet"", ""URLs with paths, query Strings, and fragments""",embedded in references,Hidden in annotation layers,
hep-th0604177,4,http://arxiv.org/abs/hep-th/0402032,References,"""URLs with schemes such as http, https, ftp, sftp, git, magnet"", ""URLs with paths, query Strings, and fragments""",embedded in references,Hidden in annotation layers,
hep-th0604177,4,http://arxiv.org/abs/hep-th/0405247,References,"""URLs with schemes such as http, https, ftp, sftp, git, magnet"", ""URLs with paths, query Strings, and fragments""",embedded in references,Hidden in annotation layers,
hep-th0604177,4,http://arxiv.org/abs/hep-ph/9612350,References,"""URLs with schemes such as http, https, ftp, sftp, git, magnet"", ""URLs with paths, query Strings, and fragments""",embedded in references,Hidden in annotation layers,
hep-th0604177,4,http://arxiv.org/abs/hep-th/0405229,References,"""URLs with schemes such as http, https, ftp, sftp, git, magnet"", ""URLs with paths, query Strings, and fragments""",embedded in references,Hidden in annotation layers,
hep-th0604177,4,http://arxiv.org/abs/hep-th/0506022,References,"""URLs with schemes such as http, https, ftp, sftp, git, magnet"", ""URLs with paths, query Strings, and fragments""",embedded in references,Hidden in annotation layers,
hep-th0604177,4,http://arxiv.org/abs/hep-th/9306120,References,"""URLs with schemes such as http, https, ftp, sftp, git, magnet"", ""URLs with paths, query Strings, and fragments""",embedded in references,Hidden in annotation layers,
hep-th0604177,4,http://arxiv.org/abs/hep-th/9203023,References,"""URLs with schemes such as http, https, ftp, sftp, git, magnet"", ""URLs with paths, query Strings, and fragments""",embedded in references,Hidden in annotation layers,
hep-th0509024,1,http://arxiv.org/abs/hep-th/0509024v1,Title & Authors,"""URLs with schemes such as http, https, ftp, sftp, git, magnet"", ""URLs with paths, query Strings, and fragments""",,"Hidden in annotation layers, Hidden in metadata",
hep-th0509024,118,http://www.phys.uu.nl/∼thooft.,References,"""URLs with schemes such as http, https, ftp, sftp, git, magnet"", ""URLs with paths, query Strings, and fragments"", URLs with subdomain",embedded in references,,
hep-th0509024,120,http://www-spht.cea.fr/articles/t01/014/publi.ps.gz,References,"""URLs with schemes such as http, https, ftp, sftp, git, magnet"", URLs with subdomain, ""URLs with paths, query Strings, and fragments""",embedded in references,,
hep-ph9305288,1,http://arxiv.org/abs/hep-ph/9305288v1,References,"""URLs with schemes such as http, https, ftp, sftp, git, magnet"", ""URLs with paths, query Strings, and fragments""",,"Hidden in annotation layers, Hidden in metadata",
hep-ph9305288,5,http://arxiv.org/ps/hep-ph/9305288v1,References,"""URLs with schemes such as http, https, ftp, sftp, git, magnet"", ""URLs with paths, query Strings, and fragments""",,,
hep-ph9305288,6,http://arxiv.org/ps/hep-ph/9305288v1,References,"""URLs with schemes such as http, https, ftp, sftp, git, magnet"", ""URLs with paths, query Strings, and fragments""",,,
hep-ph9305288,7,http://arxiv.org/ps/hep-ph/9305288v1,References,"""URLs with schemes such as http, https, ftp, sftp, git, magnet"", ""URLs with paths, query Strings, and fragments""",,,
hep-ph9305288,8,http://arxiv.org/ps/hep-ph/9305288v1,References,"""URLs with schemes such as http, https, ftp, sftp, git, magnet"", ""URLs with paths, query Strings, and fragments""",,,
hep-ph0110228,1,http://arxiv.org/abs/hep-ph/0110228v1,Title & Authors,"""URLs with schemes such as http, https, ftp, sftp, git, magnet"", ""URLs with paths, query Strings, and fragments""",,"Hidden in annotation layers, Hidden in metadata",
hep-ph0110228,,mailto:Malgorzata.Worek@phys.us.edu.pl,Title & Authors,"""URLs with schemes such as http, https, ftp, sftp, git, magnet""",,Hidden in annotation layers,
hep-ph0110228,,www.home.cern.ch/∼wasm.,References,"""URLs with paths, query Strings, and fragments"", URLs without scheme, URLs with subdomain",embedded in references,,
hep-ph0110220,1,http://arxiv.org/abs/hep-ph/0110220v1,Title & Authors,"""URLs with schemes such as http, https, ftp, sftp, git, magnet"", ""URLs with paths, query Strings, and fragments""",,"Hidden in annotation layers, Hidden in metadata",
hep-ph0110220,143,http://www.cern.ch/CERN/Announcements/2000/NewStateMatter,References,"""URLs with schemes such as http, https, ftp, sftp, git, magnet"", URLs with subdomain, ""URLs with paths, query Strings, and fragments""",embedded in references,,
hep-ph0110220,144,http://www.bnl.gov/RHIC/,References,"""URLs with schemes such as http, https, ftp, sftp, git, magnet"", URLs with subdomain, ""URLs with paths, query Strings, and fragments"", URLs with trailing slashes",embedded in references,,
hep-ex0305058,1,http://arxiv.org/abs/hep-ex/0305058v1,Title & Authors,"""URLs with schemes such as http, https, ftp, sftp, git, magnet"", ""URLs with paths, query Strings, and fragments""",,,
cond-mat0604252,1,http://arxiv.org/abs/cond-mat/0604252v1,Title & Authors,"""URLs with schemes such as http, https, ftp, sftp, git, magnet"", ""URLs with paths, query Strings, and fragments""",embedded in references,"Hidden in annotation layers, Hidden in metadata",
cond-mat0604252,11, http://theory.caltech.edu/people/preskill/ph229/,References,"""URLs with schemes such as http, https, ftp, sftp, git, magnet"", ""URLs with paths, query Strings, and fragments"", URLs with subdomain, URLs with trailing slashes",embedded in references,,
cond-mat0604079,1,http://arxiv.org/abs/cond-mat/0604079v2,Title & Authors,"""URLs with schemes such as http, https, ftp, sftp, git, magnet"", ""URLs with paths, query Strings, and fragments""",,"Hidden in annotation layers, Hidden in metadata",
cond-mat0604079,1,mailto:vicenteg@unex.es,Introduction,"""URLs with schemes such as http, https, ftp, sftp, git, magnet""",embedded in footnotes,,
cond-mat0604079,1,http://www.unex.es/eweb/fisteor/vicente/,Introduction,"""URLs with schemes such as http, https, ftp, sftp, git, magnet"", ""URLs with paths, query Strings, and fragments"", URLs with subdomain, URLs with trailing slashes",embedded in footnotes,,
cond-mat0604079,1,mailto:andres@unex.es,Introduction,"""URLs with schemes such as http, https, ftp, sftp, git, magnet""",embedded in footnotes,,
cond-mat0604079,1,http://www.unex.es/eweb/fisteor/andres/,Introduction,"""URLs with schemes such as http, https, ftp, sftp, git, magnet"", URLs with subdomain, ""URLs with paths, query Strings, and fragments"", URLs with trailing slashes",embedded in footnotes,,
cond-mat0604079,1,mailto:jmm@unex.es,Introduction,"""URLs with schemes such as http, https, ftp, sftp, git, magnet""",embedded in footnotes,,
cond-mat0604079,10,http://arxiv.org/abs/cond-mat/0411219,References,"""URLs with schemes such as http, https, ftp, sftp, git, magnet"", ""URLs with paths, query Strings, and fragments""",embedded in references,Hidden in annotation layers,
cond-mat0604079,11,http://arxiv.org/abs/cond-mat/0604079,References,"""URLs with schemes such as http, https, ftp, sftp, git, magnet"", ""URLs with paths, query Strings, and fragments""",embedded in references,Hidden in annotation layers,
cond-mat0404117,1,http://arxiv.org/abs/cond-mat/0404117v1,Title & Authors,"""URLs with schemes such as http, https, ftp, sftp, git, magnet"", ""URLs with paths, query Strings, and fragments""",,"Hidden in annotation layers, Hidden in metadata",
cond-mat0404117,7,http://arxiv.org/ps/cond-mat/0404117v1,References,"""URLs with schemes such as http, https, ftp, sftp, git, magnet"", ""URLs with paths, query Strings, and fragments""",,,
cond-mat0404117,8,http://arxiv.org/ps/cond-mat/0404117v1,References,"""URLs with schemes such as http, https, ftp, sftp, git, magnet"", ""URLs with paths, query Strings, and fragments""",,,
cond-mat0404117,9,http://arxiv.org/ps/cond-mat/0404117v1,References,"""URLs with schemes such as http, https, ftp, sftp, git, magnet"", ""URLs with paths, query Strings, and fragments""",,,
cond-mat0404117,10,http://arxiv.org/ps/cond-mat/0404117v1,References,"""URLs with schemes such as http, https, ftp, sftp, git, magnet"", ""URLs with paths, query Strings, and fragments""",,,
cond-mat0404117,11,http://arxiv.org/ps/cond-mat/0404117v1,References,"""URLs with schemes such as http, https, ftp, sftp, git, magnet"", ""URLs with paths, query Strings, and fragments""",,,
cond-mat0404117,12,http://arxiv.org/ps/cond-mat/0404117v1,References,"""URLs with schemes such as http, https, ftp, sftp, git, magnet"", ""URLs with paths, query Strings, and fragments""",,,
cond-mat0404117,13,http://arxiv.org/ps/cond-mat/0404117v1,References,"""URLs with schemes such as http, https, ftp, sftp, git, magnet"", ""URLs with paths, query Strings, and fragments""",,,
cond-mat0305091,1,http://arxiv.org/abs/cond-mat/0305091v1,Title & Authors,"""URLs with schemes such as http, https, ftp, sftp, git, magnet"", ""URLs with paths, query Strings, and fragments""",,"Hidden in annotation layers, Hidden in metadata",
cond-mat0305091,4,http://tsallis.cat.cbpf.br/biblio.htm,References,"""URLs with schemes such as http, https, ftp, sftp, git, magnet"", URLs with subdomain, ""URLs with paths, query Strings, and fragments""",embedded in references,,
cond-mat0305091,1,mailto:moyano@cbpf.br,Title & Authors,"""URLs with schemes such as http, https, ftp, sftp, git, magnet""",embedded in footnotes,Hidden in annotation layers,
cond-mat0305091,1,mailto:baldovin@cbpf.br,Title & Authors,"""URLs with schemes such as http, https, ftp, sftp, git, magnet""",embedded in footnotes,Hidden in annotation layers,
cond-mat0305091,1,mailto:tsallis@cbpf.br,Title & Authors,"""URLs with schemes such as http, https, ftp, sftp, git, magnet""",embedded in footnotes,Hidden in annotation layers,
cond-mat0110095,1,http://arxiv.org/abs/cond-mat/0110095v1,Title & Authors,"""URLs with schemes such as http, https, ftp, sftp, git, magnet"", ""URLs with paths, query Strings, and fragments""",,"Hidden in annotation layers, Hidden in metadata",
cond-mat0110095,4,http://www.itp.uni-hannover.de/~kolezhuk,References,"""URLs with schemes such as http, https, ftp, sftp, git, magnet"", ""URLs with paths, query Strings, and fragments"", URLs with subdomain",embedded in references,,
cond-mat0001432,1,http://arxiv.org/abs/cond-mat/0001432v4,Title & Authors,"""URLs with schemes such as http, https, ftp, sftp, git, magnet"", ""URLs with paths, query Strings, and fragments""",,"Hidden in annotation layers, Hidden in metadata",
cond-mat0001432,1,http://arxiv.org/abs/cond-mat/0001432,Title & Authors,"""URLs with schemes such as http, https, ftp, sftp, git, magnet"", ""URLs with paths, query Strings, and fragments""",,Hidden in annotation layers,
cond-mat0001432,7,http://www2.physics.umd.edu/~yakovenk,References,"""URLs with schemes such as http, https, ftp, sftp, git, magnet"", URLs with subdomain, ""URLs with paths, query Strings, and fragments""",embedded in references,,
cond-mat0001432,7,http://arxiv.org/abs/cond-mat/0002374,References,"""URLs with schemes such as http, https, ftp, sftp, git, magnet"", ""URLs with paths, query Strings, and fragments""",embedded in references,Hidden in annotation layers,
cond-mat0001432,7,http://arxiv.org/abs/cond-mat/0004256,References,"""URLs with schemes such as http, https, ftp, sftp, git, magnet"", ""URLs with paths, query Strings, and fragments""","split across lines, embedded in references",Hidden in annotation layers,
astro-ph9901154,1,http://arxiv.org/abs/astro-ph/9901154v1,Title & Authors,"""URLs with schemes such as http, https, ftp, sftp, git, magnet"", ""URLs with paths, query Strings, and fragments""",,"Hidden in annotation layers, Hidden in metadata",
astro-ph9901154,1,http://constellation.gsfc.nasa.gov,Title & Authors,"""URLs with schemes such as http, https, ftp, sftp, git, magnet"", URLs with subdomain",,,
astro-ph9901022,1,http://arxiv.org/abs/astro-ph/9901022v3,Title & Authors,"""URLs with schemes such as http, https, ftp, sftp, git, magnet"", ""URLs with paths, query Strings, and fragments""",,"Hidden in annotation layers, Hidden in metadata",
astro-ph9901022,1,http://www.stsci.edu/ftp/observing/hdf/hdfsouth/hdfs.html,Introduction,"""URLs with schemes such as http, https, ftp, sftp, git, magnet"", ""URLs with paths, query Strings, and fragments"", URLs with subdomain",embedded in footnotes,,
astro-ph9901022,5,http://arxiv.org/abs/astro--ph/9809401,References,"""URLs with schemes such as http, https, ftp, sftp, git, magnet"", ""URLs with paths, query Strings, and fragments""",,Hidden in annotation layers,
astro-ph9901022,5,http://arxiv.org/abs/astro--ph/9809404,References,"""URLs with schemes such as http, https, ftp, sftp, git, magnet"", ""URLs with paths, query Strings, and fragments""",,Hidden in annotation layers,
astro-ph9901022,5,http://arxiv.org/abs/astro--ph/9812246,References,"""URLs with schemes such as http, https, ftp, sftp, git, magnet"", ""URLs with paths, query Strings, and fragments""",,Hidden in annotation layers,
astro-ph0509431,1,http://arxiv.org/abs/astro-ph/0509431v1,Title & Authors,"""URLs with schemes such as http, https, ftp, sftp, git, magnet"", ""URLs with paths, query Strings, and fragments""",,"Hidden in annotation layers, Hidden in metadata",
astro-ph0509431,2,http://www.worldsteel.org/wsif.php,References,"""URLs with schemes such as http, https, ftp, sftp, git, magnet"", ""URLs with paths, query Strings, and fragments""",embedded in references,,
astro-ph0509431,2,http://www.eia.doe.gov/oiaf/ieo/,References,"""URLs with schemes such as http, https, ftp, sftp, git, magnet"", URLs with subdomain, ""URLs with paths, query Strings, and fragments"", URLs with trailing slashes",embedded in references,,
astro-ph0509152,1,http://arxiv.org/abs/astro-ph/0509152v1,Title & Authors,"""URLs with schemes such as http, https, ftp, sftp, git, magnet"", ""URLs with paths, query Strings, and fragments""",,"Hidden in annotation layers, Hidden in metadata",
astro-ph0509152,2,http://obswww.unige.ch/webda/,Results and Discussion,"""URLs with schemes such as http, https, ftp, sftp, git, magnet"", ""URLs with paths, query Strings, and fragments"", URLs with subdomain",,,
astro-ph0509152,4,https://www.unige.ch/webda/,Results and Discussion,"""URLs with schemes such as http, https, ftp, sftp, git, magnet"", ""URLs with paths, query Strings, and fragments"", URLs with subdomain, URLs with trailing slashes",embedded in captions,,
astro-ph0404092,1,http://arxiv.org/abs/astro-ph/0404092v1,Title & Authors,"""URLs with schemes such as http, https, ftp, sftp, git, magnet"", ""URLs with paths, query Strings, and fragments""",,"Hidden in annotation layers, Hidden in metadata",
astro-ph0404092,1,mailto:redwards@science.uva.nl,Title & Authors,"""URLs with schemes such as http, https, ftp, sftp, git, magnet""",embedded in footnotes,Hidden in annotation layers,
astro-ph0404092,11,http://arxiv.org/abs/astro-ph/0401536,References,"""URLs with schemes such as http, https, ftp, sftp, git, magnet"", ""URLs with paths, query Strings, and fragments""",embedded in references,Hidden in annotation layers,
astro-ph0404092,11,http://arxiv.org/abs/astro-ph/0401598,References,"""URLs with schemes such as http, https, ftp, sftp, git, magnet"", ""URLs with paths, query Strings, and fragments""",embedded in references,Hidden in annotation layers,
astro-ph0404092,12,http://www.astron.nl/wsrt/WSRTobs/PuManual.pdf,Related Works & Background,"""URLs with schemes such as http, https, ftp, sftp, git, magnet"", ""URLs with paths, query Strings, and fragments"", URLs with subdomain",embedded in footnotes,,
astro-ph0404092,12,http://www.mpifr-bonn.mpg.de/div/pulsar/data/,Related Works & Background,"""URLs with schemes such as http, https, ftp, sftp, git, magnet"", ""URLs with paths, query Strings, and fragments"", URLs with subdomain, URLs with trailing slashes",embedded in footnotes,,
astro-ph0305497,1,http://arxiv.org/abs/astro-ph/0305497v1,Title & Authors,"""URLs with paths, query Strings, and fragments"", ""URLs with schemes such as http, https, ftp, sftp, git, magnet""",,"Hidden in annotation layers, Hidden in metadata",
astro-ph0305497,1,mailto:2umgonza4@cc.umanitoba.ca,Title & Authors,"""URLs with schemes such as http, https, ftp, sftp, git, magnet""",,Hidden in annotation layers,
astro-ph0305497,1,mailto:safiharb@cc.umanitoba.ca,Title & Authors,"""URLs with schemes such as http, https, ftp, sftp, git, magnet""",,Hidden in annotation layers,
astro-ph0305497,2,http://heasarc.gsfc.nasa.gov/docs/xanadu/xspec/index.html,Results and Discussion,"""URLs with schemes such as http, https, ftp, sftp, git, magnet"", URLs with subdomain, ""URLs with paths, query Strings, and fragments""",embedded in footnotes,,
astro-ph0305250,1,http://arxiv.org/abs/astro-ph/0305250v1,Title & Authors,"""URLs with schemes such as http, https, ftp, sftp, git, magnet"", ""URLs with paths, query Strings, and fragments""",,"Hidden in annotation layers, Hidden in metadata",
astro-ph0305250,51,http://star-www.dur.ac.uk/∼csf/clusdata/,Results and Discussion,"""URLs with schemes such as http, https, ftp, sftp, git, magnet"", URLs with subdomain, ""URLs with paths, query Strings, and fragments"", URLs with trailing slashes",,,
astro-ph0305250,139,http://pollux.ft.uam.es/gustavo/VIDEOS/LCDM80/clustervideo.html,Results and Discussion,"""URLs with schemes such as http, https, ftp, sftp, git, magnet"", ""URLs with paths, query Strings, and fragments"", URLs with subdomain",embedded in footnotes,,
astro-ph0305250,144,http://pollux.ft.uam.es/gustavo/VIDEOS/LCDM80/clustervideo.html,Results and Discussion,"""URLs with schemes such as http, https, ftp, sftp, git, magnet"", ""URLs with paths, query Strings, and fragments"", URLs with subdomain",embedded in footnotes,,
astro-ph0305250,221,http://www.mpa-garching.mpg.de/,References,"""URLs with schemes such as http, https, ftp, sftp, git, magnet"", URLs with subdomain, ""URLs with paths, query Strings, and fragments"", URLs with trailing slashes",embedded in references,,
astro-ph0305250,221,http://www.mpa-garching.mpg.de/,References,"""URLs with schemes such as http, https, ftp, sftp, git, magnet"", ""URLs with paths, query Strings, and fragments"", URLs with trailing slashes",embedded in references,,
astro-ph0305250,37,http://www.mpa-garching.mpg.de/gadget/,Results and Discussion,"""URLs with schemes such as http, https, ftp, sftp, git, magnet"", ""URLs with paths, query Strings, and fragments"", URLs with subdomain, URLs with trailing slashes",,,
astro-ph0305109,1,http://arxiv.org/abs/astro-ph/0305109v1,Title & Authors,"""URLs with schemes such as http, https, ftp, sftp, git, magnet"", ""URLs with paths, query Strings, and fragments""",,"Hidden in annotation layers, Hidden in metadata",
astro-ph0305109,1,mailto:dubinski@astro.utoronto.ca,Title & Authors,"""URLs with schemes such as http, https, ftp, sftp, git, magnet""",,Hidden in annotation layers,
astro-ph0305109,1,mailto:rjh@cita.utoronto.ca,Title & Authors,"""URLs with schemes such as http, https, ftp, sftp, git, magnet""",,Hidden in annotation layers,
astro-ph0305109,1,mailto:pen@cita.utoronto.ca,Title & Authors,"""URLs with schemes such as http, https, ftp, sftp, git, magnet""",,Hidden in annotation layers,
astro-ph0305109,1,mailto:cloken@cita.utoronto.ca,Title & Authors,"""URLs with schemes such as http, https, ftp, sftp, git, magnet""",,Hidden in annotation layers,
astro-ph0305109,1,mailto:pgmartin@cita.utoronto.ca,Title & Authors,"""URLs with schemes such as http, https, ftp, sftp, git, magnet""",,Hidden in annotation layers,
astro-ph0305109,10,http://arxiv.org/abs/astro-ph/0304467,References,"""URLs with schemes such as http, https, ftp, sftp, git, magnet"", ""URLs with paths, query Strings, and fragments""",embedded in references,Hidden in annotation layers,
astro-ph0305109,10,http://www.cs.utexas.edu/users/flame/goto/,References,"""URLs with schemes such as http, https, ftp, sftp, git, magnet"", URLs with subdomain, ""URLs with paths, query Strings, and fragments"", URLs with trailing slashes",embedded in references,,
astro-ph0305109,11,http://www.fftw.org,References,"""URLs with schemes such as http, https, ftp, sftp, git, magnet""",embedded in references,,
astro-ph0305109,11,http://hdf.ncsa.uiuc.edu/,References,"""URLs with schemes such as http, https, ftp, sftp, git, magnet"", URLs with subdomain, URLs with trailing slashes",embedded in references,,
astro-ph0305109,11,http://www.mynix.com,References,"""URLs with schemes such as http, https, ftp, sftp, git, magnet""",embedded in references,,
astro-ph0305109,11,http://oscar.sourceforge.net,References,"""URLs with schemes such as http, https, ftp, sftp, git, magnet"", URLs with subdomain",embedded in references,,
astro-ph0305109,11,http://arxiv.org/abs/astro-ph/0304227,References,"""URLs with schemes such as http, https, ftp, sftp, git, magnet"", ""URLs with paths, query Strings, and fragments""",embedded in references,Hidden in annotation layers,
astro-ph0305109,11,http://www.top500.org,References,"""URLs with schemes such as http, https, ftp, sftp, git, magnet""",embedded in references,,
astro-ph0305109,11,http://www.cita.utoronto.ca/~dubinski/sc2003,References,"""URLs with schemes such as http, https, ftp, sftp, git, magnet"", ""URLs with paths, query Strings, and fragments"", URLs with subdomain",embedded in references,,
astro-ph0202463,1,http://arxiv.org/abs/astro-ph/0202463v1,Title & Authors,"""URLs with schemes such as http, https, ftp, sftp, git, magnet"", ""URLs with paths, query Strings, and fragments""",,"Hidden in annotation layers, Hidden in metadata",
astro-ph0202463,4,http://www.eso.org/observing/visas/lpsummary/168.A-0322.html,Results and Discussion,"""URLs with schemes such as http, https, ftp, sftp, git, magnet"", ""URLs with paths, query Strings, and fragments""",,,
astro-ph0202463,5,http://ipac.caltech.edu/IRSA/,Results and Discussion,"""URLs with schemes such as http, https, ftp, sftp, git, magnet"", URLs with subdomain, ""URLs with paths, query Strings, and fragments"", URLs with trailing slashes",,,
astro-ph0202463,6,http://sirtf.caltech.edu/SSC/A_GenInfo/SSC_A1_legacy.html,References,"""URLs with schemes such as http, https, ftp, sftp, git, magnet"", ""URLs with paths, query Strings, and fragments"", URLs with subdomain",embedded in references,,
astro-ph0202463,6,http://www.ipac.caltech.edu/SWIRE/swire_v2.html,References,"""URLs with schemes such as http, https, ftp, sftp, git, magnet"", ""URLs with paths, query Strings, and fragments"", URLs with subdomain",embedded in references,,
astro-ph0202438,1,http://arxiv.org/abs/astro-ph/0202438v1,Title & Authors,"""URLs with schemes such as http, https, ftp, sftp, git, magnet"", ""URLs with paths, query Strings, and fragments""",,"Hidden in annotation layers, Hidden in metadata",
astro-ph0202438,4,http://www.kusastro.kyoto-u.ac.jp/vsnet/Xray/xtej1118-camp.html,Methodology,"""URLs with schemes such as http, https, ftp, sftp, git, magnet"", URLs with subdomain, ""URLs with paths, query Strings, and fragments""","embedded in footnotes, split across lines",,
astro-ph0202438,6,http://arxiv.org/abs/astro-ph/0102066,References,"""URLs with schemes such as http, https, ftp, sftp, git, magnet"", ""URLs with paths, query Strings, and fragments""",embedded in references,Hidden in annotation layers,
astro-ph0202438,6,http://arxiv.org/abs/astro-ph/0110111,References,"""URLs with schemes such as http, https, ftp, sftp, git, magnet"", ""URLs with paths, query Strings, and fragments""",embedded in references,Hidden in annotation layers,
astro-ph0202438,6,http://arxiv.org/abs/astro-ph/0105420,References,"""URLs with schemes such as http, https, ftp, sftp, git, magnet"", ""URLs with paths, query Strings, and fragments""",embedded in references,Hidden in annotation layers,
astro-ph0202416,1,http://arxiv.org/abs/astro-ph/0202416v1,Title & Authors,"""URLs with schemes such as http, https, ftp, sftp, git, magnet"", URLs with escape characters",,"Hidden in annotation layers, Hidden in metadata",
astro-ph0202416,1,mailto:ginevra@brera.mi.astro.it,Title & Authors,"""URLs with schemes such as http, https, ftp, sftp, git, magnet""",embedded in footnotes,Hidden in annotation layers,
astro-ph0202416,3,http://asc.harvard.edu/ciao/,Results and Discussion,"""URLs with schemes such as http, https, ftp, sftp, git, magnet"", URLs with subdomain, ""URLs with paths, query Strings, and fragments"", URLs with trailing slashes",embedded in footnotes,,
astro-ph0202416,3,http://hea-www.harvard.edu/RD/index.html,Results and Discussion,"""URLs with schemes such as http, https, ftp, sftp, git, magnet"", ""URLs with paths, query Strings, and fragments""",embedded in footnotes,,
astro-ph0202416,13,http://arxiv.org/abs/astro-ph/0108114,References,"""URLs with schemes such as http, https, ftp, sftp, git, magnet"", ""URLs with paths, query Strings, and fragments""",embedded in references,Hidden in annotation layers,
astro-ph0202416,13,http://arxiv.org/abs/astro-ph/0112385,References,"""URLs with schemes such as http, https, ftp, sftp, git, magnet"", ""URLs with paths, query Strings, and fragments""","split across lines, embedded in references",Hidden in annotation layers,
astro-ph0202416,13,http://arxiv.org/abs/astro-ph/0108523,References,"""URLs with schemes such as http, https, ftp, sftp, git, magnet"", ""URLs with paths, query Strings, and fragments""",embedded in references,Hidden in annotation layers,
astro-ph0202416,13,http://arxiv.org/abs/astro-ph/0109336,References,"""URLs with schemes such as http, https, ftp, sftp, git, magnet"", ""URLs with paths, query Strings, and fragments""",embedded in references,Hidden in annotation layers,
astro-ph0202373,1,http://arxiv.org/abs/astro-ph/0202373v1,Title & Authors,"""URLs with schemes such as http, https, ftp, sftp, git, magnet"", ""URLs with paths, query Strings, and fragments""",,"Hidden in annotation layers, Hidden in metadata",
astro-ph0202373,4,http://arxiv.org/abs/astro-ph/0201412,References,"""URLs with schemes such as http, https, ftp, sftp, git, magnet"", ""URLs with paths, query Strings, and fragments""",embedded in references,Hidden in annotation layers,
astro-ph0202373,4,http://cxc.harvard.edu/cal/Links/Acis,References,"""URLs with schemes such as http, https, ftp, sftp, git, magnet"", URLs with subdomain, ""URLs with paths, query Strings, and fragments""",embedded in references,,
astro-ph0202307,1,http://arxiv.org/abs/astro-ph/0202307v1,Title & Authors,"""URLs with schemes such as http, https, ftp, sftp, git, magnet"", ""URLs with paths, query Strings, and fragments""",,"Hidden in annotation layers, Hidden in metadata",
astro-ph0202307,1,mailto:Graham@astro.ufl.edu,Title & Authors,"""URLs with schemes such as http, https, ftp, sftp, git, magnet""",embedded in footnotes,Hidden in annotation layers,
astro-ph0202307,3,http://www-obs.univ-lyon1.fr/hypercat/,Results and Discussion,"""URLs with schemes such as http, https, ftp, sftp, git, magnet"", ""URLs with paths, query Strings, and fragments"", URLs with trailing slashes",embedded in footnotes,,
astro-ph0202271,1,http://arxiv.org/abs/astro-ph/0202271v1,Title & Authors,"""URLs with schemes such as http, https, ftp, sftp, git, magnet"", ""URLs with paths, query Strings, and fragments""",,"Hidden in annotation layers, Hidden in metadata",
astro-ph0202271,1,mailto:maino@ts.astro.it,Title & Authors,"""URLs with schemes such as http, https, ftp, sftp, git, magnet""",embedded in footnotes,,
astro-ph0202271,1,http://map.gsfc.nasa.gov/,Introduction,"""URLs with schemes such as http, https, ftp, sftp, git, magnet"", URLs with subdomain, URLs with trailing slashes",embedded in footnotes,,
astro-ph0202271,2,http://astro.estec.esa.nl/SA-general/Projects/Planck/,Introduction,"""URLs with schemes such as http, https, ftp, sftp, git, magnet"", URLs with subdomain, ""URLs with paths, query Strings, and fragments"", URLs with trailing slashes",embedded in footnotes,,
astro-ph0202271,9,http://arxiv.org/abs/astro-ph/9906369,References,"""URLs with schemes such as http, https, ftp, sftp, git, magnet"", ""URLs with paths, query Strings, and fragments""","split across lines, embedded in references",Hidden in annotation layers,
astro-ph0202271,10,http://arxiv.org/abs/astro-ph/9812350,References,"""URLs with schemes such as http, https, ftp, sftp, git, magnet"", ""URLs with paths, query Strings, and fragments""","split across lines, embedded in references",Hidden in annotation layers,
astro-ph0202271,10,http://arxiv.org/abs/astro-ph/9602009,References,"""URLs with schemes such as http, https, ftp, sftp, git, magnet"", ""URLs with paths, query Strings, and fragments""","split across lines, embedded in references",Hidden in annotation layers,
astro-ph0202271,10,http://arxiv.org/abs/astro-ph/0111078,References,"""URLs with schemes such as http, https, ftp, sftp, git, magnet"", ""URLs with paths, query Strings, and fragments""",embedded in references,Hidden in annotation layers,
astro-ph0202271,10,http://arxiv.org/abs/astro-ph/0104490,References,"""URLs with schemes such as http, https, ftp, sftp, git, magnet"", ""URLs with paths, query Strings, and fragments""",embedded in references,Hidden in annotation layers,
astro-ph0202271,10,http://arxiv.org/abs/astro-ph/0002091,References,"""URLs with schemes such as http, https, ftp, sftp, git, magnet"", ""URLs with paths, query Strings, and fragments""","split across lines, embedded in references",Hidden in annotation layers,
astro-ph0202013,1,http://arxiv.org/abs/astro-ph/0202013v1,Title & Authors,"""URLs with schemes such as http, https, ftp, sftp, git, magnet"", ""URLs with paths, query Strings, and fragments""",,"Hidden in annotation layers, Hidden in metadata",
astro-ph0202013,2,http://alpha2.cnrs-mrs.fr/adhoc/,References,"""URLs with schemes such as http, https, ftp, sftp, git, magnet"", URLs with subdomain, ""URLs with paths, query Strings, and fragments""",embedded in references,,
astro-ph0110206,1,http://arxiv.org/abs/astro-ph/0110206v1,Title & Authors,"""URLs with schemes such as http, https, ftp, sftp, git, magnet"", ""URLs with paths, query Strings, and fragments""",,"Hidden in annotation layers, Hidden in metadata",
astro-ph0110206,1,mailto:tkato@kusastro.kyoto-u.ac.jp,Title & Authors,"""URLs with schemes such as http, https, ftp, sftp, git, magnet""",,Hidden in annotation layers,
astro-ph0110206,1,mailto:hajime.baba@nao.ac.jp,Title & Authors,"""URLs with schemes such as http, https, ftp, sftp, git, magnet""",,Hidden in annotation layers,
astro-ph0110206,1,mailto:nogami@kwasan.kyoto-u.ac.jp,Title & Authors,"""URLs with schemes such as http, https, ftp, sftp, git, magnet""",,Hidden in annotation layers,
astro-ph0110206,7,http://www.kusastro.kyoto-u.ac.jp/vsnet/,Results and Discussion,"""URLs with schemes such as http, https, ftp, sftp, git, magnet"", URLs with subdomain, ""URLs with paths, query Strings, and fragments"", URLs with trailing slashes",embedded in footnotes,,
astro-ph0110206,8,https://www.kusastro.kyoto-u.ac.jp/vsnet/Mail/alert0/msg00306.html,References,"""URLs with schemes such as http, https, ftp, sftp, git, magnet"", ""URLs with paths, query Strings, and fragments"", URLs with subdomain","embedded in references, split across lines",,
astro-ph0110206,8,https://www.kusastro.kyoto-u.ac.jp/vsnet/Mail/alert0/msg00428.html,References,"""URLs with schemes such as http, https, ftp, sftp, git, magnet"", ""URLs with paths, query Strings, and fragments"", URLs with subdomain","embedded in references, split across lines",,
astro-ph0001460,1,http://arxiv.org/abs/astro-ph/0001460v1,Title & Authors,"""URLs with schemes such as http, https, ftp, sftp, git, magnet"", ""URLs with paths, query Strings, and fragments""",,"Hidden in annotation layers, Hidden in metadata",
astro-ph0001460,3,http://heasarc.gsfc.nasa.gov/xte_weather/,Related Works & Background,"""URLs with schemes such as http, https, ftp, sftp, git, magnet"", URLs with subdomain, ""URLs with paths, query Strings, and fragments"", URLs with trailing slashes",,,
astro-ph0001460,3,http://space.mit.edu/XTE/ASM lc.html,Related Works & Background,"""URLs with schemes such as http, https, ftp, sftp, git, magnet"", URLs with subdomain, ""URLs with paths, query Strings, and fragments""",,,
astro-ph0001460,8,http://arxiv.org/abs/astro-ph/9907124,References,"""URLs with schemes such as http, https, ftp, sftp, git, magnet"", ""URLs with paths, query Strings, and fragments""",embedded in references,Hidden in annotation layers,
astro-ph0001460,9,http://arxiv.org/abs/astro-ph/9708201,References,"""URLs with schemes such as http, https, ftp, sftp, git, magnet"", ""URLs with paths, query Strings, and fragments""",embedded in references,Hidden in annotation layers,
astro-ph0001460,9,http://arxiv.org/abs/astro-ph/9904087,References,"""URLs with schemes such as http, https, ftp, sftp, git, magnet"", ""URLs with paths, query Strings, and fragments""","embedded in references, split across lines",Hidden in annotation layers,
astro-ph0001460,9,http://arxiv.org/abs/astro-ph/9808019,References,"""URLs with schemes such as http, https, ftp, sftp, git, magnet"", ""URLs with paths, query Strings, and fragments""",embedded in references,Hidden in annotation layers,
astro-ph0001460,10,http://arxiv.org/abs/astro-ph/9805224,References,"""URLs with schemes such as http, https, ftp, sftp, git, magnet"", ""URLs with paths, query Strings, and fragments""",embedded in references,Hidden in annotation layers,
astro-ph0001299,1,http://arxiv.org/abs/astro-ph/0001299v1,Title & Authors,"""URLs with schemes such as http, https, ftp, sftp, git, magnet"", ""URLs with paths, query Strings, and fragments""",,"Hidden in annotation layers, Hidden in metadata",
astro-ph0001299,1,mailto:dps@astro.psu.edu,Title & Authors,"""URLs with schemes such as http, https, ftp, sftp, git, magnet""",,Hidden in annotation layers,
astro-ph0001299,1,http://heasarc.gsfc.nasa.gov/W3Browse,Methodology,"""URLs with schemes such as http, https, ftp, sftp, git, magnet"", ""URLs with paths, query Strings, and fragments"", URLs with subdomain",embedded in footnotes,,
astro-ph0001299,7,http://arxiv.org/abs/astro-ph/9908016,References,"""URLs with schemes such as http, https, ftp, sftp, git, magnet"", ""URLs with paths, query Strings, and fragments""",embedded in references,Hidden in annotation layers,
1510.08977,1,http://arxiv.org/abs/1510.08977v2,Title & Authors,"""URLs with schemes such as http, https, ftp, sftp, git, magnet"", ""URLs with paths, query Strings, and fragments""",,"Hidden in annotation layers, Hidden in metadata",
1510.08977,1,mailto:h.jeong37@gmail.com,Title & Authors,"""URLs with schemes such as http, https, ftp, sftp, git, magnet""",,Hidden in annotation layers,
1510.08977,3,http://arxiv.org/abs/1108.1517,References,"""URLs with schemes such as http, https, ftp, sftp, git, magnet"", ""URLs with paths, query Strings, and fragments""",embedded in references,,
1510.08977,3,http://arxiv.org/abs/1502.06782,References,"""URLs with schemes such as http, https, ftp, sftp, git, magnet"", ""URLs with paths, query Strings, and fragments""",embedded in references,,
1510.08628,8,http://www.lemurproject.org/clueweb12.php/,Methodology,"""URLs with schemes such as http, https, ftp, sftp, git, magnet"", ""URLs with paths, query Strings, and fragments"", URLs with trailing slashes",embedded in footnotes,,
1510.08628,10,http://ml.cs.tsinghua.edu.cn/~jianfei/warplda.html,Results and Discussion,"""URLs with schemes such as http, https, ftp, sftp, git, magnet"", URLs with subdomain, ""URLs with paths, query Strings, and fragments""",embedded in footnotes,,
1510.08187,1,http://arxiv.org/abs/1510.08187v1,Title & Authors,"""URLs with schemes such as http, https, ftp, sftp, git, magnet"", ""URLs with paths, query Strings, and fragments""",,"Hidden in annotation layers, Hidden in metadata",
1510.08187,1,mailto:rlward@mcmaster.ca,Title & Authors,"""URLs with schemes such as http, https, ftp, sftp, git, magnet""",embedded in footnotes,,
1510.08187,3,http://starlink.eao.hawaii.edu,Results and Discussion,"""URLs with schemes such as http, https, ftp, sftp, git, magnet"", URLs with subdomain",embedded in footnotes,,
1510.07579,1,mailto:yy88@duke.edu,Title & Authors,"""URLs with schemes such as http, https, ftp, sftp, git, magnet""",embedded in footnotes,Hidden in annotation layers,
1510.07579,1,mailto:kieron@uci.edu,Title & Authors,"""URLs with schemes such as http, https, ftp, sftp, git, magnet""",embedded in footnotes,Hidden in annotation layers,
1510.07579,1,mailto:weitao.yang@duke.edu,Header,"""URLs with schemes such as http, https, ftp, sftp, git, magnet""",embedded in footnotes,Hidden in annotation layers,
1510.07579,9,http://www.qm4d.info,References,"""URLs with schemes such as http, https, ftp, sftp, git, magnet""",embedded in references,,
1510.07429,1,mailto:vladimir.braun@ur.de,Title & Authors,"""URLs with schemes such as http, https, ftp, sftp, git, magnet""",embedded in captions,,
1510.07429,1,http://pos.sissa.it/,Title & Authors,"""URLs with schemes such as http, https, ftp, sftp, git, magnet"", URLs with subdomain, URLs with trailing slashes",embedded in footnotes,,
1510.07429,10,http://cern.ch/luscher/openQCD,References,"""URLs with paths, query Strings, and fragments"", ""URLs with schemes such as http, https, ftp, sftp, git, magnet""",embedded in references,,
1510.06700,12,https://github.com/konradws/SatConn,Introduction,"""URLs with schemes such as http, https, ftp, sftp, git, magnet"", ""URLs with paths, query Strings, and fragments""",,,
1510.06700,81,http://arxiv.org/abs/1312.6679,References,"""URLs with schemes such as http, https, ftp, sftp, git, magnet"", ""URLs with paths, query Strings, and fragments""","embedded in references, split across lines",,
1510.06700,81,http://arxiv.org/abs/1312.6679,References,"""URLs with schemes such as http, https, ftp, sftp, git, magnet"", ""URLs with paths, query Strings, and fragments""","embedded in references, split across lines",,
1510.06700,81,http://arxiv.org/abs/1403.6165,References,"""URLs with schemes such as http, https, ftp, sftp, git, magnet"", ""URLs with paths, query Strings, and fragments""","embedded in references, split across lines",,
1510.05937,1,mailto:wangdong99@mails.tsinghua.edu.cn,Title & Authors,"""URLs with schemes such as http, https, ftp, sftp, git, magnet""",,Hidden in annotation layers,
1510.05937,1,http://arxiv.org/abs/1510.05937v2,Title & Authors,"""URLs with schemes such as http, https, ftp, sftp, git, magnet"", ""URLs with paths, query Strings, and fragments""",,"Hidden in annotation layers, Hidden in metadata",
1510.05937,1,mailto:fzheng@tsinghua.edu.cn,Title & Authors,"""URLs with schemes such as http, https, ftp, sftp, git, magnet""",,Hidden in annotation layers,
1510.05937,4,http://www.itl.nist.gov/iad/mig/tests/sre/2008/sre08 _evalplan_release4.pdf,References,"""URLs with schemes such as http, https, ftp, sftp, git, magnet"", URLs with subdomain, ""URLs with paths, query Strings, and fragments""",embedded in references,,
1510.04483,11,http://tevewwg.fnal.gov,Methodology,"""URLs with schemes such as http, https, ftp, sftp, git, magnet""",embedded in footnotes,,
1510.04483,11,http://twiki.cern.ch/twiki/bin/view/LHCPhysics/LHCTopWG,Methodology,"""URLs with schemes such as http, https, ftp, sftp, git, magnet"", URLs with subdomain, ""URLs with paths, query Strings, and fragments""",embedded in footnotes,,
1510.04483,15,http://arxiv.org/abs/1506.02800,References,"""URLs with schemes such as http, https, ftp, sftp, git, magnet"", ""URLs with paths, query Strings, and fragments""",embedded in references,Hidden in annotation layers,
1510.04483,15,http://dx.doi.org/10.1007/978-3-319-15001-7_7,References,"""URLs with schemes such as http, https, ftp, sftp, git, magnet"", ""URLs with paths, query Strings, and fragments"", URLs with subdomain",embedded in references,Hidden in annotation layers,
1510.04483,15,http://arxiv.org/abs/1509.03325,References,"""URLs with schemes such as http, https, ftp, sftp, git, magnet"", ""URLs with paths, query Strings, and fragments""",embedded in references,Hidden in annotation layers,
1510.04483,15,http://arxiv.org/abs/1407.3792,References,"""URLs with schemes such as http, https, ftp, sftp, git, magnet"", ""URLs with paths, query Strings, and fragments""",embedded in references,Hidden in annotation layers,
1510.04483,15,http://dx.doi.org/10.1140/epjc/s10052-014-3046-5,References,"""URLs with schemes such as http, https, ftp, sftp, git, magnet"", ""URLs with paths, query Strings, and fragments"", URLs with subdomain",embedded in references,Hidden in annotation layers,
1510.04483,15,http://arxiv.org/abs/1207.7214,References,"""URLs with schemes such as http, https, ftp, sftp, git, magnet"", ""URLs with paths, query Strings, and fragments""",embedded in references,Hidden in annotation layers,
1510.04483,15,http://dx.doi.org/10.1016/j.physletb.2012.08.020,References,"""URLs with schemes such as http, https, ftp, sftp, git, magnet"", ""URLs with paths, query Strings, and fragments"", URLs with subdomain",embedded in references,Hidden in annotation layers,
1510.04483,15,http://arxiv.org/abs/1207.7235,References,"""URLs with schemes such as http, https, ftp, sftp, git, magnet"", ""URLs with paths, query Strings, and fragments""",embedded in references,Hidden in annotation layers,
1510.04483,15,http://dx.doi.org/10.1016/j.physletb.2012.08.021,References,"""URLs with schemes such as http, https, ftp, sftp, git, magnet"", ""URLs with paths, query Strings, and fragments"", URLs with subdomain",embedded in references,Hidden in annotation layers,
1510.04483,15,http://arxiv.org/abs/1205.6497,References,"""URLs with schemes such as http, https, ftp, sftp, git, magnet"", ""URLs with paths, query Strings, and fragments""","split across lines, embedded in references",Hidden in annotation layers,
1510.04483,15,http://dx.doi.org/10.1007/JHEP08(2012)098,References,"""URLs with schemes such as http, https, ftp, sftp, git, magnet"", ""URLs with paths, query Strings, and fragments"", URLs with subdomain",embedded in references,Hidden in annotation layers,
1510.04483,15,http://arxiv.org/abs/1411.1923,References,"""URLs with schemes such as http, https, ftp, sftp, git, magnet"", ""URLs with paths, query Strings, and fragments""",embedded in references,Hidden in annotation layers,
1510.04483,15,http://dx.doi.org/10.1134/S1063776115030152,References,"""URLs with schemes such as http, https, ftp, sftp, git, magnet"", ""URLs with paths, query Strings, and fragments"", URLs with subdomain",embedded in references,Hidden in annotation layers,
1510.04483,15,http://arxiv.org/abs/1503.07589,References,"""URLs with schemes such as http, https, ftp, sftp, git, magnet"", ""URLs with paths, query Strings, and fragments"", URLs with subdomain",embedded in references,Hidden in annotation layers,
1510.04483,15,http://dx.doi.org/10.1103/PhysRevLett.114.191803,References,"""URLs with schemes such as http, https, ftp, sftp, git, magnet"", ""URLs with paths, query Strings, and fragments"", URLs with subdomain","split across lines, embedded in references",Hidden in annotation layers,
1510.04483,15,http://arxiv.org/abs/1407.2763,References,"""URLs with schemes such as http, https, ftp, sftp, git, magnet"", ""URLs with paths, query Strings, and fragments""","split across lines, embedded in references",Hidden in annotation layers,
1510.04483,15,http://dx.doi.org/10.1007/JHEP09(2014)012,References,"""URLs with schemes such as http, https, ftp, sftp, git, magnet"", ""URLs with paths, query Strings, and fragments"", URLs with subdomain",embedded in references,Hidden in annotation layers,
1510.04483,15,http://arxiv.org/abs/1412.3649,References,"""URLs with schemes such as http, https, ftp, sftp, git, magnet"", ""URLs with paths, query Strings, and fragments""",embedded in references,Hidden in annotation layers,
1510.04483,15,http://arxiv.org/abs/1505.00630,References,"""URLs with schemes such as http, https, ftp, sftp, git, magnet"", ""URLs with paths, query Strings, and fragments""",embedded in references,Hidden in annotation layers,
1510.04483,15,http://arxiv.org/abs/1310.0799,References,"""URLs with schemes such as http, https, ftp, sftp, git, magnet"", ""URLs with paths, query Strings, and fragments""",embedded in references,Hidden in annotation layers,
1510.04483,15,http://dx.doi.org/10.1140/epjc/s10052-014-3119-5,References,"""URLs with schemes such as http, https, ftp, sftp, git, magnet"", ""URLs with paths, query Strings, and fragments"", URLs with subdomain",embedded in references,Hidden in annotation layers,
1510.04483,15,http://arxiv.org/abs/1405.4781,References,"""URLs with schemes such as http, https, ftp, sftp, git, magnet"", ""URLs with paths, query Strings, and fragments""",embedded in references,Hidden in annotation layers,
1510.04483,15,http://arxiv.org/abs/1303.6254,References,"""URLs with schemes such as http, https, ftp, sftp, git, magnet"", ""URLs with paths, query Strings, and fragments""",embedded in references,Hidden in annotation layers,
1510.04483,15,http://dx.doi.org/10.1103/PhysRevLett.110.252004,References,"""URLs with schemes such as http, https, ftp, sftp, git, magnet"", ""URLs with paths, query Strings, and fragments"", URLs with subdomain",embedded in references,Hidden in annotation layers,
1510.04483,15,http://dx.doi.org/10.1103/PhysRevLett.74.2626,References,"""URLs with schemes such as http, https, ftp, sftp, git, magnet"", ""URLs with paths, query Strings, and fragments"", URLs with subdomain",embedded in references,Hidden in annotation layers,
1510.04483,15,http://arxiv.org/abs/hep-ex/9503002,References,"""URLs with schemes such as http, https, ftp, sftp, git, magnet"", ""URLs with paths, query Strings, and fragments""","split across lines, embedded in references",Hidden in annotation layers,
1510.04483,15,http://arxiv.org/abs/hep-ex/9503003,References,"""URLs with schemes such as http, https, ftp, sftp, git, magnet"", ""URLs with paths, query Strings, and fragments""",embedded in references,Hidden in annotation layers,
1510.04483,15,http://dx.doi.org/10.1103/PhysRevLett.74.2632,References,"""URLs with schemes such as http, https, ftp, sftp, git, magnet"", ""URLs with paths, query Strings, and fragments"", URLs with subdomain","split across lines, embedded in references",Hidden in annotation layers,
1510.04483,15,https://cds.cern.ch/record/1974419,References,"""URLs with schemes such as http, https, ftp, sftp, git, magnet"", ""URLs with paths, query Strings, and fragments""",embedded in references,Hidden in annotation layers,
1510.04483,15,https://cds.cern.ch/record/1974419,References,"""URLs with schemes such as http, https, ftp, sftp, git, magnet"", ""URLs with paths, query Strings, and fragments""",embedded in references,,
1510.04483,15,http://dx.doi.org/10.1088/1674-1137/38/9/090001,References,"""URLs with schemes such as http, https, ftp, sftp, git, magnet"", ""URLs with paths, query Strings, and fragments"", URLs with subdomain",embedded in references,Hidden in annotation layers,
1510.04483,16,http://arxiv.org/abs/hep-ex/0412071,References,"""URLs with schemes such as http, https, ftp, sftp, git, magnet"", ""URLs with paths, query Strings, and fragments""",embedded in references,Hidden in annotation layers,
1510.04483,16,http://dx.doi.org/10.1103/PhysRevD.71.032001,References,"""URLs with schemes such as http, https, ftp, sftp, git, magnet"", ""URLs with paths, query Strings, and fragments"", URLs with subdomain",embedded in references,Hidden in annotation layers,
1510.04483,16,http://arxiv.org/abs/hep-ex/0508029,References,"""URLs with schemes such as http, https, ftp, sftp, git, magnet"", ""URLs with paths, query Strings, and fragments""",embedded in references,Hidden in annotation layers,
1510.04483,16,http://dx.doi.org/10.1088/0954-3899/34/12/001,References,"""URLs with schemes such as http, https, ftp, sftp, git, magnet"", ""URLs with paths, query Strings, and fragments"", URLs with subdomain",embedded in references,Hidden in annotation layers,
1510.04483,16,http://dx.doi.org/10.1016/0168-9002(94)91312-9,References,"""URLs with schemes such as http, https, ftp, sftp, git, magnet"", ""URLs with paths, query Strings, and fragments"", URLs with subdomain",embedded in references,Hidden in annotation layers,
1510.04483,16,http://arxiv.org/abs/physics/0507191,References,"""URLs with schemes such as http, https, ftp, sftp, git, magnet"", ""URLs with paths, query Strings, and fragments""",embedded in references,Hidden in annotation layers,
1510.04483,16,http://dx.doi.org/10.1016/j.nima.2006.05.248,References,"""URLs with schemes such as http, https, ftp, sftp, git, magnet"", ""URLs with paths, query Strings, and fragments"", URLs with subdomain","split across lines, embedded in references",Hidden in annotation layers,
1510.04483,16,http://dx.doi.org/10.1088/1748-0221/3/08/S08003,References,"""URLs with schemes such as http, https, ftp, sftp, git, magnet"", ""URLs with paths, query Strings, and fragments"", URLs with subdomain","split across lines, embedded in references",Hidden in annotation layers,
1510.04483,16,http://dx.doi.org/10.1088/1748-0221/3/08/S08004,References,"""URLs with schemes such as http, https, ftp, sftp, git, magnet"", ""URLs with paths, query Strings, and fragments"", URLs with subdomain","split across lines, embedded in references",Hidden in annotation layers,
1510.04483,16,http://arxiv.org/abs/1101.2599,References,"""URLs with schemes such as http, https, ftp, sftp, git, magnet"", ""URLs with paths, query Strings, and fragments""",embedded in references,Hidden in annotation layers,
1510.04483,16,http://dx.doi.org/10.1016/j.physrep.2011.03.005,References,"""URLs with schemes such as http, https, ftp, sftp, git, magnet"", ""URLs with paths, query Strings, and fragments"", URLs with subdomain",embedded in references,Hidden in annotation layers,
1510.04483,16,http://arxiv.org/abs/hep-ex/0510047,References,"""URLs with schemes such as http, https, ftp, sftp, git, magnet"", ""URLs with paths, query Strings, and fragments""",embedded in references,Hidden in annotation layers,
1510.04483,16,http://dx.doi.org/10.1016/j.nima.2006.05.269,References,"""URLs with schemes such as http, https, ftp, sftp, git, magnet"", ""URLs with paths, query Strings, and fragments"", URLs with subdomain",embedded in references,Hidden in annotation layers,
1510.04483,16,http://arxiv.org/abs/1312.6873,References,"""URLs with schemes such as http, https, ftp, sftp, git, magnet"", ""URLs with paths, query Strings, and fragments""",split across lines,Hidden in annotation layers,
1510.04483,16,http://dx.doi.org/10.1016/j.nima.2014.05.044,References,"""URLs with schemes such as http, https, ftp, sftp, git, magnet"", ""URLs with paths, query Strings, and fragments"", URLs with subdomain",embedded in references,Hidden in annotation layers,
1510.04483,16,http://arxiv.org/abs/1406.0076,References,"""URLs with schemes such as http, https, ftp, sftp, git, magnet"", ""URLs with paths, query Strings, and fragments""",embedded in references,Hidden in annotation layers,
1510.04483,16,http://dx.doi.org/10.1140/epjc/s10052-014-3190-y,References,"""URLs with schemes such as http, https, ftp, sftp, git, magnet"", ""URLs with paths, query Strings, and fragments"", URLs with subdomain",embedded in references,Hidden in annotation layers,
1510.04483,16,http://arxiv.org/abs/1112.6426,References,"""URLs with schemes such as http, https, ftp, sftp, git, magnet"", ""URLs with paths, query Strings, and fragments""",embedded in references,Hidden in annotation layers,
1510.04483,16,http://dx.doi.org/10.1140/epjc/s10052-013-2304-2,References,"""URLs with schemes such as http, https, ftp, sftp, git, magnet"", ""URLs with paths, query Strings, and fragments"", URLs with subdomain",embedded in references,Hidden in annotation layers,
1510.04483,16,http://arxiv.org/abs/1107.4277,References,"""URLs with schemes such as http, https, ftp, sftp, git, magnet"", ""URLs with paths, query Strings, and fragments""",embedded in references,Hidden in annotation layers,
1510.04483,16,http://dx.doi.org/10.1088/1748-0221/6/11/P11002,References,"""URLs with schemes such as http, https, ftp, sftp, git, magnet"", ""URLs with paths, query Strings, and fragments"", URLs with subdomain",embedded in references,Hidden in annotation layers,
1510.04483,16,https://cds.cern.ch/record/1454659,References,"""URLs with schemes such as http, https, ftp, sftp, git, magnet"", ""URLs with paths, query Strings, and fragments"", URLs with subdomain",embedded in references,Hidden in annotation layers,
1510.04483,16,https://cds.cern.ch/record/1454659,References,"""URLs with schemes such as http, https, ftp, sftp, git, magnet"", ""URLs with paths, query Strings, and fragments"", URLs with subdomain",embedded in references,,
1510.04483,16,http://arxiv.org/abs/hep-ex/0410041,References,"""URLs with schemes such as http, https, ftp, sftp, git, magnet"", ""URLs with paths, query Strings, and fragments""",embedded in references,Hidden in annotation layers,
1510.04483,16,http://dx.doi.org/10.1103/PhysRevD.71.052003,References,"""URLs with schemes such as http, https, ftp, sftp, git, magnet"", ""URLs with paths, query Strings, and fragments"", URLs with subdomain",embedded in references,Hidden in annotation layers,
1510.04483,16,http://arxiv.org/abs/1002.4224,References,"""URLs with schemes such as http, https, ftp, sftp, git, magnet"", ""URLs with paths, query Strings, and fragments""",embedded in references,Hidden in annotation layers,
1510.04483,16,http://dx.doi.org/10.1016/j.nima.2010.03.118,References,"""URLs with schemes such as http, https, ftp, sftp, git, magnet"", ""URLs with paths, query Strings, and fragments"", URLs with subdomain",embedded in references,Hidden in annotation layers,
1510.04483,16,http://cds.cern.ch/record/1435194,References,"""URLs with schemes such as http, https, ftp, sftp, git, magnet"", ""URLs with paths, query Strings, and fragments""",embedded in references,Hidden in annotation layers,
1510.04483,16,http://cds.cern.ch/record/1435197,References,"""URLs with schemes such as http, https, ftp, sftp, git, magnet"", ""URLs with paths, query Strings, and fragments"", URLs with subdomain",embedded in references,,
1510.04483,16,http://cds.cern.ch/record/1435197,References,"""URLs with schemes such as http, https, ftp, sftp, git, magnet"", ""URLs with paths, query Strings, and fragments"", URLs with subdomain",embedded in references,Hidden in annotation layers,
1510.04483,16,http://cds.cern.ch/record/1664335,References,"""URLs with schemes such as http, https, ftp, sftp, git, magnet"", ""URLs with paths, query Strings, and fragments"", URLs with subdomain",embedded in references,Hidden in annotation layers,
1510.04483,16,http://cds.cern.ch/record/1664335,References,"""URLs with schemes such as http, https, ftp, sftp, git, magnet"", ""URLs with paths, query Strings, and fragments"", URLs with subdomain",embedded in references,,
1510.04483,16,http://arxiv.org/abs/1211.4462,References,"""URLs with schemes such as http, https, ftp, sftp, git, magnet"", ""URLs with paths, query Strings, and fragments""",embedded in references,Hidden in annotation layers,
1510.04483,16,http://dx.doi.org/10.1088/1748-0221/8/04/P04013,References,"""URLs with schemes such as http, https, ftp, sftp, git, magnet"", ""URLs with paths, query Strings, and fragments"", URLs with subdomain",embedded in references,Hidden in annotation layers,
1510.04483,16,http://arxiv.org/abs/1312.5595,References,"""URLs with schemes such as http, https, ftp, sftp, git, magnet"", ""URLs with paths, query Strings, and fragments""",embedded in references,Hidden in annotation layers,
1510.04483,16,http://dx.doi.org/10.1016/j.nima.2014.02.029,References,"""URLs with schemes such as http, https, ftp, sftp, git, magnet"", ""URLs with paths, query Strings, and fragments"", URLs with subdomain",embedded in references,Hidden in annotation layers,
1510.04483,16,http://arxiv.org/abs/hep-ex/9808029,References,"""URLs with schemes such as http, https, ftp, sftp, git, magnet"", ""URLs with paths, query Strings, and fragments""","split across lines, embedded in references",Hidden in annotation layers,
1510.04483,16,http://dx.doi.org/10.1103/PhysRevD.60.052001,References,"""URLs with schemes such as http, https, ftp, sftp, git, magnet"", ""URLs with paths, query Strings, and fragments"", URLs with subdomain",embedded in references,Hidden in annotation layers,
1510.04483,16,http://arxiv.org/abs/hep-ex/0602008,References,"""URLs with schemes such as http, https, ftp, sftp, git, magnet"", ""URLs with paths, query Strings, and fragments""",embedded in references,Hidden in annotation layers,
1510.04483,16,http://dx.doi.org/10.1103/PhysRevD.73.112006,References,"""URLs with schemes such as http, https, ftp, sftp, git, magnet"", ""URLs with paths, query Strings, and fragments"", URLs with subdomain",embedded in references,Hidden in annotation layers,
1510.04483,16,http://arxiv.org/abs/1209.2393,References,"""URLs with schemes such as http, https, ftp, sftp, git, magnet"", ""URLs with paths, query Strings, and fragments""",embedded in references,Hidden in annotation layers,
1510.04483,16,http://dx.doi.org/10.1140/epjc/s10052-012-2202-z,References,"""URLs with schemes such as http, https, ftp, sftp, git, magnet"", ""URLs with paths, query Strings, and fragments"", URLs with subdomain",embedded in references,Hidden in annotation layers,
1510.04483,16,http://arxiv.org/abs/1403.4427,References,"""URLs with schemes such as http, https, ftp, sftp, git, magnet"", ""URLs with paths, query Strings, and fragments""",embedded in references,Hidden in annotation layers,
1510.04483,16,http://arxiv.org/abs/hep-ex/0011057,References,"""URLs with schemes such as http, https, ftp, sftp, git, magnet"", ""URLs with paths, query Strings, and fragments""",embedded in references,Hidden in annotation layers,
1510.04483,16,http://dx.doi.org/10.1016/S0010-4655(00)00243-5,References,"""URLs with schemes such as http, https, ftp, sftp, git, magnet"", ""URLs with paths, query Strings, and fragments"", URLs with subdomain",embedded in references,Hidden in annotation layers,
1510.04483,16,http://arxiv.org/abs/hep-ex/0510048,References,"""URLs with schemes such as http, https, ftp, sftp, git, magnet"", ""URLs with paths, query Strings, and fragments""",embedded in references,Hidden in annotation layers,
1510.04483,16,http://dx.doi.org/10.1103/PhysRevD.73.032003,References,"""URLs with schemes such as http, https, ftp, sftp, git, magnet"", ""URLs with paths, query Strings, and fragments"", URLs with subdomain",embedded in references,Hidden in annotation layers,
1510.04483,16,http://arxiv.org/abs/1003.1316,References,"""URLs with schemes such as http, https, ftp, sftp, git, magnet"", ""URLs with paths, query Strings, and fragments""",embedded in references,Hidden in annotation layers,
1510.04483,16,http://dx.doi.org/10.1016/j.nima.2010.09.024,References,"""URLs with schemes such as http, https, ftp, sftp, git, magnet"", ""URLs with paths, query Strings, and fragments"", URLs with subdomain",embedded in references,Hidden in annotation layers,
1510.04483,16,http://arxiv.org/abs/0803.2534,References,"""URLs with schemes such as http, https, ftp, sftp, git, magnet"", ""URLs with paths, query Strings, and fragments""",embedded in references,Hidden in annotation layers,
1510.04483,16,http://dx.doi.org/10.1140/epjc/s10052-008-0585-7,References,"""URLs with schemes such as http, https, ftp, sftp, git, magnet"", ""URLs with paths, query Strings, and fragments"", URLs with subdomain",embedded in references,Hidden in annotation layers,
1510.04483,16,http://arxiv.org/abs/hep-ex/0510048,References,"""URLs with schemes such as http, https, ftp, sftp, git, magnet"", ""URLs with paths, query Strings, and fragments""",embedded in references,Hidden in annotation layers,
1510.04483,16,http://dx.doi.org/10.1103/PhysRevD.73.032003,References,"""URLs with schemes such as http, https, ftp, sftp, git, magnet"", ""URLs with paths, query Strings, and fragments"", URLs with subdomain",embedded in references,Hidden in annotation layers,
1510.04483,16,http://arxiv.org/abs/1501.07912,References,"""URLs with schemes such as http, https, ftp, sftp, git, magnet"", ""URLs with paths, query Strings, and fragments""",embedded in references,Hidden in annotation layers,
1510.04483,16,http://dx.doi.org/10.1103/PhysRevD.91.112003,References,"""URLs with schemes such as http, https, ftp, sftp, git, magnet"", ""URLs with paths, query Strings, and fragments"", URLs with subdomain",embedded in references,Hidden in annotation layers,
1510.04483,16,http://arxiv.org/abs/1203.5015,References,"""URLs with schemes such as http, https, ftp, sftp, git, magnet"", ""URLs with paths, query Strings, and fragments""",embedded in references,Hidden in annotation layers,
1510.04483,16,http://dx.doi.org/10.1140/epjc/s10052-012-2043-9,References,"""URLs with schemes such as http, https, ftp, sftp, git, magnet"", ""URLs with paths, query Strings, and fragments"", URLs with subdomain","embedded in references, split across pages",Hidden in annotation layers,
1510.04483,17,https://cds.cern.ch/record/1478672,References,"""URLs with schemes such as http, https, ftp, sftp, git, magnet"", ""URLs with paths, query Strings, and fragments"", URLs with subdomain",embedded in references,Hidden in annotation layers,
1510.04483,17,https://cds.cern.ch/record/1478672,References,"""URLs with schemes such as http, https, ftp, sftp, git, magnet"", ""URLs with paths, query Strings, and fragments"", URLs with subdomain",embedded in references,,
1510.04483,17,http://arxiv.org/abs/1307.5749,References,"""URLs with schemes such as http, https, ftp, sftp, git, magnet"", ""URLs with paths, query Strings, and fragments"", URLs with subdomain",embedded in references,Hidden in annotation layers,
1510.04483,17,http://dx.doi.org/10.1140/epjc/s10052-013-2676-3,References,"""URLs with schemes such as http, https, ftp, sftp, git, magnet"", ""URLs with paths, query Strings, and fragments"", URLs with subdomain",embedded in references,Hidden in annotation layers,
1510.04483,17,https://cds.cern.ch/record/1600599,References,"""URLs with schemes such as http, https, ftp, sftp, git, magnet"", ""URLs with paths, query Strings, and fragments"", URLs with subdomain",embedded in references,Hidden in annotation layers,
1510.04483,17,https://cds.cern.ch/record/1600599,References,"""URLs with schemes such as http, https, ftp, sftp, git, magnet"", ""URLs with paths, query Strings, and fragments"", URLs with subdomain",embedded in references,,
1510.04483,17,http://arxiv.org/abs/1207.6758,References,"""URLs with schemes such as http, https, ftp, sftp, git, magnet"", ""URLs with paths, query Strings, and fragments""","embedded in references, split across lines",Hidden in annotation layers,
1510.04483,17,http://dx.doi.org/10.1103/PhysRevLett.109.152003,References,"""URLs with schemes such as http, https, ftp, sftp, git, magnet"", ""URLs with paths, query Strings, and fragments"", URLs with subdomain",embedded in references,Hidden in annotation layers,
1510.04483,17,http://arxiv.org/abs/1107.3026,References,"""URLs with schemes such as http, https, ftp, sftp, git, magnet"", ""URLs with paths, query Strings, and fragments""",embedded in references,Hidden in annotation layers,
1510.04483,17,http://arxiv.org/abs/1405.1756,References,"""URLs with schemes such as http, https, ftp, sftp, git, magnet"", ""URLs with paths, query Strings, and fragments""",embedded in references,Hidden in annotation layers,
1510.04483,17,http://dx.doi.org/10.1103/PhysRevLett.113.032002,References,"""URLs with schemes such as http, https, ftp, sftp, git, magnet"", ""URLs with paths, query Strings, and fragments"", URLs with subdomain",embedded in references,Hidden in annotation layers,
1510.04483,17,http://arxiv.org/abs/1410.6319,References,"""URLs with schemes such as http, https, ftp, sftp, git, magnet"", ""URLs with paths, query Strings, and fragments""",embedded in references,Hidden in annotation layers,
1510.04483,17,http://dx.doi.org/10.1016/j.nima.2014.11.063,References,"""URLs with schemes such as http, https, ftp, sftp, git, magnet"", ""URLs with paths, query Strings, and fragments"", URLs with subdomain",embedded in references,Hidden in annotation layers,
1510.04483,17,http://arxiv.org/abs/1503.05427,References,"""URLs with schemes such as http, https, ftp, sftp, git, magnet"", ""URLs with paths, query Strings, and fragments""",embedded in references,Hidden in annotation layers,
1510.04483,17,http://dx.doi.org/10.1140/epjc/s10052-015-3544-0,References,"""URLs with schemes such as http, https, ftp, sftp, git, magnet"", ""URLs with paths, query Strings, and fragments"", URLs with subdomain",embedded in references,Hidden in annotation layers,
1510.04483,17,http://arxiv.org/abs/1209.2319,References,"""URLs with schemes such as http, https, ftp, sftp, git, magnet"", ""URLs with paths, query Strings, and fragments""",embedded in references,Hidden in annotation layers,
1510.04483,17,http://dx.doi.org/10.1007/JHEP12(2012)105,References,"""URLs with schemes such as http, https, ftp, sftp, git, magnet"", ""URLs with paths, query Strings, and fragments"", URLs with subdomain",embedded in references,Hidden in annotation layers,
1510.04483,17,http://arxiv.org/abs/1509.04044,References,"""URLs with schemes such as http, https, ftp, sftp, git, magnet"", ""URLs with paths, query Strings, and fragments""",embedded in references,Hidden in annotation layers,
1510.04483,17,http://arxiv.org/abs/1505.00500,References,"""URLs with schemes such as http, https, ftp, sftp, git, magnet"", ""URLs with paths, query Strings, and fragments""",embedded in references,Hidden in annotation layers,
1510.04483,17,http://dx.doi.org/10.1103/PhysRevD.92.032003,References,"""URLs with schemes such as http, https, ftp, sftp, git, magnet"", ""URLs with paths, query Strings, and fragments"", URLs with subdomain",embedded in references,Hidden in annotation layers,
1510.04483,17,http://arxiv.org/abs/1508.03322,References,"""URLs with schemes such as http, https, ftp, sftp, git, magnet"", ""URLs with paths, query Strings, and fragments""",embedded in references,Hidden in annotation layers,
1510.04483,17,https://cds.cern.ch/record/1601811;https://cds.cern.ch/record/1603490,References,"""URLs with schemes such as http, https, ftp, sftp, git, magnet"", ""URLs with paths, query Strings, and fragments"", URLs with subdomain","embedded in references, split across lines",Hidden in annotation layers,
1510.04483,17,https://cds.cern.ch/record/1601811;https://cds.cern.ch/record/1603490,References,"""URLs with schemes such as http, https, ftp, sftp, git, magnet"", ""URLs with paths, query Strings, and fragments"", URLs with subdomain",embedded in references,,
1510.04483,17,http://cds.cern.ch/record/1966416,References,"""URLs with schemes such as http, https, ftp, sftp, git, magnet"", ""URLs with paths, query Strings, and fragments"", URLs with subdomain","embedded in references, split across lines",Hidden in annotation layers,
1510.04483,17,http://cds.cern.ch/record/1966416,References,"""URLs with schemes such as http, https, ftp, sftp, git, magnet"", ""URLs with paths, query Strings, and fragments"", URLs with subdomain",embedded in references,,
1510.04483,17,http://arxiv.org/abs/1409.4906,References,"""URLs with schemes such as http, https, ftp, sftp, git, magnet"", ""URLs with paths, query Strings, and fragments""",embedded in references,Hidden in annotation layers,
1510.04483,17,http://dx.doi.org/10.1103/PhysRevD.90.091101,References,"""URLs with schemes such as http, https, ftp, sftp, git, magnet"", ""URLs with paths, query Strings, and fragments"", URLs with subdomain",embedded in references,Hidden in annotation layers,
1510.04483,17,http://arxiv.org/abs/1409.0832,References,"""URLs with schemes such as http, https, ftp, sftp, git, magnet"", ""URLs with paths, query Strings, and fragments""",embedded in references,Hidden in annotation layers,
1510.04483,17,http://dx.doi.org/10.1140/epjc/s10052-015-3373-1,References,"""URLs with schemes such as http, https, ftp, sftp, git, magnet"", ""URLs with paths, query Strings, and fragments"", URLs with subdomain",embedded in references,Hidden in annotation layers,
1510.04483,17,http://arxiv.org/abs/1307.4617,References,"""URLs with schemes such as http, https, ftp, sftp, git, magnet"", ""URLs with paths, query Strings, and fragments""",embedded in references,Hidden in annotation layers,
1510.04483,17,http://dx.doi.org/10.1140/epjc/s10052-014-2758-x,References,"""URLs with schemes such as http, https, ftp, sftp, git, magnet"", ""URLs with paths, query Strings, and fragments"", URLs with subdomain",embedded in references,Hidden in annotation layers,
1510.04483,17,http://arxiv.org/abs/1305.3339,References,"""URLs with schemes such as http, https, ftp, sftp, git, magnet"", ""URLs with paths, query Strings, and fragments""",embedded in references,Hidden in annotation layers,
1510.04483,17,http://dx.doi.org/10.1103/PhysRevD.88.011101,References,"""URLs with schemes such as http, https, ftp, sftp, git, magnet"", ""URLs with paths, query Strings, and fragments"", URLs with subdomain",embedded in references,Hidden in annotation layers,
1510.04483,17,http://cds.cern.ch/record/1951323,References,"""URLs with schemes such as http, https, ftp, sftp, git, magnet"", ""URLs with paths, query Strings, and fragments"", URLs with subdomain","embedded in references, split across lines",Hidden in annotation layers,
1510.04483,17,http://cds.cern.ch/record/1951323,References,"""URLs with schemes such as http, https, ftp, sftp, git, magnet"", ""URLs with paths, query Strings, and fragments"", URLs with subdomain",embedded in references,,
1510.04483,17,http://arxiv.org/abs/0910.0969,References,"""URLs with schemes such as http, https, ftp, sftp, git, magnet"", ""URLs with paths, query Strings, and fragments""",embedded in references,Hidden in annotation layers,
1510.04483,17,http://dx.doi.org/10.1103/PhysRevD.81.032002,References,"""URLs with schemes such as http, https, ftp, sftp, git, magnet"", ""URLs with paths, query Strings, and fragments"", URLs with subdomain",embedded in references,Hidden in annotation layers,
1510.04483,17,http://arxiv.org/abs/hep-ex/0501043,References,"""URLs with schemes such as http, https, ftp, sftp, git, magnet"", ""URLs with paths, query Strings, and fragments""",embedded in references,Hidden in annotation layers,
1510.04483,17,http://dx.doi.org/10.1103/PhysRevD.71.054029,References,"""URLs with schemes such as http, https, ftp, sftp, git, magnet"", ""URLs with paths, query Strings, and fragments"", URLs with subdomain",embedded in references,Hidden in annotation layers,
1510.04483,17,http://cds.cern.ch/record/1563140,References,"""URLs with schemes such as http, https, ftp, sftp, git, magnet"", ""URLs with paths, query Strings, and fragments"", URLs with subdomain",embedded in references,Hidden in annotation layers,
1510.04483,17,http://cds.cern.ch/record/1563140,References,"""URLs with schemes such as http, https, ftp, sftp, git, magnet"", ""URLs with paths, query Strings, and fragments"", URLs with subdomain",embedded in references,,
1510.04483,17,http://cds.cern.ch/record/1599576,References,"""URLs with schemes such as http, https, ftp, sftp, git, magnet"", ""URLs with paths, query Strings, and fragments"", URLs with subdomain",embedded in references,Hidden in annotation layers,
1510.04483,17,http://cds.cern.ch/record/1599576,References,"""URLs with schemes such as http, https, ftp, sftp, git, magnet"", ""URLs with paths, query Strings, and fragments"", URLs with subdomain",embedded in references,,
1510.04483,17,http://arxiv.org/abs/1304.5783,References,"""URLs with schemes such as http, https, ftp, sftp, git, magnet"", ""URLs with paths, query Strings, and fragments""",embedded in references,Hidden in annotation layers,
1510.04483,17,http://dx.doi.org/10.1140/epjc/s10052-013-2494-7,References,"""URLs with schemes such as http, https, ftp, sftp, git, magnet"", ""URLs with paths, query Strings, and fragments"", URLs with subdomain",embedded in references,Hidden in annotation layers,
1510.04483,17,http://arxiv.org/abs/0810.5576,References,"""URLs with schemes such as http, https, ftp, sftp, git, magnet"", ""URLs with paths, query Strings, and fragments"", URLs with subdomain",embedded in references,Hidden in annotation layers,
1510.04483,17,http://dx.doi.org/10.1088/1126-6708/2009/03/143,References,"""URLs with schemes such as http, https, ftp, sftp, git, magnet"", ""URLs with paths, query Strings, and fragments"", URLs with subdomain",embedded in references,Hidden in annotation layers,
1510.04483,17,http://arxiv.org/abs/1209.0772,References,"""URLs with schemes such as http, https, ftp, sftp, git, magnet"", ""URLs with paths, query Strings, and fragments""",embedded in references,Hidden in annotation layers,
1510.04483,17,http://dx.doi.org/10.1103/PhysRevD.88.057701,References,"""URLs with schemes such as http, https, ftp, sftp, git, magnet"", ""URLs with paths, query Strings, and fragments"", URLs with subdomain",embedded in references,Hidden in annotation layers,
1510.04483,17,http://cds.cern.ch/record/2053086,References,"""URLs with schemes such as http, https, ftp, sftp, git, magnet"", ""URLs with paths, query Strings, and fragments"", URLs with subdomain",embedded in references,Hidden in annotation layers,
1510.04483,17,http://cds.cern.ch/record/2053086,References,"""URLs with schemes such as http, https, ftp, sftp, git, magnet"", ""URLs with paths, query Strings, and fragments"", URLs with subdomain",embedded in references,,
1510.04483,17,http://arxiv.org/abs/1307.6511,References,"""URLs with schemes such as http, https, ftp, sftp, git, magnet"", ""URLs with paths, query Strings, and fragments""",embedded in references,Hidden in annotation layers,
1510.04483,17,http://dx.doi.org/10.1103/PhysRevLett.111.232002,References,"""URLs with schemes such as http, https, ftp, sftp, git, magnet"", ""URLs with paths, query Strings, and fragments"", URLs with subdomain","split across lines, embedded in references",Hidden in annotation layers,
1510.04483,18,http://arxiv.org/abs/1405.2395,References,"""URLs with schemes such as http, https, ftp, sftp, git, magnet"", ""URLs with paths, query Strings, and fragments""",embedded in references,Hidden in annotation layers,
1510.04483,18,http://dx.doi.org/10.1016/j.physletb.2014.12.044,References,"""URLs with schemes such as http, https, ftp, sftp, git, magnet"", ""URLs with paths, query Strings, and fragments"", URLs with subdomain",embedded in references,Hidden in annotation layers,
1510.04483,18,http://dx.doi.org/10.1016/0168-9002(88)90018-6,References,"""URLs with schemes such as http, https, ftp, sftp, git, magnet"", ""URLs with paths, query Strings, and fragments"", URLs with subdomain",embedded in references,Hidden in annotation layers,
1510.04483,18,http://dx.doi.org/10.1016/S0168-9002(03)00329-2,References,"""URLs with schemes such as http, https, ftp, sftp, git, magnet"", ""URLs with paths, query Strings, and fragments"", URLs with subdomain",embedded in references,Hidden in annotation layers,
1510.04483,18,http://arxiv.org/abs/1402.4016,References,"""URLs with schemes such as http, https, ftp, sftp, git, magnet"", ""URLs with paths, query Strings, and fragments""","embedded in references, split across lines",Hidden in annotation layers,
1510.04483,18,http://dx.doi.org/10.1140/epjc/s10052-014-3004-2,References,"""URLs with schemes such as http, https, ftp, sftp, git, magnet"", ""URLs with paths, query Strings, and fragments"", URLs with subdomain",embedded in references,Hidden in annotation layers,
1510.04483,18,http://arxiv.org/abs/1407.2682,References,"""URLs with schemes such as http, https, ftp, sftp, git, magnet"", ""URLs with paths, query Strings, and fragments""",embedded in references,Hidden in annotation layers,
1510.04483,18,http://www-d0.fnal.gov/Run2Physics/WWW/results/prelim/TOP/T106/,References,"""URLs with schemes such as http, https, ftp, sftp, git, magnet"", ""URLs with paths, query Strings, and fragments"", URLs with subdomain, URLs with trailing slashes",embedded in references,Hidden in annotation layers,
1510.04483,18,http://www-d0.fnal.gov/Run2Physics/WWW/results/prelim/TOP/T106/,References,"""URLs with schemes such as http, https, ftp, sftp, git, magnet"", ""URLs with paths, query Strings, and fragments"", URLs with subdomain, URLs with trailing slashes",embedded in references,,
1510.04483,18,http://arxiv.org/abs/1406.5375,References,"""URLs with schemes such as http, https, ftp, sftp, git, magnet"", ""URLs with paths, query Strings, and fragments""",embedded in references,Hidden in annotation layers,
1510.04483,18,http://dx.doi.org/10.1140/epjc/s10052-014-3109-7,References,"""URLs with schemes such as http, https, ftp, sftp, git, magnet"", ""URLs with paths, query Strings, and fragments"", URLs with subdomain","embedded in references, split across lines",Hidden in annotation layers,
1510.04483,18,http://arxiv.org/abs/1101.0538,References,"""URLs with schemes such as http, https, ftp, sftp, git, magnet"", ""URLs with paths, query Strings, and fragments""",embedded in references,Hidden in annotation layers,
1510.04483,18,http://cds.cern.ch/record/2048642,References,"""URLs with schemes such as http, https, ftp, sftp, git, magnet"", ""URLs with paths, query Strings, and fragments"", URLs with subdomain",embedded in references,Hidden in annotation layers,
1510.04483,18,http://cds.cern.ch/record/2048642,References,"""URLs with schemes such as http, https, ftp, sftp, git, magnet"", ""URLs with paths, query Strings, and fragments"", URLs with subdomain",embedded in references,,
1510.04483,18,http://arxiv.org/abs/1410.8849,References,"""URLs with schemes such as http, https, ftp, sftp, git, magnet"", ""URLs with paths, query Strings, and fragments""",embedded in references,Hidden in annotation layers,
1510.04483,18,http://dx.doi.org/10.1007/JHEP04(2015)040,References,"""URLs with schemes such as http, https, ftp, sftp, git, magnet"", ""URLs with paths, query Strings, and fragments"", URLs with subdomain",embedded in references,Hidden in annotation layers,
1510.04483,18,http://arxiv.org/abs/1303.6415,References,"""URLs with schemes such as http, https, ftp, sftp, git, magnet"", ""URLs with paths, query Strings, and fragments""",embedded in references,Hidden in annotation layers,
1510.04483,18,http://dx.doi.org/10.1140/epjc/s10052-013-2438-2,References,"""URLs with schemes such as http, https, ftp, sftp, git, magnet"", ""URLs with paths, query Strings, and fragments"", URLs with subdomain",embedded in references,Hidden in annotation layers,
1510.04483,18,http://arxiv.org/abs/1507.01769,References,"""URLs with schemes such as http, https, ftp, sftp, git, magnet"", ""URLs with paths, query Strings, and fragments"", URLs with subdomain",embedded in references,Hidden in annotation layers,
1510.04483,18,http://cds.cern.ch/record/1951028,References,"""URLs with schemes such as http, https, ftp, sftp, git, magnet"", ""URLs with paths, query Strings, and fragments"", URLs with subdomain",embedded in references,Hidden in annotation layers,
1510.04483,18,http://cds.cern.ch/record/1951028,References,"""URLs with schemes such as http, https, ftp, sftp, git, magnet"", ""URLs with paths, query Strings, and fragments"", URLs with subdomain",embedded in references,,
1510.04483,18,http://arxiv.org/abs/1407.0891,References,"""URLs with schemes such as http, https, ftp, sftp, git, magnet"", ""URLs with paths, query Strings, and fragments""",embedded in references,Hidden in annotation layers,
1510.04483,18,http://dx.doi.org/10.1007/JHEP01(2015)020,References,"""URLs with schemes such as http, https, ftp, sftp, git, magnet"", ""URLs with paths, query Strings, and fragments"", URLs with subdomain","embedded in references, split across lines",Hidden in annotation layers,
1510.04483,18,http://arxiv.org/abs/1510.03072,References,"""URLs with schemes such as http, https, ftp, sftp, git, magnet"", ""URLs with paths, query Strings, and fragments"", URLs with subdomain",embedded in references,Hidden in annotation layers,
1510.04483,18,http://arxiv.org/abs/1006.0910,References,"""URLs with schemes such as http, https, ftp, sftp, git, magnet"", ""URLs with paths, query Strings, and fragments""",embedded in references,Hidden in annotation layers,
1510.04483,18,http://dx.doi.org/10.1007/JHEP08(2010)048,References,"""URLs with schemes such as http, https, ftp, sftp, git, magnet"", ""URLs with paths, query Strings, and fragments"", URLs with subdomain",embedded in references,Hidden in annotation layers,
1510.04483,18,http://arxiv.org/abs/1312.6659,References,"""URLs with schemes such as http, https, ftp, sftp, git, magnet"", ""URLs with paths, query Strings, and fragments""",embedded in references,Hidden in annotation layers,
1510.04483,18,http://dx.doi.org/10.1007/JHEP06(2014)158,References,"""URLs with schemes such as http, https, ftp, sftp, git, magnet"", ""URLs with paths, query Strings, and fragments"", URLs with subdomain",embedded in references,Hidden in annotation layers,
1510.04483,18,http://arxiv.org/abs/1412.1828,References,"""URLs with schemes such as http, https, ftp, sftp, git, magnet"", ""URLs with paths, query Strings, and fragments""",embedded in references,Hidden in annotation layers,
1510.04483,18,http://dx.doi.org/10.1007/JHEP04(2015)114,References,"""URLs with schemes such as http, https, ftp, sftp, git, magnet"", ""URLs with paths, query Strings, and fragments"", URLs with subdomain",embedded in references,Hidden in annotation layers,
1510.04483,18,http://arxiv.org/abs/hep-ph/9912320,References,"""URLs with schemes such as http, https, ftp, sftp, git, magnet"", ""URLs with paths, query Strings, and fragments""","embedded in references, split across lines",Hidden in annotation layers,
1510.04483,18,http://dx.doi.org/10.1016/S0370-2693(00)00120-9,References,"""URLs with schemes such as http, https, ftp, sftp, git, magnet"", ""URLs with paths, query Strings, and fragments"", URLs with subdomain",embedded in references,Hidden in annotation layers,
1510.04483,18,http://cds.cern.ch/record/2046216,References,"""URLs with schemes such as http, https, ftp, sftp, git, magnet"", ""URLs with paths, query Strings, and fragments"", URLs with subdomain",embedded in references,Hidden in annotation layers,
1510.04483,18,http://cds.cern.ch/record/2046216,References,"""URLs with schemes such as http, https, ftp, sftp, git, magnet"", ""URLs with paths, query Strings, and fragments"", URLs with subdomain",embedded in references,,
1510.04483,18,http://arxiv.org/abs/1306.4945,References,"""URLs with schemes such as http, https, ftp, sftp, git, magnet"", ""URLs with paths, query Strings, and fragments""",embedded in references,Hidden in annotation layers,
1510.04483,18,http://dx.doi.org/10.1007/JHEP09(2013)076,References,"""URLs with schemes such as http, https, ftp, sftp, git, magnet"", ""URLs with paths, query Strings, and fragments"", URLs with subdomain",embedded in references,Hidden in annotation layers,
1510.04483,18,http://cds.cern.ch/record/1571040,References,"""URLs with schemes such as http, https, ftp, sftp, git, magnet"", ""URLs with paths, query Strings, and fragments"", URLs with subdomain",embedded in references,Hidden in annotation layers,
1510.04483,18,http://cds.cern.ch/record/1571040,References,"""URLs with schemes such as http, https, ftp, sftp, git, magnet"", ""URLs with paths, query Strings, and fragments"", URLs with subdomain",embedded in references,,
1510.04483,18,http://cds.cern.ch/record/1647419,References,"""URLs with schemes such as http, https, ftp, sftp, git, magnet"", ""URLs with paths, query Strings, and fragments"", URLs with subdomain",embedded in references,Hidden in annotation layers,
1510.04483,18,http://cds.cern.ch/record/1647419,References,"""URLs with schemes such as http, https, ftp, sftp, git, magnet"", ""URLs with paths, query Strings, and fragments"", URLs with subdomain",embedded in references,,
1510.04483,18,http://arxiv.org/abs/1508.05332,References,"""URLs with schemes such as http, https, ftp, sftp, git, magnet"", ""URLs with paths, query Strings, and fragments""",embedded in references,Hidden in annotation layers,
1510.04483,18,https://cds.cern.ch/record/1605627,References,"""URLs with schemes such as http, https, ftp, sftp, git, magnet"", ""URLs with paths, query Strings, and fragments"", URLs with subdomain",embedded in references,Hidden in annotation layers,
1510.04483,18,https://cds.cern.ch/record/1605627,References,"""URLs with schemes such as http, https, ftp, sftp, git, magnet"", ""URLs with paths, query Strings, and fragments"", URLs with subdomain",embedded in references,,
1510.04483,18,http://arxiv.org/abs/1311.2028,References,"""URLs with schemes such as http, https, ftp, sftp, git, magnet"", ""URLs with paths, query Strings, and fragments""",embedded in references,Hidden in annotation layers,
1510.04483,18,http://arxiv.org/abs/1303.3758,References,"""URLs with schemes such as http, https, ftp, sftp, git, magnet"", ""URLs with paths, query Strings, and fragments""",embedded in references,Hidden in annotation layers,
1510.04483,18,http://dx.doi.org/10.1140/epjc/s10052-013-2530-7,References,"""URLs with schemes such as http, https, ftp, sftp, git, magnet"", ""URLs with paths, query Strings, and fragments"", URLs with subdomain",embedded in references,Hidden in annotation layers,
1510.03867,1,mailto:rcooke@ucolick.org,Title & Authors,"""URLs with schemes such as http, https, ftp, sftp, git, magnet""",embedded in footnotes,Hidden in annotation layers,
1510.03867,3,http://physics.nist.gov/PhysRefData/ASD/ionEnergy.html,Methodology,"""URLs with schemes such as http, https, ftp, sftp, git, magnet"", ""URLs with paths, query Strings, and fragments"", URLs with subdomain",embedded in footnotes,,
1510.03867,4,http://www-cfadc.phy.ornl.gov/astro/ps/data/,Methodology,"""URLs with schemes such as http, https, ftp, sftp, git, magnet"", URLs with subdomain, ""URLs with paths, query Strings, and fragments""",embedded in footnotes,,
1510.03867,4,http://amdpp.phys.strath.ac.uk/tamoc/DATA/,Methodology,"""URLs with schemes such as http, https, ftp, sftp, git, magnet"", URLs with subdomain, ""URLs with paths, query Strings, and fragments"", URLs with trailing slashes",embedded in footnotes,,
1510.03867,10,http://arxiv.org/abs/1503.08146,References,"""URLs with schemes such as http, https, ftp, sftp, git, magnet"", ""URLs with paths, query Strings, and fragments""",embedded in references,Hidden in annotation layers,
1510.03867,10,http://arxiv.org/abs/1505.01076,References,"""URLs with schemes such as http, https, ftp, sftp, git, magnet"", ""URLs with paths, query Strings, and fragments""",embedded in references,Hidden in annotation layers,
1510.03867,10,http://arxiv.org/abs/1505.04997,References,"""URLs with schemes such as http, https, ftp, sftp, git, magnet"", ""URLs with paths, query Strings, and fragments""",embedded in references,Hidden in annotation layers,
1510.03867,10,http://arxiv.org/abs/1502.01589,References,"""URLs with schemes such as http, https, ftp, sftp, git, magnet"", ""URLs with paths, query Strings, and fragments""",embedded in references,Hidden in annotation layers,
1510.03867,10,http://arxiv.org/abs/1509.07809,References,"""URLs with schemes such as http, https, ftp, sftp, git, magnet"", ""URLs with paths, query Strings, and fragments""",embedded in references,Hidden in annotation layers,
1510.03815,1,http://arxiv.org/abs/1510.03815v6,Title & Authors,"""URLs with schemes such as http, https, ftp, sftp, git, magnet"", ""URLs with paths, query Strings, and fragments""",,"Hidden in annotation layers, Hidden in metadata",
1510.03815,149,http://hdl.handle.net/10044/1/14365,References,"""URLs with schemes such as http, https, ftp, sftp, git, magnet"", ""URLs with paths, query Strings, and fragments"", URLs with subdomain",embedded in references,,
1510.03815,148,math.ethz.ch/~salamon/publications.html,References,"URLs with subdomain, ""URLs with paths, query Strings, and fragments"", URLs without scheme",embedded in references,,
1510.03815,148,www-math.mit.edu/~rbm/Lecture_notes.html,References,"URLs with subdomain, ""URLs with paths, query Strings, and fragments"", URLs without scheme",embedded in references,,
1510.03815,147,perso.univ-rennes1.fr/michel.coste/Lojasiewicz.pdf,References,"URLs with subdomain, ""URLs with paths, query Strings, and fragments"", URLs without scheme",embedded in references,,
1510.03815,146,msp.warwick.ac.uk/gtm/2008/15/,References,"URLs with subdomain, ""URLs with paths, query Strings, and fragments"", URLs with trailing slashes, URLs without scheme",embedded in references,,
1510.02542,3,http://cdsarc.u-strasbg.fr/viz-bin/vizExec/.getpuz?7239&N%202363,Results and Discussion,"""URLs with schemes such as http, https, ftp, sftp, git, magnet"", URLs with subdomain, ""URLs with paths, query Strings, and fragments"", URLs with escape characters","embedded in footnotes, split across lines",,
1510.02080,1,http://arxiv.org/abs/1510.02080v1,Title & Authors,"""URLs with schemes such as http, https, ftp, sftp, git, magnet"", ""URLs with paths, query Strings, and fragments""",,"Hidden in annotation layers, Hidden in metadata",
1510.02080,1,mailto:Igor.Altsybeev@cern.ch,Title & Authors,"""URLs with schemes such as http, https, ftp, sftp, git, magnet""",,Hidden in annotation layers,
1510.02080,4,http://arxiv.org/abs/0905.0237,References,"""URLs with schemes such as http, https, ftp, sftp, git, magnet"", ""URLs with paths, query Strings, and fragments""",embedded in references,Hidden in annotation layers,
1510.02080,4,http://arxiv.org/abs/1203.3100,References,"""URLs with schemes such as http, https, ftp, sftp, git, magnet"", ""URLs with paths, query Strings, and fragments""",embedded in references,Hidden in annotation layers,
1510.02080,4,http://arxiv.org/abs/1210.7588,References,"""URLs with schemes such as http, https, ftp, sftp, git, magnet"", ""URLs with paths, query Strings, and fragments""",embedded in references,Hidden in annotation layers,
1510.02080,4,http://arxiv.org/abs/1310.1627,References,"""URLs with schemes such as http, https, ftp, sftp, git, magnet"", ""URLs with paths, query Strings, and fragments""",embedded in references,Hidden in annotation layers,
1510.02080,4,http://dx.doi.org/10.1016/j.physrep.2015.09.003,References,"""URLs with schemes such as http, https, ftp, sftp, git, magnet"", ""URLs with paths, query Strings, and fragments"", URLs with subdomain",embedded in references,,
1510.02080,4,http://arxiv.org/abs/1501.01524,References,"""URLs with schemes such as http, https, ftp, sftp, git, magnet"", ""URLs with paths, query Strings, and fragments""",embedded in references,Hidden in annotation layers,
1510.02080,4,http://arxiv.org/abs/1412.6259,References,"""URLs with schemes such as http, https, ftp, sftp, git, magnet"", ""URLs with paths, query Strings, and fragments""",embedded in references,Hidden in annotation layers,
1510.02080,4,http://arxiv.org/abs/1505.01681,References,"""URLs with schemes such as http, https, ftp, sftp, git, magnet"", ""URLs with paths, query Strings, and fragments""",embedded in references,Hidden in annotation layers,
1510.02080,4,http://arxiv.org/abs/1101.2599,References,"""URLs with schemes such as http, https, ftp, sftp, git, magnet"", ""URLs with paths, query Strings, and fragments""",embedded in references,Hidden in annotation layers,
1510.00741,1,mailto:jhk@cis.rit.edu,Title & Authors,"""URLs with schemes such as http, https, ftp, sftp, git, magnet""",,Hidden in annotation layers,
1510.00741,3,http://www.ifa.hawaii.edu/∼reipurth/newsletter/newsletter245.pdf.,Results and Discussion,"""URLs with schemes such as http, https, ftp, sftp, git, magnet"", ""URLs with paths, query Strings, and fragments"", URLs with subdomain",embedded in footnotes,,
1407.8067,1,mailto:feiy@stat.cmu.edu,Title & Authors,"""URLs with schemes such as http, https, ftp, sftp, git, magnet""",,Hidden in annotation layers,
1407.8067,1,mailto:fienberg@stat.cmu.edu,Title & Authors,"""URLs with schemes such as http, https, ftp, sftp, git, magnet""",,Hidden in annotation layers,
1407.8067,1,mailto:michal.rybar@ist.ac.at,Title & Authors,"""URLs with schemes such as http, https, ftp, sftp, git, magnet""",,Hidden in annotation layers,
1407.8067,1,mailto:caroline.uhler@ist.ac.at,Title & Authors,"""URLs with schemes such as http, https, ftp, sftp, git, magnet""",,Hidden in annotation layers,
1407.8067,9,http://hapmap.ncbi.nlm.nih.gov/,Title & Authors,"""URLs with schemes such as http, https, ftp, sftp, git, magnet""",,Hidden in annotation layers,
1407.7367,1,http://arxiv.org/abs/1407.7367v4,Title & Authors,"""URLs with schemes such as http, https, ftp, sftp, git, magnet"", ""URLs with paths, query Strings, and fragments""",,"Hidden in annotation layers, Hidden in metadata",
1407.7367,1,mailto:hghafarnejad@yahoo.com,Title & Authors,"""URLs with schemes such as http, https, ftp, sftp, git, magnet""",,Hidden in annotation layers,
1407.7367,1,mailto:hghafarnejad@profs.semnan.ac.ir,Title & Authors,"""URLs with schemes such as http, https, ftp, sftp, git, magnet""",,Hidden in annotation layers,
1407.7367,4,http://arxiv.org/abs/gr-qc/0405041,References,"""URLs with schemes such as http, https, ftp, sftp, git, magnet"", ""URLs with paths, query Strings, and fragments""",embedded in references,Hidden in annotation layers,
1407.7367,4,http://arxiv.org/abs/gr-qc/9811036,References,"""URLs with schemes such as http, https, ftp, sftp, git, magnet"", ""URLs with paths, query Strings, and fragments""",embedded in references,Hidden in annotation layers,
1407.7367,4,http://www.livingreviews.org/lrr-2006-3,References,"""URLs with schemes such as http, https, ftp, sftp, git, magnet"", ""URLs with paths, query Strings, and fragments""",embedded in references,,
1407.1645,1,mailto:ludwig@theo-physik.uni-kiel.de,Title & Authors,"""URLs with schemes such as http, https, ftp, sftp, git, magnet""",,Hidden in annotation layers,
1407.1645,16,http://apps.jcns.fz-juelich.de/libcerf,References,"""URLs with schemes such as http, https, ftp, sftp, git, magnet"", ""URLs with paths, query Strings, and fragments"", URLs with subdomain",embedded in references,,
1407.1645,16,http://www.fftw.org,References,"""URLs with schemes such as http, https, ftp, sftp, git, magnet""",embedded in references,,
1407.1645,16,http://www.gnu.org/software/gsl/,References,"""URLs with schemes such as http, https, ftp, sftp, git, magnet"", ""URLs with paths, query Strings, and fragments"", URLs with trailing slashes",embedded in references,,
1407.1524,6,http://dreal.cs.cmu.edu/dreach.html,Related Works & Background,"""URLs with schemes such as http, https, ftp, sftp, git, magnet"", URLs with subdomain, ""URLs with paths, query Strings, and fragments""",,,
1407.1524,6,http://www.cs.cmu.edu/~liubing/cmsb14/,Results and Discussion,"""URLs with schemes such as http, https, ftp, sftp, git, magnet"", URLs with subdomain, ""URLs with paths, query Strings, and fragments"", URLs with trailing slashes",,,
1407.1513,1,http://arxiv.org/abs/1407.1513v1,Title & Authors,"""URLs with schemes such as http, https, ftp, sftp, git, magnet"", ""URLs with paths, query Strings, and fragments""",,"Hidden in annotation layers, Hidden in metadata",
1407.1513,1,mailto:cdlh@univ-nantes.fr,Title & Authors,"""URLs with schemes such as http, https, ftp, sftp, git, magnet""",,Hidden in annotation layers,
1407.1513,1,mailto:james.scicluna@univ-nantes.fr,Title & Authors,"""URLs with schemes such as http, https, ftp, sftp, git, magnet""",,Hidden in annotation layers,
1407.1513,11,http://arxiv.org/abs/1405.2852,References,"""URLs with schemes such as http, https, ftp, sftp, git, magnet"", ""URLs with paths, query Strings, and fragments""",embedded in references,,
1301.7656,1,http://arxiv.org/abs/1301.7656v1,Title & Authors,"""URLs with schemes such as http, https, ftp, sftp, git, magnet"", ""URLs with paths, query Strings, and fragments""",,"Hidden in annotation layers, Hidden in metadata",
1301.7656,13,http://www.aip.org/history/ohilist/5000.html,References,"""URLs with schemes such as http, https, ftp, sftp, git, magnet"", ""URLs with paths, query Strings, and fragments""",embedded in references,,
1301.7656,13,http://www.aip.org/history/ohilist/5022.html,References,"""URLs with schemes such as http, https, ftp, sftp, git, magnet"", ""URLs with paths, query Strings, and fragments""",embedded in references,,
1301.5932,1,http://arxiv.org/abs/1301.5932v2,Title & Authors,"""URLs with schemes such as http, https, ftp, sftp, git, magnet"", ""URLs with paths, query Strings, and fragments""",,"Hidden in annotation layers, Hidden in metadata",
1301.5932,11,http://feynrules.irmp.ucl.ac.be/wiki/ASperGe,References,"""URLs with schemes such as http, https, ftp, sftp, git, magnet"", URLs with subdomain, ""URLs with paths, query Strings, and fragments""",embedded in references,,
1301.5201,4,www.youtube.com,Related Works & Background,URLs without scheme,embedded in footnotes,,
1301.5201,4,www.imdb.com,Related Works & Background,URLs without scheme,embedded in footnotes,,
1301.5201,7,www.saloon24.pl,Methodology,URLs without scheme,,,
1301.5201,8,www.cﬁnder.org,Methodology,URLs without scheme,embedded in footnotes,,
1301.5201,8,www.luminis-research.com,Methodology,URLs without scheme,embedded in footnotes,,
1301.5077,1,http://dx.doi.org/10.4204/EPTCS.106.4,Title & Authors,"""URLs with schemes such as http, https, ftp, sftp, git, magnet"", ""URLs with paths, query Strings, and fragments"", URLs with subdomain",embedded in footnotes,Hidden in annotation layers,
1301.5077,13,http://snapframework.com,References,"""URLs with schemes such as http, https, ftp, sftp, git, magnet""",embedded in references,,
1301.5077,13,http://dx.doi.org/10.1145/1596638.1596650,References,"""URLs with schemes such as http, https, ftp, sftp, git, magnet"", ""URLs with paths, query Strings, and fragments"", URLs with subdomain",embedded in references,Hidden in annotation layers,
1301.5077,13,http://www.cs.uu.nl/wiki/UHC,References,"""URLs with schemes such as http, https, ftp, sftp, git, magnet"", URLs with subdomain, ""URLs with paths, query Strings, and fragments""",embedded in references,,
1301.5077,13,http://www.khanacademy.org/#computer-science,References,"""URLs with schemes such as http, https, ftp, sftp, git, magnet"", ""URLs with paths, query Strings, and fragments""",embedded in references,,
1301.5077,13,http://learnyouahaskell.com,References,"""URLs with schemes such as http, https, ftp, sftp, git, magnet""",embedded in references,,
1301.5077,13,http://gloss.ouroborus.net/,References,"""URLs with schemes such as http, https, ftp, sftp, git, magnet"", URLs with subdomain, URLs with trailing slashes",embedded in references,,
1301.5077,13,http://dx.doi.org/10.1109/C5.2004.1314376,References,"""URLs with schemes such as http, https, ftp, sftp, git, magnet"", ""URLs with paths, query Strings, and fragments"", URLs with subdomain",embedded in references,Hidden in annotation layers,
1301.5077,13,http://www.bootstrapworld.org/,References,"""URLs with schemes such as http, https, ftp, sftp, git, magnet"", URLs with trailing slashes",embedded in references,,
1301.5077,13,http://cdsmith.wordpress.com/category/haskell-for-kids/,References,"""URLs with schemes such as http, https, ftp, sftp, git, magnet"", URLs with subdomain, ""URLs with paths, query Strings, and fragments"", URLs with trailing slashes","embedded in references, split across lines",,
1301.5074,1,http://dx.doi.org/10.4204/EPTCS.106.1,Title & Authors,"""URLs with schemes such as http, https, ftp, sftp, git, magnet"", URLs with subdomain, ""URLs with paths, query Strings, and fragments""",embedded in footnotes,Hidden in annotation layers,
1301.5074,17,http://dx.doi.org/10.1145/1411260.1411264,References,"""URLs with schemes such as http, https, ftp, sftp, git, magnet"", ""URLs with paths, query Strings, and fragments"", URLs with subdomain",embedded in references,Hidden in annotation layers,
1301.5074,17,http://dx.doi.org/10.1145/1217975.1217999,References,"""URLs with schemes such as http, https, ftp, sftp, git, magnet"", ""URLs with paths, query Strings, and fragments"", URLs with subdomain",embedded in references,Hidden in annotation layers,
1301.5074,17,http://dx.doi.org/10.1145/944746.944713,References,"""URLs with schemes such as http, https, ftp, sftp, git, magnet"", ""URLs with paths, query Strings, and fragments"", URLs with subdomain",embedded in references,Hidden in annotation layers,
1301.5074,17,http://dx.doi.org/10.1145/609769.609771,References,"""URLs with schemes such as http, https, ftp, sftp, git, magnet"", ""URLs with paths, query Strings, and fragments"", URLs with subdomain",embedded in references,Hidden in annotation layers,
1301.5074,17,http://dx.doi.org/10.1017/S095679680700634X,References,"""URLs with schemes such as http, https, ftp, sftp, git, magnet"", ""URLs with paths, query Strings, and fragments"", URLs with subdomain",embedded in references,Hidden in annotation layers,
1301.5074,17,http://dx.doi.org/10.1145/1327452.1327492,References,"""URLs with schemes such as http, https, ftp, sftp, git, magnet"", ""URLs with paths, query Strings, and fragments"", URLs with subdomain",embedded in references,Hidden in annotation layers,
1301.5074,17,http://dx.doi.org/10.1145/1773912.1773922,References,"""URLs with schemes such as http, https, ftp, sftp, git, magnet"", ""URLs with paths, query Strings, and fragments"", URLs with subdomain",embedded in references,Hidden in annotation layers,
1301.5074,17,http://dx.doi.org/10.1145/367177.367199,References,"""URLs with schemes such as http, https, ftp, sftp, git, magnet"", ""URLs with paths, query Strings, and fragments"", URLs with subdomain",embedded in references,Hidden in annotation layers,
1301.5074,17,http://www.cs.ou.edu/~rlpage/hcw/StudEvalHCW.pdf,References,"""URLs with schemes such as http, https, ftp, sftp, git, magnet"", ""URLs with paths, query Strings, and fragments"", URLs with subdomain",embedded in references,,
1301.5074,17,http://racket-lang.org/,References,"""URLs with schemes such as http, https, ftp, sftp, git, magnet"", URLs with trailing slashes",embedded in references,,
1301.5074,17,http://dx.doi.org/10.1017/S0956796801004208,References,"""URLs with schemes such as http, https, ftp, sftp, git, magnet"", ""URLs with paths, query Strings, and fragments"", URLs with subdomain",embedded in references,Hidden in annotation layers,
1301.5074,18,http://dx.doi.org/10.1145/351240.351266,References,"""URLs with schemes such as http, https, ftp, sftp, git, magnet"", ""URLs with paths, query Strings, and fragments"", URLs with subdomain",embedded in references,Hidden in annotation layers,
1301.5074,18,http://proofpad.org/,References,"""URLs with schemes such as http, https, ftp, sftp, git, magnet"", ""URLs with paths, query Strings, and fragments"", URLs with subdomain",embedded in references,,
1301.5074,18,http://dx.doi.org/10.1007/978-3-540-39724-3_29,References,"""URLs with schemes such as http, https, ftp, sftp, git, magnet"", ""URLs with paths, query Strings, and fragments"", URLs with subdomain",embedded in references,Hidden in annotation layers,
1301.5074,18,http://dx.doi.org/10.1007/BFb0030541,References,"""URLs with schemes such as http, https, ftp, sftp, git, magnet"", ""URLs with paths, query Strings, and fragments"", URLs with subdomain",embedded in references,Hidden in annotation layers,
1301.5074,18,http://dx.doi.org/10.1093/comjnl/bxh141,References,"""URLs with schemes such as http, https, ftp, sftp, git, magnet"", ""URLs with paths, query Strings, and fragments"", URLs with subdomain",embedded in references,Hidden in annotation layers,
1301.5074,18,http://dx.doi.org/10.1007/978-3-642-03359-9_6,References,"""URLs with schemes such as http, https, ftp, sftp, git, magnet"", ""URLs with paths, query Strings, and fragments"", URLs with subdomain",embedded in references,Hidden in annotation layers,
1301.5074,18,http://dx.doi.org/10.1007/978-3-642-34407-7_9,References,"""URLs with schemes such as http, https, ftp, sftp, git, magnet"", ""URLs with paths, query Strings, and fragments"", URLs with subdomain",embedded in references,Hidden in annotation layers,
1301.5074,18,http://hadoop.apache.org,References,"""URLs with schemes such as http, https, ftp, sftp, git, magnet"", URLs with subdomain",embedded in references,,
1301.5074,18,http://www.collegeboard.com/prod_downloads/computerscience/ComputationalThinkingCS_Principles.pdf,References,"""URLs with schemes such as http, https, ftp, sftp, git, magnet"", ""URLs with paths, query Strings, and fragments""",embedded in references,,
1301.5074,18,http://www.csprinciples.org/home/pilot-sites,References,"""URLs with schemes such as http, https, ftp, sftp, git, magnet"", ""URLs with paths, query Strings, and fragments""",embedded in references,,
1301.5074,18,http://dx.doi.org/10.1111/j.1467-8535.2011.01241.x,References,"""URLs with schemes such as http, https, ftp, sftp, git, magnet"", ""URLs with paths, query Strings, and fragments"", URLs with subdomain",embedded in references,Hidden in annotation layers,
1301.5074,18,http://www.cs.cmu.edu/~CompThink/resources/education.html,References,"""URLs with schemes such as http, https, ftp, sftp, git, magnet"", ""URLs with paths, query Strings, and fragments"", URLs with subdomain",embedded in references,,
1301.5074,18,http://www.sciencedirect.com/science/journal/15710661,References,"""URLs with schemes such as http, https, ftp, sftp, git, magnet"", ""URLs with paths, query Strings, and fragments""",embedded in references,,
1301.5074,18,http://dx.doi.org/10.1016/j.entcs.2006.09.018,References,"""URLs with schemes such as http, https, ftp, sftp, git, magnet"", ""URLs with paths, query Strings, and fragments"", URLs with subdomain",embedded in references,Hidden in annotation layers,
1301.5074,18,http://www.cs.cmu.edu/afs/cs/user/me/www/courses/212/,References,"""URLs with schemes such as http, https, ftp, sftp, git, magnet"", ""URLs with paths, query Strings, and fragments"", URLs with subdomain, URLs with trailing slashes",embedded in references,,
1301.5074,18,http://www.cs.cmu.edu/~fp/courses/15122/,References,"""URLs with schemes such as http, https, ftp, sftp, git, magnet"", ""URLs with paths, query Strings, and fragments"", URLs with subdomain, URLs with trailing slashes",embedded in references,,
1301.5074,18,http://www.cs.uiowa.edu/~tinelli/classes/181/Spring08/,References,"""URLs with schemes such as http, https, ftp, sftp, git, magnet"", ""URLs with paths, query Strings, and fragments"", URLs with subdomain, URLs with trailing slashes",embedded in references,,
1301.5074,18,http://dx.doi.org/10.1007/978-3-540-69061-0,References,"""URLs with schemes such as http, https, ftp, sftp, git, magnet"", ""URLs with paths, query Strings, and fragments"", URLs with subdomain",embedded in references,Hidden in annotation layers,
1301.5021,1,http://arxiv.org/abs/1301.5021v1,Title & Authors,"""URLs with schemes such as http, https, ftp, sftp, git, magnet"", ""URLs with paths, query Strings, and fragments""",,"Hidden in annotation layers, Hidden in metadata",
1301.5021,1,mailto:eric.broens@skynet.be,Title & Authors,"""URLs with schemes such as http, https, ftp, sftp, git, magnet""",embedded in footnotes,Hidden in annotation layers,
1301.5021,2,http://www.aavso.org,Methodology,"""URLs with schemes such as http, https, ftp, sftp, git, magnet""",embedded in footnotes,,
1301.3699,15,http://www.matematikvakfi.org.tr/tr/arf-lectures,Related Works & Background,"""URLs with schemes such as http, https, ftp, sftp, git, magnet"", ""URLs with paths, query Strings, and fragments""",embedded in footnotes,,
1301.3699,36,http://www.sunsite.ubc.ca/DigitalMathArchive/Langlands/miscellaneous.html#arf,References,"""URLs with schemes such as http, https, ftp, sftp, git, magnet"", ""URLs with paths, query Strings, and fragments"", URLs with subdomain","embedded in references, split across lines",,
1301.3699,36,http://www.rzuser.uni-heidelberg.de/∼ci3/arf3-withpicture.pdf,References,"""URLs with schemes such as http, https, ftp, sftp, git, magnet"", ""URLs with paths, query Strings, and fragments"", URLs with subdomain",embedded in references,,
1301.3699,36,http://mathoverflow.net/questions/21720/,References,"""URLs with schemes such as http, https, ftp, sftp, git, magnet"", ""URLs with paths, query Strings, and fragments"", URLs with trailing slashes",embedded in references,,
1301.3699,37,http://www3.iam.metu.edu.tr/matematikvakfi/cahitarf-onder.pdf\,References,"""URLs with schemes such as http, https, ftp, sftp, git, magnet"", URLs with subdomain, ""URLs with paths, query Strings, and fragments""",,,
1301.3699,37,http://www.rzuser.uni-heidelberg.de/∼ci3/lfunktio.pdf,References,"""URLs with schemes such as http, https, ftp, sftp, git, magnet"", ""URLs with paths, query Strings, and fragments"", URLs with subdomain",embedded in references,,
1301.3699,37,http://www.rzuser.uni-heidelberg.de/~ci3/chair.pdf,References,"""URLs with schemes such as http, https, ftp, sftp, git, magnet"", ""URLs with paths, query Strings, and fragments"", URLs with subdomain",embedded in references,,
1301.3699,38,http://www.bilkent.edu.tr/~sertoz,References,"""URLs with schemes such as http, https, ftp, sftp, git, magnet"", ""URLs with paths, query Strings, and fragments""",embedded in references,,
1301.3699,38,mailto:sertoz@bilkent.edu.tr,References,"""URLs with schemes such as http, https, ftp, sftp, git, magnet""",embedded in references,Hidden in annotation layers,
1301.3147,1,mailto:bono@roma2.infn.it,Title & Authors,"""URLs with schemes such as http, https, ftp, sftp, git, magnet""",,Hidden in annotation layers,
1301.3147,4,http://albione.oa-teramo.inaf.it/,Results and Discussion,"""URLs with schemes such as http, https, ftp, sftp, git, magnet"", URLs with trailing slashes, URLs with subdomain",embedded in footnotes,,
1301.3030,1,mailto:vonrohr@physik.uzh.ch,Title & Authors,"""URLs with schemes such as http, https, ftp, sftp, git, magnet""",,Hidden in annotation layers,
1301.3030,7,http://www.sciencedirect.com/science/article/pii/S0925838803008612,References,"""URLs with schemes such as http, https, ftp, sftp, git, magnet"", ""URLs with paths, query Strings, and fragments""",embedded in references,,
1301.3030,7,http://dx.doi.org/10.1023/B:INMA.0000027591.50936.18,References,"""URLs with schemes such as http, https, ftp, sftp, git, magnet"", ""URLs with paths, query Strings, and fragments""","embedded in references, split across lines",,
1301.3030,7,http://www.sciencedirect.com/science/article/pii/S0022369799004230,References,"""URLs with schemes such as http, https, ftp, sftp, git, magnet"", ""URLs with paths, query Strings, and fragments""","embedded in references, split across lines",,
1301.3030,7,http://www.sciencedirect.com/science/article/pii/0038109889902718,References,"""URLs with schemes such as http, https, ftp, sftp, git, magnet"", ""URLs with paths, query Strings, and fragments""","embedded in references, split across lines",,
1301.3030,7,http://link.aps.org/doi/10.1103/PhysRevB.76.045302,References,"""URLs with schemes such as http, https, ftp, sftp, git, magnet"", ""URLs with paths, query Strings, and fragments"", URLs with subdomain",embedded in references,,
1301.3030,7,http://link.aps.org/doi/10.1103/PhysRevLett.103.246601,References,"""URLs with schemes such as http, https, ftp, sftp, git, magnet"", ""URLs with paths, query Strings, and fragments""","embedded in references, split across lines",,
1301.3030,7,http://link.aps.org/doi/10.1103/PhysRevB.84.235206,References,"""URLs with schemes such as http, https, ftp, sftp, git, magnet"", ""URLs with paths, query Strings, and fragments"", URLs with subdomain",embedded in references,,
1301.2673,1,mailto:bhawna.gomber@cern.ch,Title & Authors,"""URLs with schemes such as http, https, ftp, sftp, git, magnet""",,Hidden in annotation layers,
1301.2673,6,http://cdsweb.cern.ch/record/1279341?ln=en.,References,"""URLs with schemes such as http, https, ftp, sftp, git, magnet"", URLs with subdomain, ""URLs with paths, query Strings, and fragments""",embedded in references,,
1301.2673,6,http://cdsweb.cern.ch/record/1278160?ln=en,References,"""URLs with schemes such as http, https, ftp, sftp, git, magnet"", URLs with subdomain, ""URLs with paths, query Strings, and fragments""",embedded in references,,
1301.1685,1,http://arxiv.org/abs/1301.1685v1,Title & Authors,"""URLs with schemes such as http, https, ftp, sftp, git, magnet"", ""URLs with paths, query Strings, and fragments""",,"Hidden in annotation layers, Hidden in metadata",
1301.1685,4,http://califa.caha.es/,Conclusions,"""URLs with schemes such as http, https, ftp, sftp, git, magnet"", URLs with subdomain, URLs with trailing slashes",,,
1208.3850,1,mailto:Anastasis.Georgoulas@ed.ac.uk,Title & Authors,"""URLs with schemes such as http, https, ftp, sftp, git, magnet""",,Hidden in annotation layers,
1208.3850,1,mailto:A.D.Clark@ed.ac.uk,Title & Authors,"""URLs with schemes such as http, https, ftp, sftp, git, magnet""",,Hidden in annotation layers,
1208.3850,1,mailto:A.Ocone@ed.ac.uk,Title & Authors,"""URLs with schemes such as http, https, ftp, sftp, git, magnet""",,Hidden in annotation layers,
1208.3850,1,mailto:Stephen.Gilmore@ed.ac.uk,Title & Authors,"""URLs with schemes such as http, https, ftp, sftp, git, magnet""",,Hidden in annotation layers,
1208.3850,1,mailto:G.Sanguinetti@ed.ac.uk,Title & Authors,"""URLs with schemes such as http, https, ftp, sftp, git, magnet""",,Hidden in annotation layers,
1208.3850,1,http://dx.doi.org/10.4204/EPTCS.92.3,Title & Authors,"""URLs with schemes such as http, https, ftp, sftp, git, magnet"", ""URLs with paths, query Strings, and fragments"", URLs with subdomain",embedded in footnotes,,
1208.3850,11,http://www.the-dream-project.org/challenges/dream6-estimation-model-parameters-challenge,References,"""URLs with schemes such as http, https, ftp, sftp, git, magnet"", ""URLs with paths, query Strings, and fragments""","embedded in references, split across lines",,
1208.3850,11,http://dx.doi.org/10.1109/QEST.2011.10,References,"""URLs with schemes such as http, https, ftp, sftp, git, magnet"", ""URLs with paths, query Strings, and fragments"", URLs with subdomain",embedded in references,Hidden in annotation layers,
1208.3850,11,http://dx.doi.org/10.1093/bioinformatics/btq694,References,"""URLs with schemes such as http, https, ftp, sftp, git, magnet"", ""URLs with paths, query Strings, and fragments"", URLs with subdomain",embedded in references,Hidden in annotation layers,
1208.3850,11,http://dx.doi.org/10.1039/C0MB00107D,References,"""URLs with schemes such as http, https, ftp, sftp, git, magnet"", ""URLs with paths, query Strings, and fragments"", URLs with subdomain",embedded in references,Hidden in annotation layers,
1208.3850,11,http://dx.doi.org/10.1371/journal.pcbi.0030189,References,"""URLs with schemes such as http, https, ftp, sftp, git, magnet"", ""URLs with paths, query Strings, and fragments"", URLs with subdomain",embedded in references,Hidden in annotation layers,
1208.3850,12,http://dx.doi.org/10.1093/bioinformatics/btl485,References,"""URLs with schemes such as http, https, ftp, sftp, git, magnet"", ""URLs with paths, query Strings, and fragments"", URLs with subdomain",embedded in references,Hidden in annotation layers,
1208.3850,12,http://dx.doi.org/10.1007/978-1-4419-7210-1_1,References,"""URLs with schemes such as http, https, ftp, sftp, git, magnet"", ""URLs with paths, query Strings, and fragments"", URLs with subdomain",embedded in references,Hidden in annotation layers,
1208.3850,12,http://dx.doi.org/10.1126/science.220.4598.671,References,"""URLs with schemes such as http, https, ftp, sftp, git, magnet"", ""URLs with paths, query Strings, and fragments"", URLs with subdomain",embedded in references,Hidden in annotation layers,
1208.3850,12,http://dx.doi.org/10.1186/1752-0509-6-39,References,"""URLs with schemes such as http, https, ftp, sftp, git, magnet"", ""URLs with paths, query Strings, and fragments"", URLs with subdomain",embedded in references,Hidden in annotation layers,
1208.3850,12,http://dx.doi.org/10.1093/bioinformatics/btm607,References,"""URLs with schemes such as http, https, ftp, sftp, git, magnet"", ""URLs with paths, query Strings, and fragments"", URLs with subdomain",embedded in references,Hidden in annotation layers,
1208.1491,1,mailto:Ashley.Ross@port.ac.uk,Title & Authors,"""URLs with schemes such as http, https, ftp, sftp, git, magnet""",embedded in footnotes,Hidden in annotation layers,
1208.1491,9,http://www.sdss3.org/,Conclusions,"""URLs with schemes such as http, https, ftp, sftp, git, magnet"", URLs with trailing slashes",,,
1208.1491,9,http://arxiv.org/abs/1207.7137,References,"""URLs with schemes such as http, https, ftp, sftp, git, magnet"", ""URLs with paths, query Strings, and fragments""",embedded in references,Hidden in annotation layers,
1208.1491,9,http://arxiv.org/abs/1203.6594,References,"""URLs with schemes such as http, https, ftp, sftp, git, magnet"", ""URLs with paths, query Strings, and fragments""",embedded in references,Hidden in annotation layers,
1208.1491,9,http://arxiv.org/abs/1207.7326,References,"""URLs with schemes such as http, https, ftp, sftp, git, magnet"", ""URLs with paths, query Strings, and fragments""",embedded in references,Hidden in annotation layers,
1208.1491,9,http://arxiv.org/abs/1208.0022,References,"""URLs with schemes such as http, https, ftp, sftp, git, magnet"", ""URLs with paths, query Strings, and fragments""",embedded in references,Hidden in annotation layers,
1208.1491,9,http://arxiv.org/abs/1110.3193,References,"""URLs with schemes such as http, https, ftp, sftp, git, magnet"", ""URLs with paths, query Strings, and fragments""",embedded in references,Hidden in annotation layers,
1208.1491,9,http://arxiv.org/abs/1206.0732,References,"""URLs with schemes such as http, https, ftp, sftp, git, magnet"", ""URLs with paths, query Strings, and fragments""",embedded in references,Hidden in annotation layers,
1208.1491,9,http://arxiv.org/abs/1203.6609,References,"""URLs with schemes such as http, https, ftp, sftp, git, magnet"", ""URLs with paths, query Strings, and fragments""",embedded in references,Hidden in annotation layers,
1208.1491,9,http://arxiv.org/abs/1204.3609,References,"""URLs with schemes such as http, https, ftp, sftp, git, magnet"", ""URLs with paths, query Strings, and fragments""",embedded in references,Hidden in annotation layers,
1208.1491,9,http://arxiv.org/abs/1202.6057,References,"""URLs with schemes such as http, https, ftp, sftp, git, magnet"", ""URLs with paths, query Strings, and fragments""",embedded in references,Hidden in annotation layers,
1208.1491,10,http://arxiv.org/abs/astro-ph/0604069,References,"""URLs with schemes such as http, https, ftp, sftp, git, magnet"", ""URLs with paths, query Strings, and fragments""",embedded in references,Hidden in annotation layers,
1208.1491,10,http://arxiv.org/abs/1203.6641,References,"""URLs with schemes such as http, https, ftp, sftp, git, magnet"", ""URLs with paths, query Strings, and fragments""",embedded in references,Hidden in annotation layers,
1208.1491,10,http://arxiv.org/abs/1203.6499,References,"""URLs with schemes such as http, https, ftp, sftp, git, magnet"", ""URLs with paths, query Strings, and fragments""",embedded in references,Hidden in annotation layers,
1208.1491,10,http://arxiv.org/abs/1203.6616,References,"""URLs with schemes such as http, https, ftp, sftp, git, magnet"", ""URLs with paths, query Strings, and fragments""",embedded in references,Hidden in annotation layers,
1208.1491,10,http://arxiv.org/abs/1203.6565,References,"""URLs with schemes such as http, https, ftp, sftp, git, magnet"", ""URLs with paths, query Strings, and fragments""",embedded in references,Hidden in annotation layers,
1208.0647,1,http://arxiv.org/abs/1208.0647v2,Title & Authors,"""URLs with schemes such as http, https, ftp, sftp, git, magnet"", ""URLs with paths, query Strings, and fragments""",,"Hidden in annotation layers, Hidden in metadata",
1208.0647,4,http://www.aviso.oceanobs.com,Methodology,"""URLs with schemes such as http, https, ftp, sftp, git, magnet"", URLs with subdomain",,,
1208.0647,4,http://oceancolor.gsfc.nasa.gov,Methodology,"""URLs with schemes such as http, https, ftp, sftp, git, magnet"", URLs with subdomain",,,
1208.0647,4,http://dynalab.poi.dvo.ru/data/GRL12/2002,Results and Discussion,"""URLs with schemes such as http, https, ftp, sftp, git, magnet"", ""URLs with paths, query Strings, and fragments"", URLs with subdomain",,,
1208.0647,7,http://dynalab.poi.dvo.ru/data/GRL12/2004,Results and Discussion,"""URLs with schemes such as http, https, ftp, sftp, git, magnet"", ""URLs with paths, query Strings, and fragments"", URLs with subdomain",,,
1208.0647,8,http://dynalab.poi.dvo.ru/data/GRL12/2002,Results and Discussion,"""URLs with schemes such as http, https, ftp, sftp, git, magnet"", ""URLs with paths, query Strings, and fragments"", URLs with subdomain",,,
1208.0647,11,http://gmplib.org,Related Works & Background,"""URLs with schemes such as http, https, ftp, sftp, git, magnet""",,,
1208.0647,12,mailto:prants@poi.dvo.ru,References,"""URLs with schemes such as http, https, ftp, sftp, git, magnet""",embedded in references,Hidden in annotation layers,
1208.0195,1,http://arxiv.org/abs/1208.0195v1,Title & Authors,"""URLs with schemes such as http, https, ftp, sftp, git, magnet"", ""URLs with paths, query Strings, and fragments""",,"Hidden in annotation layers, Hidden in metadata",
1208.0195,4,http://wwwuser.oat.ts.astro.it/castelli/linelists.html,Results and Discussion,"""URLs with schemes such as http, https, ftp, sftp, git, magnet"", URLs with subdomain, ""URLs with paths, query Strings, and fragments""",embedded in footnotes,,
1208.0195,12,http://arxiv.org/abs/astro-ph/0405087,References,"""URLs with schemes such as http, https, ftp, sftp, git, magnet"", ""URLs with paths, query Strings, and fragments""",embedded in references,Hidden in annotation layers,
1112.5650,1,http://arxiv.org/abs/1112.5650v1,Title & Authors,"""URLs with schemes such as http, https, ftp, sftp, git, magnet"", ""URLs with paths, query Strings, and fragments""",,"Hidden in annotation layers, Hidden in metadata",
1112.5650,10,http://albione.oa-teramo.inaf.it/,References,"""URLs with schemes such as http, https, ftp, sftp, git, magnet"", URLs with subdomain, URLs with trailing slashes",embedded in references,,
1112.5650,10,http://www.astro.yale.edu/demarque/yyiso.html,References,"""URLs with schemes such as http, https, ftp, sftp, git, magnet"", URLs with subdomain, ""URLs with paths, query Strings, and fragments""",embedded in references,,
1112.5650,10,http://stellar.dartmouth.edu/~models/isolf.html,References,"""URLs with schemes such as http, https, ftp, sftp, git, magnet"", URLs with subdomain, ""URLs with paths, query Strings, and fragments""",embedded in references,,
1112.5650,10,http://www.ari.uni-heidelberg.de/datenbanken/aricns/,References,"""URLs with schemes such as http, https, ftp, sftp, git, magnet"", URLs with subdomain, ""URLs with paths, query Strings, and fragments"", URLs with trailing slashes",embedded in references,,
1112.5650,10,http://webast.ast.obs-mip.fr/equipe/stellar,References,"""URLs with schemes such as http, https, ftp, sftp, git, magnet"", URLs with subdomain, ""URLs with paths, query Strings, and fragments""",embedded in references,,
1112.5650,10,http://stev.oapd.inaf.it/cmd,References,"""URLs with schemes such as http, https, ftp, sftp, git, magnet"", URLs with subdomain, ""URLs with paths, query Strings, and fragments""",embedded in references,,
1112.5650,10,http://www.astro.ulb.ac.be/~siess/WWWTools/Isochrone,References,"""URLs with schemes such as http, https, ftp, sftp, git, magnet"", URLs with subdomain, ""URLs with paths, query Strings, and fragments""",embedded in references,,
1112.5418,1,http://arxiv.org/abs/1112.5418v3,Title & Authors,"""URLs with schemes such as http, https, ftp, sftp, git, magnet"", ""URLs with paths, query Strings, and fragments""",,"Hidden in annotation layers, Hidden in metadata",
1112.5418,5,mailto:sethna@lassp.cornell.edu,Conclusions,"""URLs with schemes such as http, https, ftp, sftp, git, magnet""",,Hidden in annotation layers,
1112.5418,7,http://sloppycell.sourceforge.net,References,"""URLs with schemes such as http, https, ftp, sftp, git, magnet"", URLs with subdomain",embedded in references,,
1112.4578,21,mailto:sladra@udc.es,Related Works & Background,"""URLs with schemes such as http, https, ftp, sftp, git, magnet""",embedded in footnotes,Hidden in annotation layers,
1112.4578,31,mailto:darroyue@dcc.uchile.cl,Related Works & Background,"""URLs with schemes such as http, https, ftp, sftp, git, magnet""",embedded in footnotes,Hidden in annotation layers,
1112.4578,14,http://pizzachili.dcc.uchile.cl/repcorpus.html,Introduction,"""URLs with schemes such as http, https, ftp, sftp, git, magnet"", URLs with subdomain, ""URLs with paths, query Strings, and fragments""",split across lines,,
1112.4578,23,http://code.google.com/p/libcds,Related Works & Background,"""URLs with schemes such as http, https, ftp, sftp, git, magnet"", URLs with subdomain, ""URLs with paths, query Strings, and fragments""",,,
1112.4578,28,http://pizzachili.dcc.uchile.cl/indexes/LZ77-index,Related Works & Background,"""URLs with schemes such as http, https, ftp, sftp, git, magnet"", URLs with subdomain, ""URLs with paths, query Strings, and fragments""",embedded in footnotes,,
1112.4578,31,http://code.google.com/p/libcds,Related Works & Background,"""URLs with schemes such as http, https, ftp, sftp, git, magnet"", URLs with subdomain, ""URLs with paths, query Strings, and fragments""",,,
1112.4578,33,http://code.google.com/p/libcds,Related Works & Background,"""URLs with schemes such as http, https, ftp, sftp, git, magnet"", URLs with subdomain, ""URLs with paths, query Strings, and fragments""",,,
1112.4578,46,http://pizzachili.dcc.uchile.cl/repcorpus.html,Methodology,"""URLs with schemes such as http, https, ftp, sftp, git, magnet"", URLs with subdomain, ""URLs with paths, query Strings, and fragments""",,,
1112.4578,48,http://dblp.uni-trier.de,Methodology,"""URLs with schemes such as http, https, ftp, sftp, git, magnet"", URLs with subdomain",split across lines,,
1112.4578,48,http://pizzachili.dcc.uchile.cl,Methodology,"""URLs with schemes such as http, https, ftp, sftp, git, magnet"", URLs with subdomain",embedded in footnotes,,
1112.4578,49,http://www.sanger.ac.uk/Teams/Team71/durbin/sgrp,Methodology,"""URLs with schemes such as http, https, ftp, sftp, git, magnet"", ""URLs with paths, query Strings, and fragments"", URLs with subdomain",embedded in footnotes,,
1112.4578,49,http://www.ncbi.nlm.nih.gov,Methodology,"""URLs with schemes such as http, https, ftp, sftp, git, magnet"", URLs with subdomain",embedded in footnotes,,
1112.4578,49,ftp://ftp.ncbi.nih.gov/genomes/INFLUENZA/influenza.fna.gz,Methodology,"""URLs with schemes such as http, https, ftp, sftp, git, magnet"", URLs with subdomain, ""URLs with paths, query Strings, and fragments""",embedded in footnotes,,
1112.4578,50,ftp://mirrors.kernel.org/gnu/coreutils,Methodology,"""URLs with schemes such as http, https, ftp, sftp, git, magnet"", URLs with subdomain, ""URLs with paths, query Strings, and fragments""",embedded in footnotes,,
1112.4578,50,ftp://ftp.kernel.org/pub/linux/kernel,Methodology,"""URLs with schemes such as http, https, ftp, sftp, git, magnet"", ""URLs with paths, query Strings, and fragments"", URLs with subdomain",embedded in footnotes,,
1112.4578,50,https://www.cia.gov/library/publications/world-leaders-1,Methodology,"""URLs with schemes such as http, https, ftp, sftp, git, magnet""",embedded in footnotes,,
1112.4578,51,http://www.gzip.org,Methodology,"""URLs with schemes such as http, https, ftp, sftp, git, magnet""",embedded in footnotes,,
1112.4578,51,http://www.bzip.org,Methodology,"""URLs with schemes such as http, https, ftp, sftp, git, magnet""",embedded in footnotes,,
1112.4578,51,http://pizzachili.dcc.uchile.cl/utils/ppmdi.tar.gz,Methodology,"""URLs with schemes such as http, https, ftp, sftp, git, magnet"", URLs with subdomain, ""URLs with paths, query Strings, and fragments""",embedded in footnotes,,
1112.4578,51,http://www.7-zip.org,Methodology,"""URLs with schemes such as http, https, ftp, sftp, git, magnet""",embedded in footnotes,,
1112.4578,51,http://www.cbrc.jp/~rwan/en/restore.html,Methodology,"""URLs with schemes such as http, https, ftp, sftp, git, magnet"", URLs with subdomain, ""URLs with paths, query Strings, and fragments""",embedded in footnotes,,
1112.4578,72,http://corpus.canterbury.ac.nz,Results and Discussion,"""URLs with schemes such as http, https, ftp, sftp, git, magnet"", URLs with subdomain",split across lines,,
1112.4578,72,http://pizzachili.dcc.uchile.cl,Results and Discussion,"""URLs with schemes such as http, https, ftp, sftp, git, magnet"", URLs with subdomain",split across lines,,
1112.4578,74,http://code.google.com/p/libdivsufsort,Results and Discussion,"""URLs with schemes such as http, https, ftp, sftp, git, magnet"", URLs with subdomain, ""URLs with paths, query Strings, and fragments""",,,
1112.4578,117,http://pizzachili.dcc.uchile.cl/repcorpus.html,Conclusions,"""URLs with schemes such as http, https, ftp, sftp, git, magnet"", URLs with subdomain, ""URLs with paths, query Strings, and fragments""",split across lines,,
1112.4578,117,http://pizzachili.dcc.uchile.cl/indexes/LZ77-index,Conclusions,"""URLs with schemes such as http, https, ftp, sftp, git, magnet"", URLs with subdomain, ""URLs with paths, query Strings, and fragments""",split across lines,,
1112.4070,1,http://arxiv.org/abs/1112.4070v2,Title & Authors,"""URLs with schemes such as http, https, ftp, sftp, git, magnet"", ""URLs with paths, query Strings, and fragments""",,"Hidden in annotation layers, Hidden in metadata",
1112.4070,1,mailto:klassm@mcmaster.ca,Title & Authors,"""URLs with schemes such as http, https, ftp, sftp, git, magnet""",embedded in footnotes,Hidden in annotation layers,
1112.4070,12,www.sharcnet.ca,Conclusions,URLs without scheme,,,
1112.0193,1,http://arxiv.org/abs/1112.0193v1,References,"""URLs with schemes such as http, https, ftp, sftp, git, magnet"", ""URLs with paths, query Strings, and fragments""",embedded in references,"Hidden in annotation layers, Hidden in metadata",
1112.0193,81,http://arxiv.org/abs/hep-ph/0507056,References,"""URLs with schemes such as http, https, ftp, sftp, git, magnet"", ""URLs with paths, query Strings, and fragments""",embedded in references,Hidden in annotation layers,
1112.0193,81,http://arxiv.org/abs/hep-ph/9805500,References,"""URLs with schemes such as http, https, ftp, sftp, git, magnet"", ""URLs with paths, query Strings, and fragments""",embedded in references,Hidden in annotation layers,
1112.0193,81,http://arxiv.org/abs/hep-ph/9501357,References,"""URLs with schemes such as http, https, ftp, sftp, git, magnet"", ""URLs with paths, query Strings, and fragments""",embedded in references,Hidden in annotation layers,
1112.0193,81,http://arxiv.org/abs/hep-ph/0210398,References,"""URLs with schemes such as http, https, ftp, sftp, git, magnet"", ""URLs with paths, query Strings, and fragments""",embedded in references,Hidden in annotation layers,
1112.0193,81,http://www.kph.uni-mainz.de/T/80.php,References,"""URLs with schemes such as http, https, ftp, sftp, git, magnet"", ""URLs with paths, query Strings, and fragments""",embedded in references,,
1112.0193,81,http://arxiv.org/abs/hep-ph/9406283,References,"""URLs with schemes such as http, https, ftp, sftp, git, magnet"", ""URLs with paths, query Strings, and fragments""",embedded in references,Hidden in annotation layers,
1112.0193,81,http://arxiv.org/abs/hep-ph/9311274,References,"""URLs with schemes such as http, https, ftp, sftp, git, magnet"", ""URLs with paths, query Strings, and fragments""",embedded in references,Hidden in annotation layers,
1112.0193,81,http://arxiv.org/abs/hep-ph/9409402,References,"""URLs with schemes such as http, https, ftp, sftp, git, magnet"", ""URLs with paths, query Strings, and fragments""",embedded in references,Hidden in annotation layers,
1112.0193,81,http://arxiv.org/abs/hep-ph/0101264,References,"""URLs with schemes such as http, https, ftp, sftp, git, magnet"", ""URLs with paths, query Strings, and fragments""",embedded in references,Hidden in annotation layers,
1112.0193,81,http://arxiv.org/abs/hep-ph/9902437,References,"""URLs with schemes such as http, https, ftp, sftp, git, magnet"", ""URLs with paths, query Strings, and fragments""",embedded in references,Hidden in annotation layers,
1112.0193,81,http://arxiv.org/abs/hep-lat/0311023,References,"""URLs with schemes such as http, https, ftp, sftp, git, magnet"", ""URLs with paths, query Strings, and fragments""",embedded in references,Hidden in annotation layers,
1112.0193,81,http://arxiv.org/abs/hep-ph/0703274,References,"""URLs with schemes such as http, https, ftp, sftp, git, magnet"", ""URLs with paths, query Strings, and fragments""",embedded in references,Hidden in annotation layers,
1112.0193,81,http://arxiv.org/abs/hep-ph/0703297,References,"""URLs with schemes such as http, https, ftp, sftp, git, magnet"", ""URLs with paths, query Strings, and fragments""",embedded in references,Hidden in annotation layers,
1112.0193,81,http://arxiv.org/abs/hep-ph/9501384,References,"""URLs with schemes such as http, https, ftp, sftp, git, magnet"", ""URLs with paths, query Strings, and fragments""",embedded in references,Hidden in annotation layers,
1112.0193,82,http://arxiv.org/abs/hep-ph/0103263,References,"""URLs with schemes such as http, https, ftp, sftp, git, magnet"", ""URLs with paths, query Strings, and fragments""",embedded in references,Hidden in annotation layers,
1112.0193,82,http://arxiv.org/abs/hep-lat/0603001,References,"""URLs with schemes such as http, https, ftp, sftp, git, magnet"", ""URLs with paths, query Strings, and fragments""",embedded in references,Hidden in annotation layers,
1112.0193,82,http://arxiv.org/abs/hep-lat/0610105,References,"""URLs with schemes such as http, https, ftp, sftp, git, magnet"", ""URLs with paths, query Strings, and fragments""",embedded in references,Hidden in annotation layers,
1112.0193,82,http://arxiv.org/abs/astro-ph/0402514,References,"""URLs with schemes such as http, https, ftp, sftp, git, magnet"", ""URLs with paths, query Strings, and fragments""",embedded in references,Hidden in annotation layers,
1112.0193,82,http://arxiv.org/abs/astro-ph/9912358,References,"""URLs with schemes such as http, https, ftp, sftp, git, magnet"", ""URLs with paths, query Strings, and fragments""",embedded in references,Hidden in annotation layers,
1112.0193,82,http://arxiv.org/abs/astro-ph/9912301,References,"""URLs with schemes such as http, https, ftp, sftp, git, magnet"", ""URLs with paths, query Strings, and fragments""",embedded in references,Hidden in annotation layers,
1112.0193,82,http://arxiv.org/abs/cond-mat/0606766,References,"""URLs with schemes such as http, https, ftp, sftp, git, magnet"", ""URLs with paths, query Strings, and fragments""",embedded in references,Hidden in annotation layers,
1112.0193,83,http://arxiv.org/abs/cond-mat/0612363,References,"""URLs with schemes such as http, https, ftp, sftp, git, magnet"", ""URLs with paths, query Strings, and fragments""",embedded in references,Hidden in annotation layers,
1112.0193,83,http://arxiv.org/abs/cond-mat/0612363,References,"""URLs with schemes such as http, https, ftp, sftp, git, magnet"", ""URLs with paths, query Strings, and fragments""",embedded in references,Hidden in annotation layers,
1010.4795,5,mailto:jsnyder@caltech.edu,References,"""URLs with schemes such as http, https, ftp, sftp, git, magnet""",embedded in references,Hidden in annotation layers,
1010.4795,5,mailto:avdw@caltech.edu,References,"""URLs with schemes such as http, https, ftp, sftp, git, magnet""",embedded in references,Hidden in annotation layers,
1010.4795,5,http://pubs.acs.org/doi/pdf/10.1021/ja044980p,References,"""URLs with schemes such as http, https, ftp, sftp, git, magnet"", ""URLs with paths, query Strings, and fragments""",embedded in references,,
1010.4795,5,http://pubs.acs.org/doi/pdf/10.1021/cm062384j,References,"""URLs with schemes such as http, https, ftp, sftp, git, magnet"", ""URLs with paths, query Strings, and fragments""",embedded in references,,
1010.4795,5,http://pubs.acs.org/doi/pdf/10.1021/ja1035122,References,"""URLs with schemes such as http, https, ftp, sftp, git, magnet"", ""URLs with paths, query Strings, and fragments""",embedded in references,,
1010.4423,3,http://nbp-www.upb.de,Related Works & Background,"""URLs with schemes such as http, https, ftp, sftp, git, magnet""",embedded in footnotes,,
1010.4423,17,http://www.cs.uni-paderborn.de/fileadmin/Informatik/AG- Wehrheim/Personen/Dominik Steenken/ShapeAnalysis2010TR.pdf,References,"""URLs with schemes such as http, https, ftp, sftp, git, magnet"", URLs with subdomain, ""URLs with paths, query Strings, and fragments""",embedded in references,,
1010.4069,1,http://arxiv.org/abs/1010.4069v1,Title & Authors,"""URLs with schemes such as http, https, ftp, sftp, git, magnet"", ""URLs with paths, query Strings, and fragments""",,"Hidden in annotation layers, Hidden in metadata",
1010.4069,16,http://www.detectors.saint-gobain.com/,References,"""URLs with schemes such as http, https, ftp, sftp, git, magnet"", URLs with subdomain, URLs with trailing slashes",embedded in references,,*1010.4201
1010.4069,18,http://www.ortec-online.com/,References,"""URLs with schemes such as http, https, ftp, sftp, git, magnet"", URLs with trailing slashes",embedded in references,,
1010.2911,1,http://arxiv.org/abs/1010.2911v2,Title & Authors,"""URLs with schemes such as http, https, ftp, sftp, git, magnet"", ""URLs with paths, query Strings, and fragments""",,"Hidden in annotation layers, Hidden in metadata",
1010.2911,8,mailto:bjoern.ahrens@uni-oldenburg.de,References,"""URLs with schemes such as http, https, ftp, sftp, git, magnet""",embedded in references,Hidden in annotation layers,
1010.2911,8,mailto:a.hartmann@uni-oldenburg.de,References,"""URLs with schemes such as http, https, ftp, sftp, git, magnet""",embedded in references,Hidden in annotation layers,
1010.2911,8,http://dx.doi.org/10.1007/BF01023476,References,"""URLs with schemes such as http, https, ftp, sftp, git, magnet"", ""URLs with paths, query Strings, and fragments"", URLs with subdomain",embedded in references,,
1010.2911,8,http://www.papercore.org/Ahrens2010,References,"""URLs with schemes such as http, https, ftp, sftp, git, magnet"", ""URLs with paths, query Strings, and fragments""",embedded in references,,
1010.2911,8,http://www.thp.uni-duisburg.de/fsscale/,References,"""URLs with schemes such as http, https, ftp, sftp, git, magnet"", ""URLs with paths, query Strings, and fragments"", URLs with subdomain, URLs with trailing slashes",embedded in references,,
1010.2693,1,http://arxiv.org/abs/1010.2693v1,Title & Authors,"""URLs with schemes such as http, https, ftp, sftp, git, magnet"", ""URLs with paths, query Strings, and fragments""",,"Hidden in annotation layers, Hidden in metadata",
1010.2693,6,http://www.slac.stanford.edu/xorg/hfag,References,"""URLs with schemes such as http, https, ftp, sftp, git, magnet"", ""URLs with paths, query Strings, and fragments"", URLs with subdomain",embedded in references,,
1010.1422,7,www.ub.tuwien.ac.at/diss/AC05035480.pdf,References,"URLs with subdomain, ""URLs with paths, query Strings, and fragments"", URLs without scheme",embedded in references,,
1010.1422,1,mailto:bmm32@cam.ac.uk,Title & Authors,"""URLs with schemes such as http, https, ftp, sftp, git, magnet""",embedded in footnotes,Hidden in annotation layers,
1010.1154,1,http://arxiv.org/abs/1010.1154v1,Title & Authors,"""URLs with schemes such as http, https, ftp, sftp, git, magnet"", ""URLs with paths, query Strings, and fragments""",,"Hidden in annotation layers, Hidden in metadata",
1010.1154,1,mailto:bmm32@cam.ac.uk,Title & Authors,"""URLs with schemes such as http, https, ftp, sftp, git, magnet""",embedded in footnotes,Hidden in annotation layers,
1010.1154,1,mailto:wynnho@slac.stanford.edu,Title & Authors,"""URLs with schemes such as http, https, ftp, sftp, git, magnet""",embedded in footnotes,Hidden in annotation layers,
1010.1154,2,http://cdsweb.u-strasbg.fr/topbase/op.html,Methodology,"""URLs with schemes such as http, https, ftp, sftp, git, magnet"", URLs with subdomain, ""URLs with paths, query Strings, and fragments""",embedded in footnotes,,
1010.1154,12,http://arxiv.org/abs/1008.1993,References,"""URLs with schemes such as http, https, ftp, sftp, git, magnet"", ""URLs with paths, query Strings, and fragments""",embedded in references,Hidden in annotation layers,
1010.1154,12,http://arxiv.org/abs/astro-ph/0611014,References,"""URLs with schemes such as http, https, ftp, sftp, git, magnet"", ""URLs with paths, query Strings, and fragments""",embedded in references,Hidden in annotation layers,
0904.1388,1,http://arxiv.org/abs/0904.1388v1,Title & Authors,"""URLs with schemes such as http, https, ftp, sftp, git, magnet"", ""URLs with paths, query Strings, and fragments""",,"Hidden in annotation layers, Hidden in metadata",
0904.1388,1,mailto:lnittler@ciw.edu,Title & Authors,"""URLs with schemes such as http, https, ftp, sftp, git, magnet""",,Hidden in annotation layers,
0904.1388,3,www.publish.csiro.au/journals/pasa,Results and Discussion,"""URLs with schemes such as http, https, ftp, sftp, git, magnet"", URLs with subdomain, ""URLs with paths, query Strings, and fragments""",,Hidden in annotation layers,
0904.1388,4,www.publish.csiro.au/journals/pasa,Results and Discussion,"""URLs with schemes such as http, https, ftp, sftp, git, magnet"", URLs with subdomain, ""URLs with paths, query Strings, and fragments""",,,
0904.1388,5,www.publish.csiro.au/journals/pasa,Conclusions,"""URLs with schemes such as http, https, ftp, sftp, git, magnet"", URLs with subdomain, ""URLs with paths, query Strings, and fragments""",,,
0904.1205,1,http://arxiv.org/abs/0904.1205v2,Title & Authors,"""URLs with schemes such as http, https, ftp, sftp, git, magnet"", ""URLs with paths, query Strings, and fragments""",,"Hidden in annotation layers, Hidden in metadata",
0904.1205,3,http://www.noao.edu/staff/pope/DATA/SCUBA.html,Results and Discussion,"""URLs with schemes such as http, https, ftp, sftp, git, magnet"", ""URLs with paths, query Strings, and fragments""",embedded in footnotes,,
0904.1205,2,http://blastexperiment.info/,Results and Discussion,"""URLs with schemes such as http, https, ftp, sftp, git, magnet"", URLs with trailing slashes",embedded in footnotes,,
0806.3260,1,mailto:yaugen.vecharynski@ucdenver.edu,Title & Authors,"""URLs with schemes such as http, https, ftp, sftp, git, magnet""",embedded in footnotes,Hidden in annotation layers,
0806.3260,1,mailto:julien.langou@ucdenver.edu,Title & Authors,"""URLs with schemes such as http, https, ftp, sftp, git, magnet""",embedded in footnotes,Hidden in annotation layers,
0806.3260,10,http://hdl.handle.net/1903/1168,References,"""URLs with schemes such as http, https, ftp, sftp, git, magnet"", URLs with subdomain, ""URLs with paths, query Strings, and fragments""",embedded in references,,